return_1d,ma_5,ma_20,ma_50,volatility_10d,volume_change,rsi_14,macd,macd_signal,target,Date
-0.007523807317785902,1204.183984375,1206.58349609375,1194.7961987304689,0.006367593206365065,0.05294170846580348,53.61035508737041,2.8077750459140134,4.555854841109115,0,2005-03-15
-0.00808186492251095,1200.3959716796876,1205.4809936523438,1194.5159985351563,0.00673244342862678,0.09227435201152279,43.717002391318914,1.103743233425348,3.865432519572362,1,2005-03-16
0.0018012530786775116,1196.5879638671875,1204.4744934082032,1194.5591967773437,0.006800476516187392,-0.043104543337426415,37.90860250305871,-0.07318927714982237,3.077708160227925,0,2005-03-17
-0.00047045188816641215,1194.5019775390624,1203.9194946289062,1194.6773974609375,0.005577648704490212,0.4819682286826852,41.31280236203473,-1.0391206331494232,2.2543424015524556,0,2005-03-18
-0.004934220146028734,1189.8919921875,1203.0289978027345,1194.5951977539062,0.0052859095336054655,-0.22391090143620673,33.21995517178253,-2.25232434724785,1.3530090517923945,0,2005-03-21
-0.010196208806246054,1184.683984375,1202.406494140625,1194.3055981445314,0.005700554203855979,0.1621542892318515,28.938463785712088,-4.140027019756644,0.2544018374825867,1,2005-03-22
0.0006998902345414226,1181.5760009765625,1201.4929931640625,1193.9511987304688,0.005413808535089505,0.06261616386139313,29.272381938127396,-5.506397996390206,-0.8977581292919717,0,2005-03-23
-0.0009466583574222476,1177.818017578125,1200.0539978027343,1193.7197998046875,0.005210073112369132,-0.2337251376359113,18.696091288683874,-6.6027114335195165,-2.038748790137481,1,2005-03-24
0.002441468682685466,1174.7440185546875,1198.1994995117188,1193.4514013671876,0.005229053618664556,0.014229956090421103,18.363337500718956,-7.158254908256595,-3.0626500137613037,0,2005-03-28
-0.007596181253847534,1171.060009765625,1196.2875,1193.2096020507813,0.004685637705877992,0.2731786372851073,17.696290786038304,-8.223504670047078,-4.0948209450184585,1,2005-03-29
0.013772610206178593,1173.0000244140624,1194.8375,1193.14740234375,0.006940798294394539,-0.05673675924884736,35.3413194245429,-7.684041133365099,-4.812664982687787,0,2005-03-30
-0.0006941437228814573,1174.61201171875,1193.3630004882812,1192.8396020507812,0.0065255203316201315,0.055848286451354534,33.317843668066416,-7.239235654566073,-5.297979117063445,0,2005-03-31
-0.006496685637735977,1174.91201171875,1191.4855041503906,1192.6054028320314,0.006709508275900443,-0.020566969104383936,33.91003260023777,-7.420088541210134,-5.722401001892783,1,2005-04-01
0.002728192077877223,1175.2800048828126,1189.1855041503907,1192.6196020507812,0.006836026681677372,-0.04100171071015224,31.00808667661144,-7.221956224542737,-6.022312046422774,1,2005-04-04
0.004480851914030248,1178.4860107421875,1186.989501953125,1192.8900024414063,0.006900721081079482,-0.10047745664184016,39.382170863221006,-6.564022438626125,-6.130654124863445,1,2005-04-05
0.002268456316200096,1179.0179931640625,1185.2214965820312,1193.2964013671874,0.005951007271554832,-0.03923455206328841,47.14449045607284,-5.759959855095985,-6.056515270909953,1,2005-04-06
0.005970988776071051,1181.1280029296875,1184.427996826172,1193.7510009765624,0.006145270424058428,0.05742739512629358,50.620283153275636,-4.500361667193829,-5.745284550166729,0,2005-04-07
-0.008345000045604456,1182.783984375,1183.0254943847656,1193.8936010742189,0.006885717444348404,-0.12590102177184292,44.99107810887746,-4.255150353808858,-5.447257710895155,1,2005-04-08
8.474234709510142e-06,1183.8019775390626,1182.0819946289062,1194.0267993164061,0.006866312762016598,-0.08187416106372603,48.36281011272302,-4.013742986191801,-5.160554765954484,1,2005-04-11
0.005545202838389773,1185.0759765625,1181.1284973144532,1194.3547998046874,0.006360187651642923,0.29798532757275575,60.99767135295731,-3.256354481271728,-4.7797147090179335,0,2005-04-12
-0.011761610584853477,1183.0199951171876,1179.9304992675782,1194.2052001953125,0.006198290401155268,0.0353111125702712,50.73154206402304,-3.7402630935491743,-4.571824385924182,0,2005-04-13
-0.010001780423824047,1177.202001953125,1178.6295043945313,1193.6580004882812,0.006871365518185639,0.14894571994496864,45.15763137209382,-5.013293129345811,-4.660118134608508,0,2005-04-14
-0.016720496445511768,1169.4860107421875,1176.2500061035157,1192.6466015625,0.008299612990003516,0.14221414498267548,36.030717889001515,-7.503525583000965,-5.228799624286999,1,2005-04-15
0.0029405973691347675,1162.4400146484375,1174.06650390625,1191.7684008789063,0.00831497242449565,-0.18932995286175258,41.0078038358759,-9.101019123113247,-6.003243524052249,1,2005-04-18
0.00593382863926073,1155.4440185546875,1172.51650390625,1190.7634008789062,0.008463079772362745,-0.01741207977364756,35.46849732650141,-9.706447270836406,-6.743884273409081,0,2005-04-19
-0.0132549392846395,1148.1860107421876,1170.806005859375,1189.4790014648438,0.008919704826098496,0.03469921127549358,30.928595895406673,-11.289090495489063,-7.652925517825078,1,2005-04-20
0.019736220810439464,1147.7659912109375,1170.177001953125,1188.6319995117187,0.011354008925774617,0.04127556888658357,44.92364760078317,-10.609523236187215,-8.244245061497505,0,2005-04-21
-0.006750253359446234,1149.6659912109376,1169.2119995117187,1187.834599609375,0.011275150895291523,-0.11378521675849884,40.93519527727215,-10.580804376581682,-8.71155692451434,1,2005-04-22
0.008662275206615888,1152.889990234375,1168.6029968261719,1187.1363989257814,0.011803048956381585,-0.12261227442469746,42.96446615531743,-9.641601080220426,-8.897565755655558,0,2005-04-25
-0.00883746643749117,1152.6999755859374,1167.926495361328,1186.0669970703125,0.011716062429610721,0.09175891210731857,38.8581866657667,-9.615143063282176,-9.041081217180881,1,2005-04-26
0.00395027825436145,1156.4759765625,1166.6749938964845,1185.071796875,0.01146210074231449,0.0978599201934951,37.77434877586349,-9.12187270972504,-9.057239515689714,0,2005-04-27
-0.011380371611511175,1153.12998046875,1164.806494140625,1183.7337963867187,0.011584235925331445,0.014292221313304099,36.93769868525568,-9.68125766403864,-9.1820431453595,1,2005-04-28
0.011922469194121543,1154.0759765625,1164.0029907226562,1182.6639965820314,0.010946000672050411,0.08252416062173795,42.33963312908964,-8.921900669911338,-9.13001465026987,1,2005-04-29
0.004590101314615458,1154.08798828125,1163.3049926757812,1181.892197265625,0.01098595577466574,-0.1618381618381618,41.88642425433564,-7.801694354556275,-8.86435059112715,0,2005-05-02
-0.0008518536219271899,1155.956005859375,1162.293994140625,1181.083798828125,0.010887853520350146,0.09443243570836946,45.64166945606341,-6.914105216156486,-8.474301516133018,1,2005-05-03
0.012470163645930121,1159.810009765625,1161.872998046875,1180.9135986328124,0.010222416342840036,0.06435565892331407,54.609531769115875,-4.984809241656194,-7.776403061237653,0,2005-05-04
-0.002568808292038427,1165.6920166015625,1160.9474975585938,1180.5501977539063,0.008545982644078453,-0.1341351323228469,61.4445828608245,-3.6573588625133198,-6.952594221492787,0,2005-05-05
-0.0010915883881061905,1168.5920166015626,1160.4549987792968,1179.9731982421874,0.008144835892429786,-0.14516048269991488,59.831033618255184,-2.6777649325933908,-6.097628363712908,1,2005-05-06
0.006394323123307677,1171.9280029296874,1160.3364990234375,1179.32259765625,0.007958455000660948,0.0877577319587628,60.04468003617314,-1.2822688727048899,-5.134556465511305,0,2005-05-09
-0.010705435413708386,1172.93798828125,1159.2594970703126,1178.5749975585939,0.00824380641927387,0.01757654737159542,61.30173046549253,-1.1810420103718116,-4.343853574483407,1,2005-05-10
0.004193046570356129,1172.02998046875,1159.1254943847657,1177.7889965820314,0.008252919301867171,-0.028941714382481498,55.09590033722583,-0.6981874082655395,-3.6147203412398334,0,2005-05-11
-0.010033216475797246,1169.3759765625,1158.9909912109374,1176.7745971679688,0.0080309962945524,0.08736927579197484,53.1916679761241,-1.249247906236178,-3.1416258542391025,0,2005-05-12
-0.004580058472371085,1165.9159912109376,1159.5624938964843,1175.6461987304688,0.007297876705177773,0.09687814803863093,46.298888403726195,-2.090338698182677,-2.9313684230278176,1,2005-05-13
0.01008612459220859,1163.285986328125,1160.5479919433594,1174.51759765625,0.00788367662236728,-0.15157247360172532,56.293128389995374,-1.7969530024706728,-2.7044853389163888,1,2005-05-16
0.006957345288654659,1164.802001953125,1161.5989929199218,1173.4873974609375,0.008136187692480035,0.016371724308779312,57.661873555059934,-0.8996541815497494,-2.343519107443061,1,2005-05-17
0.010018750448482105,1167.6920166015625,1164.0019958496093,1172.8099975585938,0.0077853156693731655,0.20085202886724662,68.85468331090087,0.7517306216325323,-1.7244691616279422,1,2005-05-18
0.0046559408112019085,1174.0360107421875,1165.55849609375,1172.491396484375,0.007766245744341115,-0.21641251014861096,66.42987719133777,2.477317593982434,-0.884111810505867,0,2005-05-19
-0.0015111720658741445,1181.0820068359376,1167.4164978027343,1172.0919970703126,0.007783454698541349,-0.08114941493135719,63.47111647394813,3.6574577586591204,0.024202103327130513,1,2005-05-20
0.003851032508630725,1186.716015625,1169.0044982910156,1171.96759765625,0.0076478578564344825,0.030286502221541278,65.67866568932125,4.905741188239517,1.000509920309608,1,2005-05-23
0.00017586730443786003,1190.7699951171876,1171.1164978027343,1171.7123974609376,0.006427784266232031,-0.00010112005329621088,60.23559449420308,5.844584164397929,1.9693247691272722,0,2005-05-24
-0.0034000826635449677,1191.6599853515625,1172.797998046875,1171.55759765625,0.006635134570663291,0.03639500297442,59.54739127694188,6.189670372744786,2.8133938898507753,1,2005-05-25
0.00639489188251563,1192.9679931640626,1175.517999267578,1171.7485986328124,0.005335119521378116,-0.050551607755800254,63.49261681680477,6.9965638646199295,3.6500278848046066,1,2005-05-26
0.0009686162425619482,1194.8679931640625,1177.614501953125,1171.92,0.004676450092741355,-0.164849979747417,60.95371315379013,7.641550792934368,4.448332466430559,0,2005-05-27
-0.006072865011894635,1194.39599609375,1179.0815002441407,1171.9569995117188,0.005047630422998394,0.3324453645859724,64.75263859761102,7.479056154194495,5.054477203983346,1,2005-05-31
0.00899703793799822,1196.0260009765625,1181.1339965820312,1172.3257983398437,0.005296150360499088,-0.016613425473194665,66.99820048636224,8.121668488716523,5.667915460929982,1,2005-06-01
0.0017218715458240386,1198.8820068359375,1182.5659973144532,1172.9773999023437,0.004571688452926932,0.0020385614054472256,77.45338622120715,8.697718722623222,6.2738761132686305,0,2005-06-02
-0.0068671327196959675,1198.56201171875,1183.735498046875,1173.4471997070314,0.005128071613263971,-0.10269656354925327,74.74942340749614,8.390204171508685,6.697141724916642,1,2005-06-03
0.0012457903797955527,1198.3080078125,1185.0434997558593,1173.9689990234374,0.0050863048108970065,-0.04940031458906802,71.31572491618284,8.172518725126793,6.992217124958672,0,2005-06-06
-0.00020876652216783587,1199.460009765625,1185.964501953125,1174.4285986328125,0.0049676209957716004,0.19665572159884182,67.5651665265236,7.888890313002776,7.171551762567494,0,2005-06-07
-0.0021632442403379804,1197.9500244140625,1187.3870056152343,1175.0147998046875,0.005028578317241066,-0.07339429719613044,57.906636239005465,7.3701654766641695,7.211274505386829,1,2005-06-08
0.005239948718352094,1197.27802734375,1188.8780090332032,1175.4052001953125,0.005109318627181805,0.06332301558155407,58.44055045794787,7.379140637740193,7.244847731857502,0,2005-06-09
-0.0023482369773834,1197.6960205078126,1190.8155090332032,1175.7556005859376,0.004808639393007365,-0.08768063504593993,57.43637930006435,7.077116970169072,7.211301579519816,1,2005-06-10
0.002261863243468998,1198.3580078125,1193.15400390625,1176.3135986328125,0.0048532346863390165,-0.0017005372015046483,56.05213994565218,6.976017055033026,7.164244674622458,1,2005-06-13
0.002573314925500947,1199.6880126953124,1195.065008544922,1176.8693994140624,0.0043605318101509975,0.02215066060733739,58.148449156345904,7.063811687668249,7.144158077231617,1,2005-06-14
0.0022177087981654076,1202.0699951171875,1196.70400390625,1177.3731982421875,0.0034103741086444943,0.08379118452433532,64.04468108441438,7.265082598562913,7.168342981497876,1,2005-06-15
0.0036300991582309816,1204.0759765625,1197.9739990234375,1177.9109985351563,0.003545304881890073,-0.0349916324357219,61.9619209828651,7.689382617994397,7.2725509087971805,1,2005-06-16
0.0049547468071156064,1207.8459716796874,1199.267999267578,1178.4273974609375,0.002652935561655921,0.35547059750906507,64.99991942566615,8.412815594836957,7.500603846005136,0,2005-06-17
-0.0007066669234541134,1210.9019775390625,1200.6089965820313,1179.1253979492187,0.0027629410626321287,-0.287799548885298,72.70205906142488,8.815132450701867,7.7635095669444825,0,2005-06-20
-0.002047520996927288,1212.8419677734375,1201.5964965820312,1179.7733984375,0.002947640868328941,0.003598653858491785,62.39390260425106,8.83124891508237,7.977057436572061,1,2005-06-21
0.00022249283914033136,1214.3019775390626,1202.5869995117187,1180.2957983398437,0.0027183133430916575,0.05959783808914976,60.860657437437276,8.764774780949438,8.134600905447536,0,2005-06-22
-0.010833051340467525,1212.2559814453125,1203.122998046875,1180.8345971679687,0.004496828741748622,0.11335252982311816,54.80313902015167,7.56380563677817,8.020441851713663,0,2005-06-23
-0.0076287211352144,1207.177978515625,1202.8204956054688,1181.4249951171876,0.005075086915260044,0.19157405217939627,44.76185555246972,5.805963203087458,7.577546121988423,0,2005-06-24
-0.0007385255775820276,1202.0959716796874,1202.4159912109376,1182.3863940429687,0.004979110461682149,-0.2812055564742848,44.26996388784792,4.292371582585702,6.920511214107879,1,2005-06-27
0.009137563444907348,1199.6879638671876,1202.9194885253905,1183.498193359375,0.005837221401766346,0.019434954159045725,55.25745963241312,3.9255139038120888,6.321511752048721,0,2005-06-28
-0.0014314361876618387,1196.8819580078125,1202.8009887695312,1184.4395922851563,0.005784555800596478,-0.0017659570866785934,49.11585073385988,3.456148955192475,5.7484391926774725,0,2005-06-29
-0.007100904033514155,1195.001953125,1202.1529846191406,1185.51619140625,0.005917976635530611,0.19228725809368785,44.92361012097349,2.369366893750339,5.072624732892046,1,2005-06-30
0.0026105155299391836,1195.5759521484374,1202.0739807128907,1186.2059912109376,0.005669955594912882,-0.24445245059232323,45.25156312745417,1.738988134127112,4.405897413139059,1,2005-07-01
0.008832632317790745,1198.4359619140625,1202.447979736328,1187.2633911132812,0.006608733101206893,0.13301376566989997,50.72344308865305,2.0668834496671025,3.938094620444668,0,2005-07-05
-0.008340358766109057,1197.1099609375,1202.3319763183595,1187.9201904296874,0.007017354168627528,0.04299985602108736,42.90417303533663,1.4985139647308188,3.4501784893018983,1,2005-07-06
0.0024520510273422502,1196.71396484375,1202.4919738769531,1188.8409912109375,0.007113869648008668,0.03661858166044585,41.87666942916317,1.2698696333627595,3.014116718114071,1,2005-07-07
0.011679055566465202,1200.819970703125,1203.0384704589844,1189.9505908203125,0.007322285206321115,-0.026443834381594367,47.12061586387038,2.192271504880864,2.84974767546743,1,2005-07-08
0.006254811732634646,1205.819970703125,1204.1049682617188,1191.474990234375,0.006814137030085698,-0.028677248120538068,51.752708078433386,3.494636741858585,2.978725488745661,1,2005-07-11
0.0022715506005615005,1209.26396484375,1205.1744689941406,1192.7821899414062,0.006729209362081242,0.04642257487948864,54.499769426017686,4.696153665153133,3.3222111240271555,1,2005-07-12
0.0008837091494260374,1214.933984375,1206.1434692382813,1194.0047900390625,0.006338041766726163,-0.061857857878582445,54.88223037120075,5.6701557356529975,3.791800046352324,1,2005-07-13
0.0026240391362624127,1220.6599853515625,1207.139471435547,1195.3113891601563,0.006236439453603469,0.13032275862068965,64.907999028298,6.624710871535854,4.3583822113890305,1,2005-07-14
0.001157801830666605,1223.8719970703125,1207.9874755859375,1196.3567895507813,0.005349156971693336,-0.1622045091789468,73.09697035508742,7.410366282790392,4.968779025669303,0,2005-07-15
-0.005529707814430296,1224.210009765625,1208.195977783203,1197.3267895507813,0.006001781689684487,-0.07824516429736661,67.99053452517514,7.3998041153083705,5.454984043597117,1,2005-07-18
0.006731446013329201,1225.6380126953125,1208.8584777832032,1198.4867895507812,0.00577747693434266,0.29023449845142535,66.95140736591514,7.962924819492855,5.956572198776264,1,2005-07-19
0.004758592509955806,1228.0199951171876,1209.9379760742188,1199.6139892578126,0.004514896737858487,0.010806944662172802,70.53555093201265,8.78003539151291,6.521264837323594,0,2005-07-20
-0.00660614672274995,1228.1280029296875,1210.5959777832031,1200.830390625,0.005509381810287745,0.03222929812827746,70.8319031755911,8.669231194011218,6.950858108661119,1,2005-07-21
0.0054114082972474,1229.2800048828126,1212.2434814453125,1202.0817919921874,0.004624826645977174,-0.17036491004019083,71.98569191100532,9.013311909302502,7.363348868789396,0,2005-07-22
-0.003769230441940885,1230.860009765625,1214.1164855957031,1203.4751928710937,0.004637274542810678,-0.027962806807056095,64.42285439754394,8.809232893559283,7.652525673743374,1,2005-07-25
0.001733077981854514,1231.222021484375,1216.139990234375,1205.017392578125,0.004621301512496321,0.12610766310739518,74.01224586908282,8.718866727790328,7.865793884552765,1,2005-07-26
0.0045729269359882085,1231.5400390625,1217.9009948730468,1206.43939453125,0.004778670078294751,0.0060077138632392835,74.91042394903424,8.997823919303528,8.092199891502919,1,2005-07-27
0.005603159325149543,1234.876025390625,1220.0944946289062,1207.83779296875,0.00497258315807922,0.02871826498098473,72.4176849222587,9.666655879208065,8.407091089043949,0,2005-07-28
-0.00767047021589129,1234.976025390625,1222.2369995117188,1208.8101928710937,0.00574525887473927,-0.10595100115902645,60.0932162446358,9.319489183127416,8.589570707860643,1,2005-07-29
0.0009479345185350319,1236.2400146484374,1224.2825012207031,1209.6955932617188,0.005337651983338604,-0.04064036656236025,59.19913993344397,9.03461458012248,8.67857948231301,1,2005-08-01
0.007099218605715496,1238.8320068359376,1226.2390014648438,1210.792392578125,0.00538130766939565,0.19002603575110522,63.16522828658148,9.408066354276798,8.824476856705768,1,2005-08-02
0.0007395138322054962,1240.4820068359375,1228.7440063476563,1211.8159936523436,0.005234756720460421,-0.021114765652531453,62.06722304499546,9.666836163234393,8.992948718011494,0,2005-08-03
-0.007373299992705418,1238.910009765625,1230.643505859375,1212.6517944335938,0.005359586341957467,-0.00938009380093796,54.69375561065584,9.027100690026828,8.999779112414561,0,2005-08-04
-0.007638358323871608,1237.3580078125,1231.3715087890625,1213.3799951171875,0.005672503385964999,-0.02571143033080625,53.03224524409938,7.669966737698587,8.733816637471367,0,2005-08-05
-0.0026826364089062027,1234.914013671875,1231.5560119628906,1213.8901953125,0.005614641649989582,-0.0653480324098058,46.221150993770394,6.256824864219652,8.238418282821025,1,2005-08-08
0.006744990284814678,1232.366015625,1232.0145141601563,1214.5421948242188,0.006040394331963509,0.0517587326925848,47.74500944713711,5.736479238397578,7.738030473936336,0,2005-08-09
-0.0018272182357014222,1229.1840087890625,1232.3065124511718,1215.294794921875,0.00584187161394126,0.14482060795143137,51.32629015240601,5.0839408792676295,7.207212555002595,1,2005-08-10
0.007061949245771748,1229.5740234375,1232.8720153808595,1216.0065966796874,0.006029347930722597,-0.10622744347057522,52.55474893492349,5.207182165958329,6.807206477193742,0,2005-08-11
-0.005994493172678084,1230.368017578125,1232.9955139160156,1216.5285961914062,0.0058265258196226,-0.11962545581903217,50.813388605696716,4.652485284782642,6.376262238711522,1,2005-08-12
0.0028283555842611996,1232.516015625,1233.6325134277345,1217.285595703125,0.005900867296266976,-0.08566079681741068,51.59503384058284,4.442479215445246,5.9895056340582675,0,2005-08-15
-0.01177598073895536,1230.1080078125,1233.132012939453,1217.7221948242188,0.006342941006168255,0.16477912571662579,40.703208427471225,3.068227345809646,5.405249976408544,1,2005-08-16
0.0007381242633648366,1228.3300048828125,1232.384014892578,1218.1817944335937,0.006342874538835451,0.021280920232255474,36.63176828064752,2.0283655511109373,4.729873091349023,0,2005-08-17
-0.0009997793162725976,1224.5719970703126,1231.9830139160156,1218.6687939453125,0.006055765172411665,-0.027421133313611068,40.465401948515584,1.0932241396178597,4.002543301002791,1,2005-08-18
0.0005659803737392277,1222.435986328125,1231.2845092773437,1219.0443920898438,0.005652147628388619,-0.13791844793354602,40.10377966209046,0.40314315573141357,3.2826632719485156,1,2005-08-19
0.0016561474415583977,1220.0079833984375,1230.9195068359375,1219.5167919921876,0.005635395802547065,0.04012086297705264,34.5094985617453,0.019028351410497635,2.6299362878409123,0,2005-08-22
-0.003388649468067495,1219.6579833984374,1230.2410034179688,1219.8521923828125,0.005158676946560672,0.03533518777793532,31.818762481505132,-0.6123907219518969,1.9814708858823504,0,2005-08-23
-0.006570356379875575,1217.527978515625,1228.8809997558594,1219.965791015625,0.005441865972747779,0.15023054652035595,32.32404870324008,-1.7382901016865162,1.2375186883685771,1,2005-08-24
0.0022983237092162323,1216.1979736328126,1227.3135009765624,1220.081591796875,0.004767238439590991,-0.18629065672260203,39.61565528067991,-2.378826707691587,0.5142496091565443,0,2005-08-25
-0.005996535348556931,1213.2759765625,1225.8594970703125,1219.9643920898438,0.004767425550064171,-0.019107509977022596,37.414492990725876,-3.433507068647714,-0.2753017264043074,1,2005-08-26
0.005958056473651885,1211.385986328125,1224.7059997558595,1219.8707934570311,0.00520679680588269,0.03786930030043667,36.465471455584414,-3.6479274876849104,-0.949826878660428,0,2005-08-29
-0.0031923276995927674,1209.55,1222.9205017089844,1219.7169946289061,0.0039188134395971175,0.19820563318640794,35.647048875359374,-4.083066429467635,-1.5764747888218695,1,2005-08-30
0.009864136789539124,1211.697998046875,1221.6849975585938,1219.8513940429686,0.005195540377935692,0.23430578094100096,38.41150069354413,-3.4265796225515714,-1.94649575556781,1,2005-08-31
0.0010325156400312618,1213.5419921875,1220.9714965820312,1220.0055932617188,0.005190985860596878,-0.057344927732286055,43.647092414580754,-2.7726751671964394,-2.111731637893536,0,2005-09-01
-0.002922376893187084,1216.1260009765624,1220.551495361328,1220.3513940429686,0.005281771744452263,-0.2644560645062919,38.57247212272164,-2.5135414640690215,-2.192093603128633,1,2005-09-02
0.012618836201971906,1220.347998046875,1221.0644958496093,1221.1877954101562,0.006652594292080189,0.17798873280655547,60.00859136411383,-1.0557756592327223,-1.964830014349451,1,2005-09-06
0.0024079736886564174,1225.93798828125,1221.313494873047,1222.1011962890625,0.006480921358228031,0.07018824174857285,61.154179470329574,0.33530091813031504,-1.5048038278534979,0,2005-09-07
-0.0037933461627815968,1228.206005859375,1221.440496826172,1222.7031982421875,0.006145115773636369,-0.05432122648353244,58.35207187864193,1.047228256384642,-0.99439741100587,1,2005-09-08
0.007964743943933206,1232.1840087890625,1221.6239929199219,1223.5357983398437,0.006447178510396418,0.01901420695721545,62.82855457566646,2.3756308992640243,-0.32039174895189115,0,2005-09-09
-0.0007409880863746832,1236.6920166015625,1222.1324951171875,1224.520400390625,0.005876111937729905,-0.02735676717388691,61.241870457877965,3.3159454026681487,0.4068756813721169,0,2005-09-12
-0.007545065921665484,1236.25400390625,1221.9989929199219,1225.2556005859376,0.0066064372016421385,0.07446144320321979,57.64865039151201,3.2681952574057505,0.9791395965788436,0,2005-09-13
-0.0032812842368473705,1234.414013671875,1222.3899963378906,1225.6990014648438,0.0066136173481770545,-0.045914251138131745,60.334147041929924,2.871267203963953,1.3575651180558657,1,2005-09-14
0.0004644433270217796,1233.6260009765624,1222.7644958496094,1226.3548022460936,0.005935535311943095,0.046603749842707876,59.27538902689833,2.5730284933697476,1.600657793118642,1,2005-09-15
0.008291769259435089,1232.91201171875,1223.7089965820312,1227.1556030273437,0.006415982632754347,0.5160916444641088,69.14022109739736,3.1221274806043766,1.904951730615789,0,2005-09-16
-0.005565844413728538,1231.00400390625,1224.2744995117187,1227.5388037109376,0.00666117895558366,-0.3412974588180062,60.96936369430575,2.9671226413190652,2.1173859127564443,0,2005-09-19
-0.007863441339177824,1229.0320068359374,1224.2549987792968,1227.5768041992187,0.00581489254081327,0.11688192859275515,57.08646772479977,2.039668723156865,2.1018424748365283,0,2005-09-20
-0.009121141500479157,1225.639990234375,1223.885498046875,1227.3366040039064,0.006201657163536324,0.09869569904063824,44.400207837077325,0.4011248127765157,1.761698942424526,1,2005-09-21
0.003652325337670348,1223.0179931640625,1224.1369995117188,1227.163203125,0.006421371901253885,-0.048439063634401425,46.277117357717,-0.5346097859044221,1.3024371967587365,1,2005-09-22
0.0005516490326242796,1218.493994140625,1224.2830017089843,1226.93900390625,0.005598611876197965,-0.18628955095846123,48.49521461560821,-1.2081919654624471,0.8003113643144998,1,2005-09-23
0.0002797404811898385,1215.4159912109376,1224.809503173828,1226.693203125,0.005635643768235958,0.024936391927096624,38.266367727470694,-1.695038941382336,0.30124130317513265,1,2005-09-26
2.470266179210867e-05,1214.2800048828126,1224.9785034179688,1226.5838037109374,0.005309038789556653,-0.022722552442365318,35.77127168619501,-2.05475957471549,-0.1699588724029919,1,2005-09-27
0.0010117799665758653,1215.618017578125,1225.4025024414063,1226.3346044921875,0.005300703577044972,0.06613974811134105,39.3331242445493,-2.2150578161476915,-0.5789786611519319,1,2005-09-28
0.008866897527807671,1218.230029296875,1225.7700073242188,1226.1842065429687,0.006129415200530573,0.032814739579872576,40.17940445227435,-1.454660925490316,-0.7541151140196087,1,2005-09-29
0.000920439229583403,1220.934033203125,1226.1310119628906,1226.2196069335937,0.005426038527430299,-0.036119331654504316,41.66314447454668,-0.7521882036912757,-0.7537297319539422,0,2005-09-30
-0.0017171957595218945,1223.1480224609375,1226.565008544922,1226.0800048828125,0.005175165532452759,-1.430260498114233e-05,46.441011778335586,-0.36157354985357415,-0.6752984955338687,0,2005-10-03
-0.009969822251208682,1222.910009765625,1225.6190063476563,1225.7888037109376,0.005545078821792065,0.11629614443930603,41.114680004718004,-1.027026909170445,-0.745644178261184,0,2005-10-04
-0.014887116594756167,1218.810009765625,1223.6205078125,1225.0934033203125,0.006712295268533318,0.08770745957581294,32.37749421705438,-2.978965187537142,-1.1923083801163756,0,2005-10-05
-0.004095674783362702,1211.5719970703126,1221.611505126953,1224.18740234375,0.0065444409549526026,0.09629807050471584,22.25017914974292,-4.865198376695162,-1.926886379432133,1,2005-10-06
0.0037012767340327546,1204.989990234375,1219.3325073242188,1223.2310034179689,0.006748236531314807,-0.23851821076421098,28.363803178088787,-5.935774947864502,-2.728664093118607,0,2005-10-07
-0.007166208031122001,1197.1159912109374,1216.6710021972656,1222.2940014648439,0.006927837407648365,0.03288211167971111,28.757098503748253,-7.390553783598534,-3.6610420312145924,0,2005-10-10
-0.002071842729946871,1191.19599609375,1214.3545043945312,1221.2844018554688,0.006880183066150233,0.04692644319873951,32.25453892399922,-8.642351136710658,-4.657303852313806,0,2005-10-11
-0.00606812682900193,1187.45400390625,1211.8805053710937,1219.9556030273438,0.006838142441760364,0.08361750991718275,25.087757427274937,-10.098172296066878,-5.745477541064421,0,2005-10-12
-0.0007133413595465932,1184.5239990234375,1209.336004638672,1218.5916015625,0.005490428592159034,-0.056248193699624305,24.12866386638828,-11.190709591155837,-6.834523951082705,1,2005-10-13
0.008267887521960393,1182.6579833984374,1206.7690002441407,1217.60580078125,0.00662682622654556,-0.06899176998490097,32.6403878239158,-11.142975872237912,-7.696214335313747,1,2005-10-14
0.0029749862685424233,1183.2119873046875,1204.722998046875,1216.8793994140624,0.006924322857534568,-0.061385876268879036,35.34403592666838,-10.696994400716903,-8.296370348394378,0,2005-10-17
-0.010049543049197696,1181.8659912109374,1202.5630004882812,1215.979599609375,0.0069332754534164555,0.06932837528047231,30.21549553502426,-11.179746605784885,-8.87304559987248,1,2005-10-18
0.014955773420908258,1185.481982421875,1201.8410034179688,1215.2671997070313,0.00763996843542918,0.23057701148378928,34.76517574677085,-10.02498309207931,-9.103433098313847,0,2005-10-19
-0.015019703611780955,1185.6739990234375,1200.0000061035157,1214.2406005859375,0.008954371984349481,-0.031935315635876704,29.02377954874477,-10.438712458497093,-9.370488970350497,1,2005-10-20
0.0015197121056060858,1184.2780029296875,1198.2150024414063,1213.0761987304688,0.008849854458716675,-0.05590982901900854,30.576389385198752,-10.501114310775392,-9.596614038435476,1,2005-10-21
0.016777049344208095,1186.1340087890626,1197.4025024414063,1212.4559985351561,0.010229002455234447,-0.11053777540349341,44.143456117493784,-8.851641257736674,-9.447619482295716,0,2005-10-24
-0.002367861569102958,1189.814013671875,1196.4465026855469,1211.7093994140625,0.010239487004733611,0.05217968959727726,50.06603770543422,-7.6849956405062585,-9.095094713937826,0,2005-10-25
-0.004312462609885159,1188.9380126953124,1195.1710021972656,1211.1502001953124,0.01011864202907965,0.06714897923000085,49.95169724411601,-7.095005411819329,-8.695076853514127,0,2005-10-26
-0.010475230755595533,1189.1580078125,1192.732000732422,1210.3234008789063,0.01077376640820499,-0.02933036166548475,43.02821075565096,-7.547461590135072,-8.465553800838316,1,2005-10-27
0.016549333583500303,1192.922021484375,1191.2119995117187,1209.911201171875,0.011735841799443142,-0.006667028475767833,54.169836492133314,-6.259585035259761,-8.024360047722606,1,2005-10-28
0.007176154521957301,1194.4480224609374,1190.2275024414062,1209.6572021484376,0.01188643168354566,0.07904093468941742,57.96404104025075,-4.493192701533417,-7.318126578484769,0,2005-10-31
-0.003521097559766928,1195.6920166015625,1189.6420043945313,1209.277802734375,0.011350305701560454,-0.04269572770081054,59.21651027316452,-3.3970939477417232,-6.5339200523361605,1,2005-11-01
0.009977052697601962,1200.368017578125,1190.5605041503907,1209.2212036132812,0.010822013094477983,0.07740098053176547,62.878713127837315,-1.5423488392411855,-5.535605809717166,1,2005-11-02
0.0042641604917701414,1208.5760009765625,1191.9830017089844,1209.428203125,0.0091078218752078,0.025882806097980104,61.69483491351023,0.34158958278771934,-4.3601667312161885,1,2005-11-03
0.00016400253438453305,1212.9219970703125,1193.195001220703,1209.583603515625,0.009151529482071081,-0.24520085547166892,60.779414650556475,1.8296772138646702,-3.122197942200017,1,2005-11-04
0.00218830946715709,1216.0820068359376,1194.9690063476562,1209.9378051757812,0.00785753942231706,-0.0306899259208685,67.17419035094883,3.1877017727235852,-1.8602179992152965,0,2005-11-07
-0.0034511433266182223,1219.247998046875,1196.6550048828126,1210.06400390625,0.007931023796175253,-0.011335392789221022,59.785662784625735,3.8787084648577093,-0.7124327064006953,1,2005-11-08
0.0016905264703728218,1220.4260009765626,1198.8035034179688,1210.3088037109376,0.00763388072656165,0.12692297905905692,71.26547080311869,4.540228826972907,0.3380996002740252,1,2005-11-09
0.008446267412632436,1222.6300048828125,1201.509503173828,1210.5214038085937,0.006301160859978289,0.0740586869936688,73.50596163062579,5.829218590306482,1.4363233982805166,1,2005-11-10
0.0030545345786563427,1225.54599609375,1203.9170043945312,1210.78400390625,0.004618090400125347,-0.25450081144942527,68.95105279626301,7.072624812508593,2.563583681126132,0,2005-11-11
-0.0007774725932012672,1227.735986328125,1206.1000061035156,1211.0988037109375,0.004502172025264637,0.07142132036951399,70.3699249888432,7.889625683179702,3.628792081536846,0,2005-11-14
-0.0038500194222557127,1229.8199951171875,1208.643505859375,1211.0112036132812,0.004549593961639102,0.24191748518249478,70.6871767890769,8.060898437316155,4.515213352692708,1,2005-11-15
0.0017900189212409767,1231.931982421875,1210.4160034179688,1210.908203125,0.0036330426556082187,-0.10078537914782337,82.42215695264727,8.278719082474936,5.267914498649154,1,2005-11-16
0.009413575473187219,1234.3,1213.6660034179688,1211.1308032226561,0.004379859246680906,0.08317386099039403,80.50854994135601,9.27959732186605,6.070251063292534,1,2005-11-17
0.004401328040084085,1237.010009765625,1217.1000061035156,1211.2666040039062,0.004401727130104165,0.06755757079946378,79.63224670715799,10.394361727087016,6.93507319605143,1,2005-11-18
0.005271260185483184,1241.2280029296876,1219.8735046386719,1211.55240234375,0.004500620636920383,-0.13693448389713403,86.19868853015278,11.674195157453596,7.882897588331864,1,2005-11-21
0.0050842770107506485,1247.6719970703125,1223.1080017089844,1212.1530029296875,0.004008175281406406,0.08221125463433054,85.02933511969613,13.052820654432935,8.91688220155208,1,2005-11-22
0.0034728042867999687,1254.552001953125,1226.8195007324218,1212.922001953125,0.0039604669031573884,-0.13355037487671395,84.8465881677946,14.333592351784318,10.000224231598528,1,2005-11-23
0.0020859622466586902,1259.6419921875,1231.2869995117187,1213.73240234375,0.00359503234147058,-0.6348645109297875,85.39055442511014,15.384299638168159,11.077039312912454,0,2005-11-25
-0.008507817120047334,1261.47998046875,1234.2394958496093,1214.1234008789063,0.005112643902017322,1.782161282313019,72.76899876469928,15.171439841737765,11.895919418677517,1,2005-11-28
1.5920611289299558e-05,1262.0059814453125,1236.7629943847655,1214.6526000976562,0.005073546388496226,0.12466656750458616,77.04827286419447,14.8333724442723,12.483410023796473,0,2005-11-29
-0.006361930308439456,1259.6559814453126,1239.0989929199218,1215.215400390625,0.005439799154198664,0.04688450585009307,68.5211180348284,13.761286905582665,12.738985400153712,1,2005-11-30
0.01215710832826944,1259.4679931640626,1241.5944946289062,1216.3048022460937,0.006373659836693149,0.10112477839212697,70.37846038954426,13.976253021200364,12.986438924363043,1,2005-12-01
0.0003241257364618999,1258.833984375,1243.851495361328,1217.3140014648438,0.005944014651867667,-0.1871058539178455,69.12801849513241,14.018099769840092,13.192771093458454,0,2005-12-02
-0.0023634792568365537,1259.7599853515626,1245.948992919922,1218.25,0.00599903803208688,0.09421428504220031,67.40382783874543,13.652617519794603,13.284740378725685,1,2005-12-05
0.001275650227134273,1261.0039794921875,1247.9934875488282,1219.2113989257812,0.005822117753824342,-0.09248271592198942,72.16609674520767,13.33911752264953,13.295615807510455,0,2005-12-06
-0.005009065679568603,1262.581982421875,1249.9324890136718,1220.0455981445311,0.005855919497209416,-0.008011408321252245,65.87766000797207,12.436531372117315,13.123798920431827,0,2005-12-07
-0.0012168489011322725,1260.815966796875,1251.6919860839844,1220.8245971679687,0.005706888148111917,0.040342339158384366,59.015436032036725,11.465596508307499,12.792158438006963,1,2005-12-08
0.00281089103146126,1259.673974609375,1253.1124877929688,1221.4583959960937,0.005751486906607762,-0.12946334297387874,57.88574510929611,10.85582826537734,12.404892403481039,1,2005-12-09
0.000841737216116023,1259.3419921875,1254.3979919433593,1222.0907958984376,0.005056975791897388,-0.010409800188789675,54.301625719415654,10.338939549587622,11.991701832702356,1,2005-12-12
0.005553660022141527,1260.0880126953125,1256.081494140625,1222.9053979492187,0.005324921216396528,0.2736244704377715,54.73431851949897,10.374551643489212,11.668271794859727,1,2005-12-13
0.004189530229214977,1263.16201171875,1258.2679931640625,1224.0707983398438,0.004763640152394853,-0.10230039915983968,55.36816835805312,10.707809027834628,11.476179241454709,0,2005-12-14
-0.0014143099469935416,1266.1820068359375,1260.2544921875,1225.561796875,0.0031693522631214793,0.016345687758678507,52.05119612771107,10.703288165715321,11.321601026306832,0,2005-12-15
-0.0028482818103757745,1267.7719970703124,1261.480487060547,1227.0783959960938,0.003342847107477081,0.18508752218436286,58.4417647513759,10.288996846550162,11.115080190355497,0,2005-12-16
-0.0058390167103565815,1267.6699951171875,1262.06298828125,1228.3587963867187,0.00378794173510035,-0.1452602169345133,51.854717937012516,9.25685050529205,10.743434253342809,0,2005-12-19
-0.00023814910284736257,1266.1079833984375,1262.3014892578126,1229.8045971679687,0.0037540409215192443,-0.0960336108583355,58.72935805847526,8.318762149011036,10.258499832476454,1,2005-12-20
0.0025166668976364104,1264.1179931640625,1262.3794921875,1231.362998046875,0.0034510177492752263,0.03429676113968627,47.95917556046146,7.741872929339934,9.75517445184915,1,2005-12-21
0.004220777714278201,1263.55400390625,1262.5049926757813,1233.171796875,0.0035874170197378406,-0.08554743677275967,52.98160085051769,7.626849403426149,9.32950944216455,1,2005-12-22
0.00042585801389405376,1263.822021484375,1262.5254943847656,1235.0081982421875,0.003530958684480261,-0.3191368811225841,56.76907520412116,7.492895632799446,8.962186680291529,0,2005-12-23
-0.009553382932114052,1263.1460205078124,1262.4794982910157,1236.4076000976563,0.004800048230061405,0.19805414485810502,43.93639280811155,6.33571975606219,8.436893295445662,1,2005-12-27
0.0012972168272717965,1262.8560302734375,1262.5140014648437,1237.7690014648438,0.004395067549655636,-0.07667140548014562,50.73614973694497,5.486927424414944,7.846900121239519,0,2005-12-28
-0.0029805192215838217,1261.18203125,1262.761004638672,1239.2946020507814,0.004077761850691452,-0.02799572541410056,48.74476626235594,4.460244800766304,7.1695690571448765,0,2005-12-29
-0.004886724277406218,1257.2160400390626,1261.9420043945313,1240.3452026367188,0.004220553305522683,0.044092756809929634,40.63560712200215,3.1160315887286743,6.358861563461637,1,2005-12-30
0.016430484201434892,1257.24404296875,1262.1280090332032,1242.1652026367187,0.007102119685171075,0.7697055767232421,55.323748045337304,3.6634888929231693,5.819787029353943,1,2006-01-03
0.0036726922525569528,1260.62802734375,1262.6965087890626,1244.0426025390625,0.006844769807098957,-0.015360706498549703,53.95300598748726,4.42239015259338,5.540307654001831,1,2006-01-04
1.572058161558587e-05,1263.6900146484375,1263.1855102539062,1245.5246020507811,0.006839763355478741,-0.03259612058855099,50.52126686249286,4.96817030266152,5.425880183733769,1,2006-01-05
0.009399418040885843,1269.89599609375,1264.5895080566406,1247.3028002929686,0.007325441592521583,0.005432861827775914,58.940250910075505,6.294027965754367,5.599509740137889,1,2006-01-06
0.0036563642465448076,1278.2679931640625,1266.3050109863282,1249.2782006835937,0.007306903944058641,-0.05929550062128053,63.88184576650614,7.636013140309387,6.006810420172189,0,2006-01-09
-0.0003566120211651036,1282.4459716796875,1267.8210083007812,1251.4939990234375,0.007326794540356445,0.031105935719903277,69.77011140168975,8.563704155188589,6.5181891671754695,1,2006-01-10
0.003481544021186611,1286.589990234375,1269.5085083007812,1253.4093994140626,0.006177716466503471,0.013927048392806007,71.74129399080329,9.551121126705311,7.124775559081439,0,2006-01-11
-0.006274239116809244,1289.106005859375,1270.440008544922,1254.990400390625,0.006834938715777365,-0.036481819353069045,63.78062956515704,9.56814482863956,7.613449412993063,1,2006-01-12
0.0012051744764605132,1289.5380126953125,1271.1835083007813,1256.6873999023437,0.0066056794150765995,-0.04824120603015081,62.0830470147695,9.596084680309332,8.009976466456317,0,2006-01-13
-0.0036345878751066207,1288.0940185546874,1271.7830139160155,1258.05080078125,0.00645747769224439,-0.012028044287132222,58.414915059026775,9.135289906948856,8.235039154554824,0,2006-01-17
-0.0038973286076955382,1285.742041015625,1272.3135192871093,1259.2106030273437,0.004611466651738321,0.02441776721698008,63.76979692679086,8.271302094122802,8.24229174246842,1,2006-01-18
0.005563673325403196,1283.9140380859376,1273.5695190429688,1260.508603515625,0.0047813299912299765,0.0944026509045317,66.15753892228756,8.06730703127414,8.207294800229565,0,2006-01-19
-0.01832631522151318,1279.0000244140624,1273.663018798828,1261.2822021484376,0.0077571473165797405,0.16439718169245743,53.4336771535998,5.936910342966712,7.753217908776995,1,2006-01-20
0.0018469873504542988,1274.2420166015625,1273.7145141601563,1262.1868017578124,0.006968562229401768,-0.2072309816888689,57.83151961804252,4.386004470815124,7.079775221184621,1,2006-01-23
0.002405436843615494,1271.0280029296875,1273.651513671875,1263.1110009765625,0.006872824439112476,0.15631163926651204,48.81240070958553,3.3634345592056434,6.336507088788826,0,2006-01-24
-0.0017207360448914244,1268.3780029296875,1273.4525146484375,1263.7854028320312,0.006854536366284259,0.0031969701616119117,44.4571344020641,2.350048377248413,5.539215346480744,1,2006-01-25
0.0072349542612786255,1266.135986328125,1274.3170104980468,1264.5676025390626,0.007274022391368075,0.09159896983638127,50.198106962557986,2.259210405960175,4.88321435837663,1,2006-01-26
0.007763999112620157,1270.581982421875,1275.5945068359374,1265.5668017578125,0.007609933815653204,-0.08161636527839033,48.99711277173913,2.9512421051856563,4.496819907738436,1,2006-01-27
0.0011450867297171374,1274.8559814453124,1277.1330017089845,1266.690400390625,0.007608763360540008,-0.12993116381183245,47.012714325414386,3.5770624144554404,4.312868409081837,0,2006-01-30
-0.003976054579116317,1277.4999755859376,1278.7224975585937,1267.6678002929686,0.007626824624063603,0.18643466375786888,44.51921564040764,3.618979068437284,4.1740905409529265,1,2006-01-31
0.0018592626746127827,1281.05595703125,1279.4054931640626,1268.4609985351562,0.007533088958000249,-0.04390191669343613,43.150926302423294,3.800435764420399,4.099359585646421,0,2006-02-01
-0.009060707913791766,1280.457958984375,1279.2744934082032,1268.9123974609374,0.007828617510132708,-0.009311001347797387,41.455117143221344,2.9723417047521252,3.873956009467562,0,2006-02-02
-0.005358610609197956,1276.519970703125,1278.8019958496093,1269.0959985351562,0.005330343923084011,-0.11035356488519865,37.499983822267545,1.7464344230311326,3.448451692180276,1,2006-02-03
0.0007832015153355076,1272.485986328125,1277.780499267578,1269.1717993164064,0.0053046855010226365,-0.06566004004889991,40.1191208974744,0.8450369483789473,2.9277687434200104,0,2006-02-06
-0.008094725835381955,1267.4260009765626,1276.0119995117188,1268.9552001953125,0.0058140595387207806,0.10974225740494092,37.926314516180376,-0.6876815128327962,2.2046786921694492,1,2006-02-07
0.008662869079354651,1264.064013671875,1274.8100036621095,1268.9032006835937,0.0065413534377402735,0.03824000473298761,40.2689645623996,-1.013570366111253,1.5610288805133088,0,2006-02-08
-0.001477497792530147,1262.6520263671875,1273.2900024414062,1269.0296020507812,0.006046330605941477,-0.006080932572470554,51.46892089124974,-1.4065191309782676,0.9675192782149936,1,2006-02-09
0.002539968082329924,1263.2440185546875,1272.3364990234375,1269.2198022460936,0.005419770000170105,-0.062192864631109956,52.01069106326837,-1.442291004381559,0.4855572216956831,0,2006-02-10
-0.003259698114938203,1262.81201171875,1271.0989990234375,1269.48740234375,0.005378010728115874,-0.19212244274142487,47.497487406484176,-1.783340115171086,0.03177775432232932,1,2006-02-13
0.010032817645881265,1266.96201171875,1270.7289978027343,1269.7046020507812,0.006448350258408651,0.31774842168987294,56.00044286202282,-1.019505113853711,-0.17847881931287876,1,2006-02-14
0.003504402562430453,1269.8320068359376,1270.8324951171876,1270.0030029296875,0.00653107249884373,-0.04936544787812658,53.598538514222575,-0.05286173634613078,-0.1533554027195292,1,2006-02-15
0.0073281288146973544,1274.952001953125,1271.049493408203,1270.5488037109376,0.006094658316043112,-0.028521006735444998,53.32084266194542,1.453344851912334,0.16798464820684345,0,2006-02-16
-0.0016597237744756521,1279.002001953125,1272.3369934082032,1271.0196044921875,0.005736140494001179,-0.05473264371593922,51.19341680760648,2.446145484981116,0.623616815561698,0,2006-02-17
-0.003270533054782976,1283.0360107421875,1273.2974975585937,1271.5328051757813,0.005957764118931838,-0.011248625637845011,51.735544074790624,2.860267097243195,1.0709468718979975,1,2006-02-21
0.007513475466915054,1286.464013671875,1274.5880004882813,1272.2694067382813,0.005178615245992498,0.05610363442822375,55.53392765223743,3.9211297329679837,1.6409834441119948,0,2006-02-22
-0.0037751357399127272,1288.022021484375,1275.7434997558594,1272.8378076171875,0.005158736607866991,-0.035174002645812164,59.91117734979593,4.318316539730404,2.1764500632356767,1,2006-02-23
0.0012735108974994969,1288.03203125,1276.523504638672,1273.4178076171875,0.005039617027279691,-0.09849781504610089,65.80783869815922,4.711118579209369,2.683383766430415,1,2006-02-24
0.0036372204857118007,1289.4080322265625,1277.043505859375,1273.9516064453126,0.0050640160301772316,0.021888143361907142,67.31318677328221,5.339307883809852,3.214568589906303,0,2006-02-27
-0.010400860034838644,1288.934033203125,1276.8170104980468,1274.1100073242187,0.006269035503047224,0.20024097361440174,64.82926781500015,4.696903100276813,3.511035491980405,1,2006-02-28
0.008261330698481784,1288.6480224609375,1277.3750122070312,1274.5160083007813,0.006018588806193527,-0.026378613667614292,64.71197559993095,4.984053646312759,3.805639122846876,0,2006-03-01
-0.0016263247744955356,1288.918017578125,1277.7090148925781,1274.9524096679688,0.006022907093153972,0.0806950509461426,64.54130450303147,4.984711393231009,4.041453576923703,0,2006-03-02
-0.0014816343903563123,1288.4780029296876,1278.528515625,1275.4986083984375,0.0055781338816057215,-0.1369523649176818,61.78114857068149,4.776053495220594,4.188373560583082,0,2006-03-03
-0.006968428982565,1285.306005859375,1279.2400146484374,1275.8714086914063,0.005975907431140158,0.05910030423372592,58.48580933918619,3.8425939065562034,4.119217629777706,0,2006-03-06
-0.0018619098341728924,1284.35,1279.7830139160155,1276.1332080078125,0.005924538282493508,-0.005324117727031563,50.21751170253928,2.877602740665452,3.870894651955256,1,2006-03-07
0.0020299446737943594,1281.79599609375,1280.967510986328,1276.3402075195313,0.005318824903331685,0.07707942946584079,49.026325111396986,2.295369297321031,3.555789581028411,0,2006-03-08
-0.0048808265953584895,1278.4139892578125,1281.2965087890625,1276.4116064453126,0.005391809891486178,-0.12393618980952736,38.6317992105787,1.3152684407070865,3.1076853529641464,1,2006-03-09
0.007223586629499623,1277.252001953125,1282.1785095214843,1276.9092065429688,0.005990400974314678,-0.007784646583586796,46.47189847189847,1.2655048168098801,2.7392492457332933,1,2006-03-10
0.002114810791593591,1278.4260009765626,1283.0355102539063,1277.4284057617188,0.0058890467686405195,-0.02501589394617254,50.67916615791386,1.428273735359653,2.4770541436585654,1,2006-03-13
0.01039612464094386,1282.74599609375,1284.7665100097656,1278.2896044921874,0.005776860231694387,0.04585742369573942,52.83973714972635,2.604477934977922,2.5025389019224367,1,2006-03-14
0.004269845505052494,1287.656005859375,1286.1410095214844,1279.3842041015625,0.005367398246037724,0.05899033376899876,58.92208940110357,3.938265219607956,2.7896841654595406,1,2006-03-15
0.001772755973671547,1294.2760009765625,1287.4075073242188,1280.1148022460939,0.0052952641153840635,-0.0003576101177497071,59.242004104025405,5.1226431827165015,3.256275968910933,1,2006-03-16
0.0014709261335852375,1299.4419921875,1288.301007080078,1280.7906030273436,0.005206898651828229,0.11231229659101816,57.885900381681076,6.145362833977742,3.8340933419242953,0,2006-03-17
-0.0016600068428476167,1303.631982421875,1289.1930053710937,1281.4226025390626,0.004457923880658928,-0.22465700771095298,66.96771479365424,6.703497370422838,4.407974147624004,0,2006-03-20
-0.00601493843309675,1303.581982421875,1289.9030029296875,1281.658203125,0.0050242178202318764,0.08626943136233267,54.32615334701622,6.438180252572238,4.814015368613651,1,2006-03-21
0.006020565906847075,1303.985986328125,1290.521502685547,1281.9560034179688,0.0052108061202732455,-0.05008917885599595,60.60849409277271,6.77996575743191,5.207205446377303,0,2006-03-22
-0.002582292509284545,1303.25400390625,1291.2155029296875,1282.19560546875,0.0049122082475469755,-0.028860531127899214,59.45030030245946,6.701650337276533,5.5060944245571495,1,2006-03-23
0.000983280849487178,1302.393994140625,1291.8914978027344,1282.3710034179687,0.004604106999805658,0.17422536775470232,67.96678463309598,6.6660208798746226,5.7380797156206444,0,2006-03-24
-0.0010284092793489963,1301.7,1292.2659973144532,1282.682001953125,0.004677611726149013,-0.12741233066932633,69.01138626720929,6.45524815259887,5.88151340301629,0,2006-03-27
-0.00643818423116127,1300.9,1292.8944946289062,1282.7944018554688,0.004052913493206972,0.05857023205399803,60.04629568084229,5.5480583254479825,5.814822387502629,1,2006-03-28
0.007469695510914587,1300.4699951171874,1293.4769958496095,1283.1936010742188,0.004551286419817343,-0.0023457353228644173,69.9401874560377,5.54467234614026,5.760792379230155,0,2006-03-29
-0.002026275908753372,1300.185986328125,1294.0324951171874,1283.64,0.004545360500161796,0.07045354880244825,63.38686749643752,5.268232904970773,5.662280484378279,0,2006-03-30
-0.004137669588781034,1298.5699951171875,1294.4144958496095,1283.8365991210937,0.004636628470039538,-0.02521180531343703,57.3561576947774,4.562438276309194,5.4423120427644625,1,2006-03-31
0.002270547226863817,1297.810009765625,1295.3919982910156,1284.5630004882812,0.004734511357517421,0.11506632509355263,50.263682426502434,4.192006656242484,5.192250965460067,1,2006-04-03
0.006256689924245107,1300.3500244140625,1296.8945007324219,1285.4052026367187,0.0047505147799223515,-0.1388969078778548,52.232647090225576,4.5017591950970655,5.054152611387467,1,2006-04-04
0.004311107525869495,1302.084033203125,1298.549005126953,1286.2992041015625,0.004564031702337147,0.126817093953419,54.548176612229106,5.142257907699104,5.071773670649795,0,2006-04-05
-0.0019213908770231436,1303.842041015625,1300.3895080566406,1287.1864038085937,0.004518874260241395,-0.05716481681969565,51.29543840307004,5.384444709578929,5.134307878435622,0,2006-04-06
-0.010343487333051349,1303.9680419921874,1301.093505859375,1287.6198046875,0.00567621835253611,-0.0873084744574173,44.04676474559608,4.432713934446838,4.993989089637865,1,2006-04-07
0.00086452730002895,1303.730029296875,1301.7180053710938,1287.8778051757813,0.005690360895223093,-0.08842864483041768,49.586339004995054,3.7258850010625792,4.740368271922808,0,2006-04-10
-0.007750959314195005,1299.8580078125,1301.1725036621094,1287.9054052734375,0.005858580473128486,0.176240043828227,37.843839530037094,2.327928123933134,4.257880242324873,1,2006-04-11
0.0012047917274888853,1295.1699951171875,1300.4275024414062,1288.0662060546874,0.005210704920021886,-0.13201784242771664,40.86310043164899,1.3297842876970662,3.672261051399312,1,2006-04-12
0.0007763251900372303,1291.185986328125,1299.6170043945312,1288.1994067382811,0.005232300238997689,-0.023817140498426315,40.639020400069406,0.6123806064558721,3.0602849624106243,0,2006-04-13
-0.00294002038356056,1289.1519775390625,1298.5210021972657,1288.4892065429688,0.005161840416187606,-0.05142340666194489,39.33440602927628,-0.2590057995760162,2.3964268100132964,1,2006-04-17
0.017077384012400332,1291.283984375,1298.631005859375,1289.3542065429688,0.007644122377494742,0.4462095673251052,57.81510140117493,0.8122386799702781,2.0795891840046927,1,2006-04-18
0.002027128354043395,1295.956005859375,1299.2660095214844,1290.2524072265626,0.0074195054175649556,-0.057073174490645084,54.24710879644631,1.8536744655802977,2.034406240319814,1,2006-04-19
0.0011679304724923067,1300.6239990234376,1299.5870056152344,1291.386005859375,0.007297715764743169,0.0268090270541943,56.854546160253896,2.7705335696377915,2.1816317061834094,0,2006-04-20
-0.0001371994921570696,1305.056005859375,1300.0675048828125,1292.2986059570312,0.007266825348309513,-0.047868614997691905,60.71568066345376,3.442943921204005,2.4338941491875286,0,2006-04-21
-0.0024175186645771785,1309.61201171875,1300.325506591797,1293.185205078125,0.006366141954851138,-0.11506166854047639,56.70566656123291,3.6776443215662766,2.682644183663278,0,2006-04-24
-0.004869617378140845,1308.50400390625,1300.3320068359376,1293.880205078125,0.006631151538529806,0.11762455545427497,47.208491715340166,3.311468166387158,2.8084089802080543,1,2006-04-25
0.0028193371739710926,1307.6,1300.9410095214844,1294.7312060546874,0.0059972143279330165,0.057602751882622316,45.792853504354866,3.2796075257288066,2.9026486893122048,1,2006-04-26
0.00330159598179125,1307.252001953125,1301.2825073242188,1295.4150048828126,0.0060234761567188695,0.1076122092628331,50.454013413365765,3.5610836407497573,3.0343356795997156,1,2006-04-27
0.0006795457566091123,1307.1179931640625,1301.8005065917969,1296.0272045898437,0.006025167885743004,-0.12701613630542463,62.140414955991595,3.8120295302767317,3.189874449735119,0,2006-04-28
-0.004135512475787029,1306.533984375,1302.31650390625,1296.3434033203125,0.0061376311714881684,0.007074614036827631,56.44064842252048,3.5328294477412783,3.258465449336351,1,2006-05-01
0.0061447144793416175,1308.827978515625,1303.0864990234375,1296.862802734375,0.003450002484998066,-0.01377490726455044,70.65113506250178,3.9135964175043227,3.3894916429699453,0,2006-05-02
-0.003875972595181021,1309.369970703125,1303.19599609375,1297.3646020507813,0.0036508693959524056,-0.0034283764723503918,64.6972284816213,3.7612815686327394,3.4638496281025044,1,2006-05-03
0.0031572064475955397,1309.8759765625,1303.2304931640624,1297.756201171875,0.0037814464745718206,0.015121721087327789,66.24981776081643,3.9285420444291503,3.5567881113678337,1,2006-05-04
0.010295301783673105,1312.9059814453126,1304.0664916992187,1298.5156005859376,0.004970959286462226,-0.05621748339468213,74.99075682372772,5.092538443585227,3.8639381778113124,0,2006-05-05
-0.0008296943472687612,1316.8,1305.5244934082032,1299.2202001953126,0.00487010296118114,-0.06251634157820429,64.47370828733325,5.8587194680505945,4.262894435859169,1,2006-05-08
0.0003623423794523184,1319.1860107421876,1306.9504943847655,1299.8406005859374,0.004395280661905131,0.0027843629433366157,63.141519184930495,6.4305267528959575,4.696420899266527,0,2006-05-09
-0.0017281487519698047,1322.1320068359375,1308.7644958496094,1300.6843994140625,0.004510893714813394,0.05157396548447357,59.71346895774906,6.622560378454182,5.081648795104058,0,2006-05-10
-0.012798073820219913,1320.866015625,1309.6544982910157,1300.9780004882812,0.006264171807488851,0.11591986070397398,46.44469023324205,5.347007442776658,5.134720524638578,0,2006-05-11
-0.011241158123729833,1313.96201171875,1309.760498046875,1301.02,0.007136335358695679,0.014398464163822622,40.29232807391932,3.1156496336918735,4.730906346449237,1,2006-05-12
0.002524712516867922,1307.9300048828125,1310.2190002441407,1301.165400390625,0.007170111667202975,-0.024264302153062522,45.679167043067004,1.5919866063543395,4.103122398430258,0,2006-05-15
-0.0018694816109019463,1301.3179931640625,1309.4589965820312,1301.4417993164063,0.006742934652365657,-0.047672070432540736,41.92410432992253,0.18703928609215836,3.319905775962638,0,2006-05-16
-0.01684107060376383,1290.8119873046876,1307.4784912109376,1301.3305981445312,0.008296569730119939,0.18606493141844171,30.29606721063884,-2.6516756530929797,2.1255894901515147,0,2006-05-17
-0.006699011316142922,1281.989990234375,1304.99599609375,1300.9973999023437,0.008080077083850978,-0.10342378630485483,27.32344896359332,-5.524372978256224,0.5955969964699669,1,2006-05-18
0.004136891022205491,1277.147998046875,1302.78349609375,1300.8934008789063,0.0070482280061990085,0.1752952720995944,32.234661635334504,-7.295698029023697,-0.982662008628766,0,2006-05-19
-0.0039147320056533985,1270.6619873046875,1300.481494140625,1300.5063989257812,0.006936441533376946,-0.07017737987459338,25.493563637682456,-8.996022590458551,-2.585334124994723,0,2006-05-22
-0.004349988881771183,1263.5619873046876,1298.2234924316406,1299.9553979492186,0.006702373388508126,-0.060497437802243814,25.39619826812583,-10.663614871356913,-4.200990274267161,1,2006-05-23
0.0015836558786301858,1261.2119873046875,1295.8814880371094,1299.177197265625,0.006973604158684821,0.15114864216485935,23.840123545655615,-11.689864703832882,-5.698765160180305,1,2006-05-24
0.011370093999100828,1263.4259765625,1294.0394897460938,1298.5743969726564,0.008054468271554014,-0.20883418972134327,24.42940406326406,-11.219145628307615,-6.802841253805767,1,2006-05-25
0.005719336676629716,1266.0519775390626,1292.5169921875,1298.0709985351561,0.007797947564149687,-0.2354713768528235,29.6952143302736,-10.141752042566168,-7.470623411557848,0,2006-05-26
-0.015849611392923735,1265.6119873046875,1290.250994873047,1297.1233984375,0.008991968172508809,0.19965049999448747,24.77782264303316,-10.800643351685494,-8.136627399583377,1,2006-05-30
0.00811192483568468,1268.3139892578124,1288.0949951171874,1296.4235986328124,0.009622736012266125,0.23709786369756314,30.789403036288604,-10.378516163405038,-8.58500515234771,1,2006-05-31
0.012298337548946048,1273.7419921875,1286.9744934082032,1296.1931982421875,0.008904464984713154,-0.12332105075478428,42.57037592162952,-8.683476548840872,-8.604699431646344,1,2006-06-01
0.0019522363844757251,1276.8099853515625,1285.7729919433593,1295.856796875,0.008456348758022399,-0.027379499694935916,48.78067773420943,-7.056268361837965,-8.295013217684668,0,2006-06-02
-0.017799702040102394,1273.835986328125,1282.749493408203,1295.1291967773439,0.010475216307107136,0.007810798330676105,39.82302315176322,-7.530145173987194,-8.142039608945174,0,2006-06-05
-0.0011381291499216184,1274.631982421875,1279.7089904785157,1294.347197265625,0.010399030349395539,0.16606223551634547,40.096830608955415,-7.930479418969526,-8.099727570950044,0,2006-06-06
-0.00609245663695579,1271.843994140625,1276.2594909667969,1293.437998046875,0.010497682228109864,-0.019824662205994104,44.48512294451106,-8.767996890499035,-8.233381434859842,1,2006-06-07
0.0014170515163627329,1266.2880126953125,1273.013494873047,1292.7319995117186,0.010495048940730292,0.3402277463249337,48.406439418627386,-9.182254716128682,-8.42315609111361,0,2006-06-08
-0.004475610441298961,1259.1040283203124,1270.3324951171876,1291.7202001953126,0.009757750681537765,-0.37524514714472357,43.97054326470488,-9.85129180986769,-8.708783234864425,0,2006-06-09
-0.011866251571083786,1253.5340087890625,1267.6424926757813,1290.4639990234375,0.009878852276094596,0.014909665763324309,40.67399734690388,-11.448622412008035,-9.256751070293149,0,2006-06-12
-0.01111165038391615,1245.502001953125,1264.1019897460938,1289.0403979492187,0.009309665493666592,0.4311329277573308,38.279533782661005,-13.66648972238022,-10.138698800710564,1,2006-06-13
0.005189302813874974,1240.2800048828126,1260.9999938964843,1287.6849975585938,0.008966120658990584,-0.17034178439378433,40.13967981814791,-14.741831081604687,-11.05932525688939,1,2006-06-14
0.021235077141956493,1239.9260009765626,1260.2919982910157,1286.6895971679687,0.010912495203587178,0.040288756704485396,44.65748124248178,-13.332690586388253,-11.513998322789163,0,2006-06-15
-0.003677871442713476,1239.7739990234375,1259.778497314453,1285.4891967773438,0.010815313658476508,0.0028499574848315223,40.696931580555436,-12.445270258044047,-11.700252709840141,0,2006-06-16
-0.009116795167204206,1240.31201171875,1258.43349609375,1284.11099609375,0.009779040862154679,-0.09563517868498483,43.190297721817494,-12.51837363611935,-11.863876895095984,0,2006-06-19
-8.071545390841983e-06,1243.5980224609375,1257.3359985351562,1283.0033959960938,0.009796155988689326,-0.11292308914667093,38.87778492538801,-12.433787333736745,-11.977858982824136,1,2006-06-20
0.009740957409162698,1248.0300048828126,1257.1169982910155,1282.1149951171874,0.010300955967436255,0.05744866656217118,37.2284616315099,-11.262177214017811,-11.834722629062872,0,2006-06-21
-0.005270704235182944,1245.9179931640624,1256.4684997558593,1281.295595703125,0.010396102358684723,-0.09022839791125814,34.247506124714064,-10.742398936603195,-11.616257890570937,0,2006-06-22
-0.0008830889591340263,1244.5099853515626,1255.0494995117188,1280.4231958007813,0.010322009907834334,-0.06093995847647782,40.837371850602125,-10.300492082958726,-11.353104729048496,1,2006-06-23
0.004869472554238641,1246.59599609375,1253.5695007324218,1279.6519970703125,0.009621159475429686,-0.06875133224605534,44.37202695116265,-9.353460761850101,-10.953175935608819,0,2006-06-26
-0.00908401587257579,1246.4119873046875,1252.5359985351563,1278.7293969726563,0.009352911394949892,0.1727634702807439,43.0378604413291,-9.411111905611506,-10.644763129609357,1,2006-06-27
0.005487450852216691,1245.1719970703125,1251.3315002441407,1277.5037963867187,0.009367153517629893,-0.05339675824849188,45.29387801093863,-8.806577004541623,-10.277125904595811,1,2006-06-28
0.021565004106891994,1250.6260009765624,1250.689501953125,1276.7625952148437,0.00944531039419799,0.25689885830188586,56.94975901915061,-6.089103303420188,-9.439521384360688,0,2006-06-29
-0.002097656442177853,1255.7659912109375,1249.7885009765625,1275.9373950195313,0.009364492439024447,0.1633991416309013,62.061833244043015,-4.103631934322493,-8.37234349435305,1,2006-06-30
0.0078648957789349,1261.6919677734375,1250.53349609375,1275.3155932617187,0.008740158314146006,-0.6345472789517177,71.39498591997219,-1.7043758636623352,-7.0387499682149075,0,2006-07-03
-0.007248851851131444,1268.033984375,1250.8864990234374,1274.5715942382812,0.009317987454285952,0.9426902473821637,65.14038935491894,-0.545471246732177,-5.740094223918362,1,2006-07-05
0.0024942142163870695,1273.6499755859375,1251.7829956054688,1274.0183935546875,0.008966970943030969,-0.07201152849561443,57.99853541803789,0.6215899132184859,-4.467757396490993,0,2006-07-06
-0.006749949675504019,1272.17197265625,1252.1604919433594,1273.2197924804686,0.009107123892474369,-0.010457106452447795,56.00859543372845,0.8428324856608924,-3.405639420060616,1,2006-07-07
0.0014697864685884188,1271.5999755859375,1252.9124877929687,1272.3721923828125,0.009065518522054746,-0.06717802982672338,62.78063570624216,1.154940654671691,-2.493523405114155,1,2006-07-10
0.004016355538295047,1270.047998046875,1254.6619934082032,1271.60859375,0.009037992273307335,0.24601663979639699,64.48491442055746,1.7923550273121691,-1.6363477186288902,0,2006-07-11
-0.01086902819111013,1267.585986328125,1256.4074951171874,1270.6767944335938,0.009290321352015022,-0.026137568427202162,52.82486575839637,1.1680739585567608,-1.0754633831917602,0,2006-07-12
-0.012966746071534585,1261.2260009765625,1257.0194946289062,1269.2581958007813,0.010217428214421837,0.13122264436001685,48.650429677149155,-0.6362225822856544,-0.9876152230105391,0,2006-07-13
-0.004894289517349271,1255.3699951171875,1256.0214904785157,1267.819794921875,0.0067914313525270185,-0.03089057884482438,46.75729244363391,-2.527615305654763,-1.2956152395393838,0,2006-07-14
-0.001383239771105771,1248.8,1255.1689880371093,1266.2645947265626,0.0068045323897867474,-0.1299936768377704,43.500747449095456,-4.117078108941996,-1.8599078134199063,1,2006-07-17
0.001919817200573215,1241.685986328125,1255.0054870605468,1264.4865942382812,0.005975876815193695,0.15623296574279855,48.97942885497338,-5.126406015457633,-2.5132074538274516,1,2006-07-18
0.018555110128867458,1241.9280029296874,1255.989990234375,1263.1895947265625,0.008963645237373629,0.08873980054397101,55.279476439008725,-4.027994332975368,-2.816164829657035,0,2006-07-19
-0.008477511064532206,1243.297998046875,1255.836492919922,1261.66939453125,0.009178971441500953,-0.13190327093464793,39.64224694398404,-3.9734824067409136,-3.047628345073811,0,2006-07-20
-0.007076898149718125,1244.116015625,1255.57099609375,1260.0181958007813,0.009198577157153385,0.1528449253489541,37.61699624399099,-4.590674240437011,-3.356237524146451,1,2006-07-21
0.016625139659086186,1249.4000244140625,1256.3914978027344,1259.1179956054686,0.01091646639564977,-0.14473260875192762,42.663659191642,-3.3770138245492944,-3.36039278422702,1,2006-07-24
0.0063208083741757015,1255.8040283203125,1257.3074951171875,1258.6707958984375,0.011044914617905239,0.10862101767615617,49.21976019472683,-1.7518746525981896,-3.038689157901254,0,2006-07-25
-0.00037827096880949096,1257.522021484375,1258.7674987792968,1258.1487963867187,0.01040099980124857,0.04047692409699177,47.77083001968071,-0.4969421233333833,-2.53033975098768,0,2006-07-26
-0.004099710771126586,1260.3360107421875,1259.6274963378905,1257.5711962890625,0.009427006355269368,0.040859013910807374,49.080635158149654,0.07710962384589948,-2.0088498760209643,1,2006-07-27
0.012151756055729379,1267.9880126953126,1259.9114990234375,1257.7357983398438,0.009638669534950706,-0.10670541756251106,54.07667973872457,1.750495738814152,-1.2569807530539412,0,2006-07-28
-0.0014782484660414985,1271.1380126953125,1260.2345031738282,1258.0327978515625,0.009643970826061974,-0.007708371969263217,51.57493914222812,2.890834167602634,-0.42741776892262623,0,2006-07-31
-0.004496099259552078,1271.5460205078125,1259.7710083007812,1258.1105981445312,0.009962017593151802,0.02697355056271067,54.88116057541264,3.2934267735397498,0.31675113956984896,1,2006-08-01
0.005106529136347682,1273.3480224609375,1260.0960083007812,1258.4173999023437,0.008374792486921427,0.03286004217289307,65.09406748102654,4.089036420551338,1.0712081957661468,1,2006-08-02
0.0022388937577111356,1276.7620361328125,1260.4055114746093,1258.891201171875,0.0076191676504154225,0.04507900028727385,69.47415435536386,4.893925586049136,1.8357516738227446,0,2006-08-03
-0.0007108142546528029,1276.9240234375,1261.09951171875,1259.307001953125,0.006969096175479411,-0.07237469029921861,69.96880612534267,5.3961702046715345,2.5478353799925024,0,2006-08-04
-0.0028060638611625555,1276.7460205078125,1261.521014404297,1259.3648022460939,0.005295677654571554,-0.191748618118745,67.13039048031584,5.441792843799021,3.1266268727538065,0,2006-08-07
-0.003362705657620202,1276.8580078125,1261.4735107421875,1259.191201171875,0.005135102593435376,0.20148998367275106,56.14787833888957,5.073297005151744,3.515960899233394,0,2006-08-08
-0.004349285385394919,1274.5659912109375,1261.8410095214845,1259.3128002929689,0.005335827197817666,0.0396038798294438,59.369385909440176,4.285632150561696,3.669895149499055,1,2006-08-09
0.0046290198253495785,1272.8739990234376,1263.3175109863282,1259.3472021484374,0.005337425181513044,-0.0598744511149899,68.16082058899654,4.0871496553991165,3.7533460506790672,0,2006-08-10
-0.003986498082096501,1270.35,1264.8445129394531,1258.967802734375,0.0036654634905034685,-0.16553644799120804,54.09232604251104,3.480616325331539,3.698800105609562,1,2006-08-11
0.0011604360124866098,1268.83798828125,1266.5305114746093,1258.5676025390626,0.0037155674040252923,0.05661149191335668,49.4824344533267,3.083009626236162,3.575642009734882,1,2006-08-14
0.013696466399260254,1271.6579833984374,1268.9665100097657,1258.9734008789062,0.0056021752710906795,0.10201981095551504,60.524292811912055,4.1220010294416625,3.6849138136762383,1,2006-08-15
0.007661987579892671,1277.55400390625,1270.747509765625,1259.6050024414062,0.00585471184626014,0.09445610727903686,68.67970234616762,5.674814038384056,4.082893858617802,1,2006-08-16
0.0015824295197877092,1282.68798828125,1273.1650085449219,1260.4316015625,0.005848150788948265,-0.03766974481028118,62.97099897619828,6.9902621025560165,4.664367507405445,1,2006-08-17
0.003714946228020821,1289.8,1276.2655090332032,1261.3190014648437,0.005842201220950743,-0.17264902332468246,66.89059547263881,8.325729576343974,5.3966399211931515,0,2006-08-18
-0.003670451599211977,1295.66201171875,1278.0960083007812,1262.2234008789062,0.00592365211802343,-0.13504530682281912,67.74744221882325,8.895843014161073,6.096480539786736,1,2006-08-21
0.0010018548756436374,1298.310009765625,1279.5930053710938,1263.4510009765625,0.0056636435718130295,0.08497987767445037,65.34755352698838,9.344833819180394,6.746151195665468,0,2006-08-22
-0.0044886560845824874,1297.8219970703126,1280.8225036621093,1264.837001953125,0.005681541076487692,-0.007895260747927901,58.745828605193005,9.125045689756917,7.221930094483758,1,2006-08-23
0.0023743945293950297,1297.5380126953125,1282.465509033203,1266.15740234375,0.00561571374837861,0.019353952906261407,61.15118703528909,9.093763626258351,7.596296800838677,0,2006-08-24
-0.0007484936882400373,1296.09599609375,1283.2925048828124,1266.9360009765626,0.005324064669857397,-0.13611214720875298,63.36828519639095,8.888235935023658,7.854684627675674,1,2006-08-25
0.005165713311912734,1296.947998046875,1284.5485046386718,1267.94080078125,0.005385095555596909,0.10034900874320862,70.29191423404805,9.159599805434254,8.11566766322739,1,2006-08-28
0.0019204473442031578,1298.0400146484376,1286.21650390625,1269.2238012695314,0.0037288590627425843,0.14104157129466133,76.75546527242858,9.467254122075701,8.385984954997053,1,2006-08-29
0.0008356838990319915,1300.516015625,1287.614501953125,1270.5288012695312,0.003023750615656187,-0.015775748428634162,75.09708445388968,9.6873537333488,8.646258710667402,0,2006-08-30
-0.0011874402153588814,1302.0679931640625,1288.7919982910157,1271.561201171875,0.0030674854356700734,-0.04180638523989533,79.2704713779407,9.625748636423396,8.8421566958186,1,2006-08-31
0.00551461380616769,1305.252001953125,1290.3744995117188,1272.8694018554688,0.003319995133381419,-0.08813191933311049,80.98744657458701,10.041353710906606,9.081996098836202,1,2006-09-01
0.0017085988800158436,1307.54599609375,1292.2484985351562,1274.2444018554688,0.0029538685154681457,0.17437184813276163,75.65352412986056,10.431227520598213,9.351842383188604,0,2006-09-05
-0.009891483140586299,1306.7419921875,1293.6875,1275.2384008789063,0.004592917515818067,0.10186428814649462,54.23159272671271,9.58157128418884,9.397788163388652,0,2006-09-06
-0.004799032645401269,1304.4719970703125,1295.0910034179688,1276.3348022460937,0.004628435893640332,-0.0017254181563778337,47.176014857206624,8.30891750438309,9.18001403158754,1,2006-09-07
0.0037866681659510792,1303.4920166015625,1296.4465026855469,1277.393203125,0.004726417382588141,-0.08296321774835003,47.244870139045055,7.608020707031528,8.865615366676337,1,2006-09-08
0.00047731584409493877,1301.1980224609374,1298.0865051269532,1277.9266040039063,0.0047140847160719946,0.17513326988264755,51.76636351991802,7.021642248859052,8.496820743112881,1,2006-09-11
0.010357480749273451,1301.1480224609375,1300.3260070800782,1278.7826049804687,0.005520006101517711,0.11376739027221983,60.224986136417655,7.555939289477692,8.308644452385844,1,2006-09-12
0.00386134523157855,1304.710009765625,1301.950506591797,1279.540205078125,0.005594574092728113,-0.06962365398806414,68.28512893171879,8.292880671546072,8.30549169621789,0,2006-09-13
-0.0013579833128180008,1309.16201171875,1302.9930053710937,1280.4476049804687,0.0056473829831428235,-0.09471665858109823,65.02225559654792,8.632965234512767,8.370986403876866,1,2006-09-14
0.0025678463606395585,1313.310009765625,1304.1020080566407,1281.3592065429686,0.005621866988174747,0.36015770536147196,67.6230685177143,9.07066190287901,8.510921503677295,1,2006-09-15
0.0011518266007009004,1317.6380126953125,1305.0460083007813,1282.4732080078124,0.005417340278851168,-0.2729649190282768,65.02947735152097,9.431472395939409,8.695031682129718,0,2006-09-18
-0.0026794523975416373,1318.566015625,1306.0520080566407,1283.479208984375,0.005511232168438726,0.02828719872004415,60.18602798423769,9.324281234280761,8.820881592559926,1,2006-09-19
0.005722381666218412,1319.988037109375,1307.3700134277344,1284.534208984375,0.004384795485398014,0.06366773323295072,63.75124985171251,9.735524537291667,9.003810181506275,0,2006-09-20
-0.005395511646919315,1320.338037109375,1308.6220153808595,1285.7228100585937,0.004489002628994325,0.03317643635448486,59.15244242819741,9.376405239813039,9.078329193167628,0,2006-09-21
-0.002465801178850091,1319.3620361328126,1309.5580139160156,1287.1728100585938,0.004622605241303123,-0.17681088816490576,52.55802858524884,8.72893108663402,9.008449571860908,1,2006-09-22
0.00881513680011592,1320.4000244140625,1311.1220153808595,1288.9762109375,0.0051900880793972915,0.25306998076638565,57.899812278486415,9.046731447027014,9.016105946894129,1,2006-09-25
0.007524280936307193,1324.1420166015625,1312.8505126953125,1291.0134106445312,0.004744912191321119,-0.013611340693075125,72.54779936089567,9.988747476784738,9.210634252872252,1,2006-09-26
0.00017958636491899327,1326.4239990234375,1314.4660095214845,1293.0080102539061,0.004707680857185228,0.028368900443264122,78.75185711011406,10.632106863789886,9.49492877505578,1,2006-09-27
0.0017133444968626677,1330.593994140625,1316.1415100097656,1294.5894091796874,0.004606402113012286,-0.12780855451969486,77.97536029753603,11.197680931371679,9.83547920631896,0,2006-09-28
-0.0022631074374287463,1334.8079833984375,1317.7430114746094,1296.32380859375,0.004757670244971681,-0.05187628762792873,74.59024660433356,11.271473878799043,10.122678140814976,0,2006-09-29
-0.00339112129330843,1335.7979736328125,1318.7585083007812,1298.1444067382813,0.0049777961170858346,-0.05232182209260894,64.11397488249091,10.839469162886871,10.266036345229356,1,2006-10-02
0.0020956938790537283,1335.3499755859375,1319.8015075683593,1299.6084057617188,0.004836522832081683,0.24516820764175118,62.80741699546185,10.600044434176198,10.332837963018726,1,2006-10-03
0.012060449286025232,1338.07197265625,1322.2985046386718,1301.2348046875,0.005805455922284609,0.12569100417864165,72.04878358433974,11.5751927670442,10.581308923823821,1,2006-10-04
0.002236720219570998,1340.9399658203124,1325.2585021972657,1302.9312036132812,0.005213098831852358,-0.06710200405314115,71.91735719034855,12.448200081418918,10.95468715534284,0,2006-10-05
-0.0026824943182935934,1343.6879638671876,1327.7919982910157,1304.65900390625,0.00523712386951008,-0.10444264599395148,68.05634432227612,12.700747301956426,11.303899184665559,1,2006-10-06
0.0007928840510640356,1347.5559814453125,1330.347998046875,1306.1012036132813,0.004778565018701218,-0.23298850574712648,71.6666239475067,12.839235650966202,11.610966477925688,1,2006-10-09
0.0020434526052304225,1351.4179931640624,1332.3690002441406,1307.6364038085937,0.004347309777580156,0.2278714531539865,69.7703196518731,13.021593562109501,11.89309189476245,0,2006-10-10
-0.002563943683974057,1351.3679931640625,1333.9630004882813,1309.217001953125,0.004507970855251805,0.060964421288308035,73.56053397918288,12.739255823248413,12.062324680459644,1,2006-10-11
0.009541098076733423,1353.289990234375,1336.2904968261719,1310.925400390625,0.005261440155966623,-0.0026378421261403773,81.05194401538614,13.400339114527469,12.329927567273211,1,2006-10-12
0.002047239312655602,1356.49599609375,1338.5884948730468,1312.6323999023436,0.005065696570944148,-0.012500248573189876,78.62025749117011,13.98813866550654,12.661569786919877,1,2006-10-13
0.0025190488487738527,1360.1760009765626,1340.9824951171875,1314.4264013671875,0.004667701542405885,-0.071287033009521,76.36617318012489,14.563677409668799,13.041991311469662,0,2006-10-16
-0.0036594521432252725,1362.302001953125,1343.302996826172,1316.192001953125,0.005100185255949239,0.09267450735498195,70.55382664295935,14.448971345761038,13.323387318327939,1,2006-10-17
0.0012829441276758224,1365.472021484375,1345.3339965820312,1318.0784033203124,0.003753904250794531,0.05525436375326431,70.31383277604296,14.334042419955722,13.525518338653496,1,2006-10-18
0.0008492546990097605,1366.2980224609375,1347.7804931640626,1320.098603515625,0.003735105383137328,-0.014671811767537735,74.1573694038693,14.173176080315443,13.655049886985886,1,2006-10-19
0.0011997532446470505,1366.8940185546876,1350.4714904785155,1322.0344018554688,0.0035023649377515305,-0.03565880228869811,80.30884658899188,14.016450902064435,13.727330090001596,1,2006-10-20
0.006152304614580828,1368.4860107421875,1353.0039916992187,1324.2400024414062,0.0037959989862615664,-0.018199737968104923,81.96028228996002,14.405613303322298,13.862986732665737,1,2006-10-23
0.0002614234698528062,1371.152001953125,1355.0554931640625,1326.4234033203124,0.0038323186848085444,0.1598351898662731,76.43960282232688,14.575062867357474,14.005401959604086,1,2006-10-24
0.003513892900401272,1374.435986328125,1357.3369934082032,1328.3562036132812,0.003540708866808485,0.02664335445567967,77.24528648103124,14.927819054277734,14.189885378538817,1,2006-10-25
0.004963019994619788,1378.8599853515625,1359.846990966797,1330.2292016601561,0.0027088265674771023,-0.05423661098207577,84.97772684023873,15.581312686840874,14.46817084019923,0,2006-10-26
-0.00845163029183671,1380.6079833984375,1361.9214904785156,1331.8264013671876,0.004248181154907087,-0.11989188608659851,69.8747653897077,14.979220868165612,14.570380845792506,1,2006-10-27
0.00042842573748558266,1380.789990234375,1364.2519958496093,1333.3390014648437,0.004208891495008861,0.12690516382273387,68.8683110556466,14.383865675371226,14.533077811708251,1,2006-10-30
7.175759964006545e-06,1380.9019775390625,1366.4434936523437,1334.9473999023437,0.003942659162040523,0.011763474393958973,72.75979401500021,13.754289364114129,14.377320122189428,0,2006-10-31
-0.007351469035843494,1378.0199951171876,1367.3239990234374,1336.3272021484374,0.004743058462972137,0.006468000699243248,54.23911620396636,12.296205712256324,13.961097240202808,0,2006-11-01
-0.0003436827873022352,1373.6719970703125,1368.0299987792969,1337.8142016601562,0.0047387187927749475,-0.06202413191736733,51.524258316889956,10.976204502096152,13.364118692581476,0,2006-11-02
-0.0022232342125417803,1371.064013671875,1368.7655029296875,1339.1790014648439,0.004769001631594164,-0.08557618907254982,45.75149156486836,9.574430067385038,12.606180967542189,1,2006-11-03
0.011346463325312195,1371.4340087890625,1370.221502685547,1340.872802734375,0.005735327244389271,0.047038305926694335,61.828876926805265,9.601933666558352,12.005331507345423,1,2006-11-06
0.002217698805944357,1372.414013671875,1371.6924987792968,1342.4940014648437,0.005770341823818233,0.04059126522073764,62.56636929143073,9.758155825426456,11.55589637096163,1,2006-11-07
0.0020826740288086842,1375.99599609375,1373.4809997558593,1344.1228002929688,0.00570216681852611,0.06767966803090597,63.492570754302854,9.999092028006999,11.244535502370704,0,2006-11-08
-0.005332978382845854,1378.193994140625,1374.2559997558594,1345.5819995117188,0.0056896588303319414,0.07006842355816723,56.46340474530092,9.484393103338562,10.892507022564276,1,2006-11-09
0.0018646249021037065,1381.5139892578125,1375.020001220703,1347.1236010742186,0.005038488971227371,-0.2396540562075663,52.79459526945402,9.178074406373753,10.549620499326172,1,2006-11-10
0.0025490763045961096,1382.4419921875,1375.7880004882813,1348.5918017578124,0.005090279830461442,0.04197886647454374,54.84985889056703,9.114286963593486,10.262553792179636,1,2006-11-13
0.006356399415263114,1384.5179931640625,1377.2464965820313,1350.191201171875,0.005410432532246271,0.2686708515970062,57.18580446369619,9.662432988094452,10.1425296313626,1,2006-11-14
0.002404484328664136,1386.68798828125,1378.7849914550782,1352.1173999023438,0.0045201824731779,-0.06485591977486227,55.12803797679939,10.249013447330071,10.163826394556095,1,2006-11-15
0.002284213178895156,1390.9739990234375,1380.4249938964845,1354.2321997070312,0.0044384864283446195,0.0016247929272057426,67.38530798778538,10.8462651562877,10.300314146902416,1,2006-11-16
0.0010287059183031744,1395.033984375,1382.0549926757812,1356.2777978515626,0.004177228588421837,-0.038660239162402577,67.80958217873953,11.305460366296984,10.50134339078133,0,2006-11-17
-0.0004995369656483062,1398.2499755859376,1383.2289916992188,1358.2969970703125,0.0029442122321775037,-0.0658046293239426,67.08583410066674,11.480554977336396,10.697185708092343,1,2006-11-20
0.001649452762406245,1400.1679931640624,1384.5004943847657,1360.0931982421876,0.0029341921485619006,0.020116149856088894,80.06875374915579,11.671183007967556,10.891985168067386,1,2006-11-21
0.0023380978817977294,1402.0719970703126,1385.693994140625,1361.8535986328125,0.0029415233401885728,-0.1386598612747023,81.75721099977591,11.949175539977205,11.10342324244935,0,2006-11-22
-0.0036555375355650233,1402.3099853515625,1386.2874938964844,1363.5469970703125,0.002529856227573367,-0.62794553360355,79.03658829081849,11.62077335760273,11.206893265480026,0,2006-11-24
-0.013555081120842472,1398.4619873046875,1386.5184936523438,1364.7929956054688,0.005420312382776578,2.256513122334995,51.63609711406321,9.716176719010264,10.908749956186075,1,2006-11-27
0.0034443905034671207,1395.7059814453125,1386.957989501953,1366.1037939453124,0.005472585702847593,-0.026357235330350615,52.83958426020723,8.492961593507516,10.425592283650364,1,2006-11-28
0.009201576407062984,1395.0399658203125,1388.0349914550782,1367.7405932617187,0.005887620598158499,0.05728572781513397,58.79796570165498,8.455708794505199,10.031615585821331,1,2006-11-29
0.0008217512433992269,1393.9479736328126,1389.6759887695312,1369.2495922851563,0.005850820751188507,0.4354256763777469,65.49476162688126,8.421900614135211,9.709672591484107,0,2006-11-30
-0.002798771932377986,1393.0999755859375,1391.1444885253907,1370.8231909179688,0.0058805662839984995,-0.30084393557034916,60.78294244490513,7.98672658984151,9.365083391155588,1,2006-12-01
0.00888519057411008,1398.531982421875,1393.3854858398438,1372.709990234375,0.006550040552222225,-0.01237424044441593,65.02431012411975,8.544735689531308,9.201013850830734,1,2006-12-04
0.00400250842226435,1404.139990234375,1395.1344848632812,1374.4777905273438,0.006621683338846357,-0.003839035252609979,63.626030122193804,9.334462099254552,9.227703500515497,0,2006-12-05
-0.0013147002592126533,1406.8239990234374,1396.6374877929688,1376.0087915039062,0.006657288362071057,-0.011038937475051691,60.528734908467,9.69844308054553,9.321851416521504,0,2006-12-06
-0.003970546574156186,1408.156005859375,1397.7159912109375,1377.42279296875,0.006786360907748362,0.006557124405565773,54.70803554801149,9.425569598178072,9.342595052852818,1,2006-12-07
0.001811941168510689,1410.7820068359374,1399.2914916992188,1378.8419921875,0.006668859097856153,-0.11034394765142264,55.32808296208863,9.307778894973126,9.33563182127688,1,2006-12-08
0.002269813113380925,1411.566015625,1400.8984924316405,1380.3857934570312,0.004421794944532282,-0.06169328733107693,57.50181104386231,9.364697675086973,9.3414449920389,0,2006-12-11
-0.0010473733424651854,1410.926025390625,1402.2554931640625,1381.990595703125,0.004512538360744831,0.19575964015895897,55.28700906344411,9.184510839491395,9.3100581615294,1,2006-12-12
0.0011688502615989638,1410.9880126953126,1403.2549926757813,1383.5725952148437,0.0036849074273844,-0.0678957113692722,54.388557412325916,9.070288168489242,9.262104162921368,1,2006-12-13
0.008689458492585622,1414.6280029296875,1404.700994873047,1385.0783959960938,0.004414400785715384,0.06952269753081586,63.90212800092942,9.85703584117573,9.38109049857224,1,2006-12-14
0.0011224039431343424,1418.0780029296875,1406.0674926757813,1386.5557958984375,0.004128402935270286,0.18312635088104923,81.83999435035061,10.488736077729527,9.602619614403698,0,2006-12-15
-0.00323033968563613,1419.9659912109375,1407.131494140625,1388.0135961914064,0.0036906018602520015,-0.20480681698549041,75.28282280810166,10.496380040400709,9.7813716996031,1,2006-12-18
0.002158250661892236,1422.7639892578125,1408.3839965820312,1389.511396484375,0.0035650706020501164,0.05798749289368965,71.35839410510484,10.62765777155596,9.950628913993674,0,2006-12-19
-0.0014170106008628558,1424.8280029296875,1409.4199951171875,1390.9135961914062,0.003571844911902322,-0.12124502219310573,68.49758916158041,10.448256626560124,10.050154456506965,0,2006-12-20
-0.003673951628075822,1423.3900146484375,1410.030499267578,1392.2805981445313,0.0035292175207471796,-0.027315790134987417,67.07807406491881,9.771425303183605,9.994408625842294,0,2006-12-21
-0.005316251006780903,1420.1240234375,1410.5210021972657,1393.23919921875,0.0039887458596424485,-0.29056884873902544,51.405567028860425,8.528304480131737,9.701187796700182,1,2006-12-22
0.004352274381138388,1419.0080322265626,1412.2680053710938,1394.2647998046875,0.004166612533201877,-0.2047111235198077,51.81850432661088,7.946962502628594,9.350342737885866,1,2006-12-26
0.007015273650207154,1419.266015625,1414.2740051269532,1395.4203979492188,0.004634857376148061,0.2725004006685441,60.41538977906196,8.193861264882571,9.119046443285207,0,2006-12-27
-0.0014787820653379136,1419.506005859375,1415.5365051269532,1396.6339965820312,0.0047047507550537085,-0.09523980880068617,63.749576545224976,8.12560520994407,8.92035819661698,0,2006-12-28
-0.004513087903512458,1419.506005859375,1416.4200073242187,1397.6839965820313,0.004059982968862678,0.11244423526916214,56.285358257711934,7.46659973448709,8.629606504191003,0,2006-12-29
-0.0011986696634412874,1420.6739990234375,1417.4145080566407,1398.676796875,0.004023225346202403,1.04335597664164,52.70512194986206,6.729577069330844,8.249600617218972,1,2007-01-03
0.0012282862236074887,1420.9619873046875,1417.875506591797,1399.6715966796876,0.003961963276796631,-0.1238495724900559,55.13163316782559,6.2142499621147635,7.842530486198131,0,2007-01-04
-0.006084581335068839,1417.535986328125,1417.6230041503907,1400.3253955078126,0.004244683704946466,-0.02831124395065998,47.60405385530731,5.051252551711514,7.284274899300808,1,2007-01-05
0.00222031834174663,1415.1579833984374,1417.6200012207032,1401.0345947265625,0.0043693374215996415,-0.0534561896280058,40.10015533438927,4.332195111970805,6.693858941834808,0,2007-01-08
-0.00051667597633831,1413.919970703125,1417.8609985351563,1401.6323950195313,0.004246514875981214,0.09953172609957517,38.114903343276644,3.6612292159547906,6.087332996658805,1,2007-01-09
0.0019403518584233392,1413.569970703125,1418.1114990234375,1402.1477954101563,0.003926569401804781,-0.09008748082859941,43.761241343790985,3.312394994570923,5.5323453962412295,1,2007-01-10
0.006339874091180642,1414.665966796875,1418.6504943847656,1403.0773950195312,0.004195760439476266,0.03371481484160799,48.709840097729185,3.7168969570457193,5.169255708402128,1,2007-01-11
0.004853165737491727,1418.869970703125,1419.6089904785156,1404.1333935546875,0.0038651263848944167,-0.05997123732010201,55.00414028086037,4.542684446742896,5.043941456070282,1,2007-01-12
0.000817795084526729,1422.681982421875,1420.5434936523438,1405.2125952148438,0.0038170058348372814,-0.032365772311723884,60.01765955189337,5.2312373024365115,5.081400625343528,0,2007-01-16
-0.0008939376178855873,1426.383984375,1420.7999938964845,1406.4687939453124,0.003441013696812451,0.03490630998680522,66.11488715131608,5.608975951420689,5.186915690558961,0,2007-01-17
-0.002970739969038294,1428.68798828125,1420.7639953613282,1407.64939453125,0.0036013137092653406,0.04912518074394012,57.927317763044954,5.501973742488872,5.249927300944943,1,2007-01-18
0.0028954653399542174,1430.0239990234375,1421.1649963378907,1408.9733935546874,0.003666821688086672,-0.015925992850132742,53.393945842662546,5.684898626513586,5.336921566058672,0,2007-01-19
-0.005277909002534109,1428.4679931640626,1421.0349914550782,1409.8367919921875,0.0035022486354101125,-0.08545876117919837,48.5006518904824,5.161147576408666,5.3017667681286715,1,2007-01-22
0.003541965097471733,1427.685986328125,1421.257989501953,1410.7397924804689,0.0035799752391250422,0.1712320677763255,58.35768974840596,5.0940392136324135,5.2602212572294205,1,2007-01-23
0.008501470410478884,1429.58798828125,1422.3494873046875,1411.8279931640625,0.004214651361662436,-0.06449932270501202,67.19776023525381,5.951843924567584,5.398545790697053,0,2007-01-24
-0.011269802319041844,1429.093994140625,1423.0064880371094,1412.73939453125,0.005942649457618442,0.07586645491847466,53.35346729139855,5.261386564692657,5.371113945496174,0,2007-01-25
-0.001207929400684371,1427.4300048828125,1423.270489501953,1413.5649951171874,0.005610232925005596,-0.12280209596136693,58.205075894241226,4.523265482322586,5.201544252861456,0,2007-01-26
-0.001096948722968838,1426.964013671875,1422.959490966797,1414.288994140625,0.005335204331598492,0.03954131164766883,55.22709751496761,3.768969185439346,4.915029239377034,1,2007-01-29
0.005772093311412707,1427.1300048828125,1423.1639892578125,1415.0009936523438,0.005708379431969047,-0.008873897629720795,60.20267006934548,3.789172246487169,4.689857840799061,1,2007-01-30
0.006592883847806208,1426.752001953125,1424.160986328125,1415.83439453125,0.006085832604556075,0.09993163972286379,63.204225109466115,4.513275902529813,4.654541453145212,1,2007-01-31
0.005353731800087358,1431.1599853515625,1425.6279846191405,1416.7579931640626,0.006120268305739156,-0.020761315420819715,62.66893002014925,5.643401357270932,4.852313433970356,1,2007-02-01
0.0016944502133364736,1436.4019775390625,1427.1304870605468,1417.7017944335937,0.006098983185935193,-0.1185087601933521,60.65909549723191,6.65996245529368,5.213843238235022,0,2007-02-02
-0.0009666073363550076,1441.6759765625,1428.9944885253906,1418.6315942382812,0.005726446478736621,-0.05060226896806708,59.082659942308055,7.26883359073895,5.624841308735808,1,2007-02-05
0.0006980074309024253,1445.5119873046874,1430.752490234375,1419.5353930664062,0.00569486976647971,0.06939325990087841,60.49515036879016,7.743604249775899,6.048593896943826,1,2007-02-06
0.0013950411127416906,1447.8679931640625,1432.6479919433593,1420.413994140625,0.005126232008411053,0.0038754786848671507,64.67665912661678,8.188470520747842,6.476569221704629,0,2007-02-07
-0.0011792671235344443,1448.3420166015626,1434.32099609375,1421.3611962890625,0.0031028423182909996,0.0753621860227125,61.3947698084679,8.307289427255682,6.84271326281484,0,2007-02-08
-0.0070772138460132306,1446.276025390625,1435.0330017089843,1422.4831982421874,0.004107612850528839,0.0481609840280095,59.34452020461285,7.488047380476928,6.971780086347258,0,2007-02-09
-0.0032613821992586445,1443.5520263671874,1435.1650024414062,1423.4161987304688,0.004290293107720981,-0.18840304762162874,53.34161287240865,6.386721084950295,6.854768286067866,1,2007-02-12
0.007597490309923183,1442.8040283203125,1435.7830017089843,1424.3117993164062,0.004551403624031454,0.107055199358846,52.60567730050199,6.319794573686977,6.747773543591689,1,2007-02-13
0.007644080004882037,1443.8600341796875,1437.0170043945313,1425.4052001953125,0.004702390901736845,0.017774258620364636,71.19899258448561,7.076025698638205,6.813423974600992,1,2007-02-14
0.0010375934274453602,1445.5600341796876,1438.5390075683595,1426.6072021484374,0.004470080047457469,-0.0771943733352104,73.4461082248864,7.708332621728232,6.9924057040264405,0,2007-02-15
-0.0008717811383565088,1449.0560302734375,1439.7910095214843,1427.5356030273438,0.004484000680576824,-0.03672137202318826,73.73569751329643,8.014573437932768,7.196839250807706,1,2007-02-16
0.002844315193901492,1454.3180419921875,1441.6275146484375,1428.43400390625,0.00450723809952811,-0.025668382337619033,72.20143814130599,8.493429109900717,7.456157222626309,0,2007-02-20
-0.001404450806129165,1456.992041015625,1443.1095153808594,1429.328603515625,0.004565469707472719,0.11511382204238063,65.60432716205835,8.608273059086287,7.686580389918305,0,2007-02-21
-0.0008575564414925463,1457.2080322265624,1443.9220153808594,1430.3104028320313,0.004581399000928095,-0.2517127097254295,59.37500685107195,8.500435434555357,7.849351398845716,0,2007-02-22
-0.003563673944411261,1456.0840087890624,1445.2865112304687,1431.13740234375,0.004734929822758259,0.3225290526304998,52.396365072433184,7.905054050430181,7.86049192916261,0,2007-02-23
-0.0012541061904680628,1454.85,1446.6460083007812,1431.8640014648438,0.004047495208242924,0.0938855404174499,52.02243065107391,7.20332016743896,7.72905757681788,0,2007-02-26
-0.034725402225963764,1442.7219970703125,1445.5670104980468,1431.6136010742186,0.011988132331000507,0.44046248099866414,27.366914659250966,2.5565142756338446,6.694548916581073,1,2007-02-27
0.005560889616694542,1432.5599853515625,1444.4670104980469,1431.48580078125,0.011816330035645221,-0.034433476088683745,31.039301010572913,-0.4926602970303975,5.25710707385878,0,2007-02-28
-0.0025944345993798024,1421.9179931640624,1442.7135131835937,1431.0394018554687,0.011264725701033696,-0.012824660849627412,30.519583827209274,-3.1671606728696133,3.5722535245131017,0,2007-03-01
-0.011402751982227732,1409.114013671875,1439.7750183105468,1430.2410034179688,0.011384064348111502,-0.14520337246542503,29.076547661230506,-6.502827227468742,1.5572373741167331,0,2007-03-02
-0.009407677800631231,1394.064013671875,1436.0615173339843,1429.2738037109375,0.01137456606090091,0.050799152240464274,27.206273233938873,-10.083164437703545,-0.7708429882473223,1,2007-03-05
0.01549358071940743,1393.3380126953125,1433.48251953125,1428.6710034179687,0.013013220732523216,-0.03515566639467671,32.59956640122583,-11.075013387315266,-2.831677068060911,0,2007-03-06
-0.0024652707034493737,1390.368017578125,1430.6810180664063,1428.0398022460938,0.012990250805232638,-0.06456214117254688,26.15045988974414,-12.00031305950256,-4.665404266349241,1,2007-03-07
0.007126622092502144,1390.11201171875,1428.2745178222656,1427.7116015625,0.013476734439120085,-0.04026931096503095,30.54964476151855,-11.797164703789576,-6.091756353837309,1,2007-03-08
0.0006776217548800645,1393.24599609375,1426.0010131835938,1427.5532006835938,0.013548859959386221,-0.12995671426439126,31.293454947245266,-11.42778268256825,-7.158961619583498,1,2007-03-09
0.0026802841786919274,1399.7419921875,1424.4280090332031,1427.3471997070312,0.013671411748981037,0.015611597186481418,31.107600546396796,-10.708205873441102,-7.86881047035502,0,2007-03-12
-0.020368281609082217,1396.2499755859376,1421.6570068359374,1426.3693994140624,0.010295639770116698,0.30839714714714717,26.15511291945242,-12.307876066005065,-8.756623589485029,1,2007-03-13
0.006691166660731218,1395.289990234375,1418.802508544922,1425.6182006835938,0.010387199028063739,0.0782597968194585,30.231379139615484,-12.685412251289563,-9.542381321845935,1,2007-03-14
0.003683748343518811,1393.3679931640625,1415.6515075683594,1425.0978002929687,0.010493280368229645,-0.24916519217209676,33.16570784328226,-12.4290054481678,-10.119706147110309,0,2007-03-15
-0.003828308970065253,1390.189990234375,1412.1585021972655,1424.5047998046875,0.009893439823004748,0.20260817179914237,32.513444620065954,-12.511667256854025,-10.598098369059052,1,2007-03-16
0.010894486429815275,1389.2820068359374,1409.4845031738282,1424.1792016601562,0.009824786902164283,-0.18165155997689797,51.05403259065362,-11.228482984913171,-10.724175292229877,1,2007-03-19
0.006333453947334089,1395.8800048828125,1407.0474975585937,1424.2038012695311,0.008807333894222618,0.0067550536875535805,51.4269841256419,-9.386812541968993,-10.4567027421777,1,2007-03-20
0.017080881296924755,1405.45400390625,1405.9179992675781,1424.647802734375,0.010005170412940294,0.13906950792935469,59.66868302018995,-5.914421213329433,-9.548246436408048,0,2007-03-21
-0.0003484223341437831,1413.906005859375,1404.8260009765625,1425.0964038085938,0.009949756388386324,-0.017206894061423617,65.86292289341219,-3.1663719249272617,-8.271871534111892,1,2007-03-22
0.001094390010953239,1423.7380126953126,1404.072003173828,1425.5216040039063,0.009942844934328704,-0.1632443761441803,72.48779122597878,-0.852019964516785,-6.787901220192871,1,2007-03-23
0.0009679026415914116,1430.8260009765625,1403.4785034179688,1425.795205078125,0.009952057006326393,0.05179036433475126,67.84527241391802,1.0818127395493775,-5.213958428244421,0,2007-03-26
-0.006184358016304348,1434.360009765625,1404.9570007324219,1425.7528051757813,0.006925576296302165,-0.029629790972388603,64.8484116941105,1.8754205244601962,-3.7960826377034977,0,2007-03-27
-0.00796578842336182,1430.797998046875,1405.4775024414062,1425.459404296875,0.00771384318616958,0.12248226738095958,56.14384012375195,1.5680140345284599,-2.7232633032571063,1,2007-03-28
0.0037397238988494674,1428.39599609375,1406.4455017089845,1425.2976049804688,0.007715081642527689,-0.048569543133673676,57.62056528842219,1.7320953060900592,-1.8321915813876732,0,2007-03-29
-0.0011739955648866207,1425.34599609375,1408.1299987792968,1425.1874047851563,0.0075288766252474375,0.017252190239989362,55.60974485356403,1.707687152204926,-1.1242158346691535,1,2007-03-30
0.0025970634085028532,1422.756005859375,1410.6515014648437,1425.0684057617189,0.006927248686748405,-0.009669554677061654,72.81178964880117,1.963467170485501,-0.5066792336382226,1,2007-04-02
0.009280102663995704,1424.5880126953125,1412.7695007324219,1425.3648071289062,0.007207311707951471,0.015953377748723963,73.83637281613247,3.1960734839692577,0.23387130988327343,1,2007-04-03
0.0011128174632957233,1429.016015625,1415.139501953125,1425.5924072265625,0.004858556157474504,-0.10453972947812273,72.941562681758,4.253001571372124,1.0376973621810437,1,2007-04-04
0.003049955649575775,1433.26201171875,1417.2330017089844,1425.6650073242188,0.004925622815820308,-0.09902840631115462,77.93291126780514,5.382812477088692,1.9067203851625734,1,2007-04-05
0.0005887235968500271,1438.01201171875,1419.3215026855469,1426.0792065429687,0.004923169091576605,-0.0033174531123394413,74.33369588133371,6.274453689538632,2.7802670460377854,1,2007-04-09
0.0026166434783123638,1442.7800048828126,1421.4110046386718,1426.6034057617187,0.004964250010633533,0.06840015152740486,72.74382495933718,7.2030700399036505,3.6648276448109587,0,2007-04-10
-0.006572828751212234,1443.0,1424.4570068359376,1426.9684057617187,0.005025821242463015,0.17532299381302008,52.826530740942935,7.089100436814533,4.349682203211674,1,2007-04-11
0.006206296427920366,1444.6860107421876,1427.488507080078,1427.3480078125,0.004238663053673315,-0.06088421423704915,58.70305800008973,7.6313895003743255,5.006023662644204,1,2007-04-12
0.0034880001295067853,1446.50400390625,1430.5170043945313,1427.6402075195313,0.00422887261191262,-0.029073439761493125,60.50712867160299,8.372135607770815,5.6792460516695265,1,2007-04-13
0.010654906376349693,1451.247998046875,1434.586004638672,1428.0880078125,0.004818589979867982,0.06695860997316005,66.44262181950283,10.091953528648446,6.561787547065311,1,2007-04-16
0.0021453110052500612,1455.8659912109374,1438.0570007324218,1428.5498071289062,0.004828043337105947,0.017570571470381324,74.35514765339906,11.575665203065682,7.564563078265386,1,2007-04-17
0.0006931929382587576,1462.5919921875,1441.1350036621093,1429.0600073242188,0.004380661260163717,0.017380168939624907,85.58912766659854,12.687570036477382,8.589164469907786,0,2007-04-18
-0.0012020506154498678,1467.177978515625,1442.919500732422,1429.5146069335938,0.004515232785255805,-0.019425644408396225,82.51475645265418,13.272934715016618,9.525918518929553,1,2007-04-19
0.009260704070808812,1473.477978515625,1445.4099975585937,1430.2012060546874,0.0050461418573435135,0.1428914645405528,86.88273487205817,14.666790586867137,10.55409293251707,0,2007-04-20
-0.002303986210293818,1475.997998046875,1447.6510009765625,1430.8536059570313,0.0052644090255229755,-0.22670678750968487,82.8555087476685,15.318885714819771,11.507051488977611,0,2007-04-23
-0.00035114388417389897,1477.7840087890625,1449.7965026855468,1431.70060546875,0.005340125501488121,0.21154398800786023,79.16554643599656,15.613729220382993,12.328387035258688,1,2007-04-24
0.010139089454322958,1482.368017578125,1453.1370056152343,1432.9416064453126,0.0048845419957088115,0.04258033496273739,82.39512339668967,16.864177427180266,13.235545113643004,0,2007-04-25
-0.0007824182576994243,1487.072021484375,1456.9880065917969,1433.94140625,0.005011915081487718,-0.012540775197611764,80.309740998253,17.558352118609946,14.100106514636394,0,2007-04-26
-0.000120497715199952,1489.016015625,1460.5650024414062,1434.7168041992188,0.0051156381901617445,-0.14913444174606139,79.93215370613335,17.887762739015898,14.857637759512295,0,2007-04-27
-0.007830925989064319,1489.30400390625,1463.6405029296875,1435.2280029296876,0.005303712950488468,0.13195575250383307,68.76516777582432,17.008669396688447,15.287844086947526,1,2007-04-30
0.002651196208694806,1490.4820068359375,1466.7280029296876,1435.843203125,0.005318616642196089,0.09922028046628006,77.91642896864685,16.439598619421986,15.51819499344242,1,2007-05-01
0.0064724448638566745,1490.5820068359376,1469.6355041503907,1436.5680029296875,0.005586945734551913,-0.061920096460658436,78.09434077908898,16.573806611032296,15.729317316960396,1,2007-05-02
0.004325077887225248,1492.210009765625,1472.7865051269532,1437.463203125,0.005552977422099399,-0.05700357389178001,78.45164583087958,17.006203052445926,15.984694464057503,1,2007-05-03
0.002149894792468965,1494.52001953125,1475.8795043945313,1438.4480029296874,0.0049648096188513935,-0.08179602855081669,74.92314520497875,17.408834568981547,16.269522485042312,1,2007-05-04
0.0025637181786113405,1499.9420166015625,1479.1230041503907,1439.6138037109374,0.004793163864463021,-0.07851031706089584,75.158891798403,17.833814394095725,16.582380866852997,0,2007-05-07
-0.0011659709227004322,1504.2260009765625,1482.089501953125,1440.7808032226562,0.004842763038132585,0.09847588886837011,73.09203133553805,17.823141804045918,16.830533054291582,1,2007-05-08
0.0032234005292746115,1507.5579833984375,1485.775,1443.0516015625,0.003934599306044152,0.05001573834289563,76.37050312675471,17.999358500239396,17.064298143481146,0,2007-05-09
-0.013956277330703482,1505.373974609375,1487.95849609375,1444.7446020507812,0.006203967053142611,0.0325969579806169,54.099492123200534,16.2483116843091,16.90110085164674,1,2007-05-10
0.00964149809602488,1505.419970703125,1490.60849609375,1446.7982006835937,0.0069371200079609355,-0.10242013169527986,62.740239996605,15.838365859809528,16.6885538532793,0,2007-05-11
-0.0017929748750863395,1504.1539794921875,1492.3494995117187,1449.1178002929687,0.006338666406113841,0.02034343092789559,61.37227179269288,15.121308315681063,16.375104745759653,0,2007-05-14
-0.0013039836183860176,1502.8479736328125,1493.8349975585938,1451.65919921875,0.006375983748803319,0.10622341172783689,53.31870119402188,14.23082859455053,15.94624951551783,1,2007-05-15
0.008626538777668946,1503.1599853515625,1495.9169982910157,1454.033798828125,0.006612810660540585,-0.05068999876262614,60.07496602290533,14.404038888260402,15.637807390066344,0,2007-05-16
-0.000918022530934981,1507.4159912109376,1498.017999267578,1456.4493994140626,0.006547775868989548,-0.016022089972044573,59.347500748278954,14.264712008092147,15.363188313671506,1,2007-05-17
0.006610477607007059,1510.79599609375,1499.9380004882812,1458.8665991210937,0.006803934204076316,0.031516676892185735,70.55587799940096,14.79071274860894,15.248693200658993,1,2007-05-18
0.0015432445154737184,1515.185986328125,1502.1464965820312,1461.3117993164062,0.006788056410423876,0.1711055913215389,70.07446237408027,15.221728899759682,15.24330034047913,0,2007-05-21
-0.0006425680181219029,1519.7719970703124,1504.3319946289062,1463.6621997070313,0.00677106115631158,-0.1745446360551285,66.02269952947444,15.307777540336474,15.2561957804506,0,2007-05-22
-0.001207231600010017,1521.4,1505.6749938964845,1466.5488012695312,0.006761858928485439,0.07822408669812964,61.928760833246706,15.053969058936218,15.215750436147724,0,2007-05-23
-0.009702564079535403,1520.352001953125,1506.3379943847656,1468.9556005859374,0.0058065269097289885,0.09119529481950295,50.99568747644703,13.505325880885266,14.873665525095234,1,2007-05-24
0.00545268067865301,1518.947998046875,1507.42099609375,1471.424599609375,0.005244614662321114,-0.31177258856703105,53.147979636506726,12.793818764645948,14.457696173005377,1,2007-05-25
0.0015702037391096546,1517.55,1509.2079956054688,1474.0478002929688,0.005176764453752803,0.11032487857528328,55.200727362492195,12.28042960423113,14.022242859250529,1,2007-05-29
0.007983608061428171,1518.7719970703124,1511.4044921875,1476.6111987304687,0.005537479029733432,0.158807678698494,58.23612710803363,12.7050909311547,13.758812473631364,1,2007-05-30
0.00025487322390449485,1520.439990234375,1513.1394897460937,1479.0047998046875,0.005021668711204441,0.1192264974615882,72.64838602611452,12.924127715586792,13.59187552202245,1,2007-05-31
0.0037370286036848555,1526.2059814453125,1514.8369873046875,1481.0307983398438,0.0050301363798526625,-0.1224722907603889,69.60266335160385,13.404748184373148,13.554450054492591,1,2007-06-01
0.0018486063981995038,1530.89599609375,1516.514990234375,1483.1235986328124,0.004714382725712516,-0.06425989573012825,73.12280646778642,13.855101737410905,13.614580391076254,0,2007-06-04
-0.005347069382311664,1533.4639892578125,1517.5884887695313,1485.0203979492187,0.005125381571486315,0.07321107147681749,67.67637658714277,13.393517546647217,13.570367822190448,0,2007-06-05
-0.008863742592418067,1530.893994140625,1518.0714904785157,1486.617998046875,0.005909604449504266,0.00841654050927887,51.910370500459194,11.796741994680588,13.215642656688477,0,2007-06-06
-0.017569780868271323,1522.9139892578125,1516.9784912109376,1487.8601977539063,0.008033208101801076,0.193739267725753,39.992724804645476,8.284544838552847,12.229423093061351,1,2007-06-07
0.011370393887050856,1517.1800048828125,1517.7884948730468,1489.6689990234374,0.0085537776830378,-0.15402419689865954,43.55668355536918,6.790555247361681,11.141649523921417,1,2007-06-08
0.0009617165093236402,1511.1679931640624,1517.9519958496094,1491.4007983398437,0.008353792500031534,-0.15640095407989418,43.1192024018771,5.658330957462795,10.044985810629694,0,2007-06-11
-0.010681718597158829,1503.5780029296875,1517.4444946289063,1492.8435986328125,0.008911671484899894,0.2102420325666856,38.14567885849586,3.420852704376557,8.720159189379066,1,2007-06-12
0.015184222334435615,1503.2360107421875,1518.1684997558593,1494.6659985351562,0.00999934158305887,0.007110136771153686,47.826952387908406,3.437295154668618,7.663586382436977,1,2007-06-13
0.004816303381447451,1509.6860107421876,1518.6099975585937,1496.3699975585937,0.010161142957246183,-0.08586939923909898,55.345024343140366,3.993336301193949,6.929536366188372,1,2007-06-14
0.006526762620259197,1514.7340087890625,1519.6179992675782,1498.2407983398436,0.010325963794029697,0.21054651819891035,55.86990196184745,5.176412504707969,6.5789115938922915,0,2007-06-15
-0.0012133688932095543,1519.12001953125,1520.0330017089843,1499.9865991210938,0.010304652536882541,-0.271809115010731,54.43699306606037,5.895958704433951,6.442321016000624,1,2007-06-18
0.0017307744745367337,1527.260009765625,1520.4630004882813,1501.7683984375,0.010175599326697982,0.15859352320743159,51.27244892477932,6.603903535579093,6.4746375199163175,0,2007-06-19
-0.013601086272203244,1526.693994140625,1519.8989990234375,1503.0573974609374,0.010740409297884083,0.14383053949937197,44.33107334957615,5.419258591359267,6.263561734204908,1,2007-06-20
0.006180412864005502,1526.53798828125,1519.8944946289062,1504.7237963867187,0.008963262785416254,-0.03827010252821805,45.5905210486554,5.175227031189252,6.045894793601777,0,2007-06-21
-0.012895816927002701,1520.4679931640626,1519.6469970703124,1505.8189965820313,0.009454228513029963,0.35532139027113896,39.66936855220121,3.3591406895325235,5.508543972787926,0,2007-06-22
-0.0032079039581859314,1513.8059814453125,1518.7474975585938,1506.716796875,0.00948433898480915,-0.2327253799902902,40.4475658244933,1.513493336893589,4.709533845609059,0,2007-06-25
-0.0032381959602871824,1505.643994140625,1517.4864990234375,1507.207998046875,0.008888704496409083,0.03385200395467325,42.583728873708026,-0.33666709538420037,3.7002936574104073,1,2007-06-26
0.009009338290096647,1504.343994140625,1516.2919982910157,1507.9051977539064,0.007875592741929241,-0.00011181304858276508,55.141546317272365,-0.7094557497498499,2.818343775978356,0,2007-06-27
-0.0004182355225962331,1501.047998046875,1515.0464965820313,1508.5693969726562,0.007647029594961795,-0.11519208981357498,49.27714737694129,-1.0436984667592242,2.04593532743084,0,2007-06-28
-0.0015673572021088766,1501.2059814453125,1513.3969970703124,1509.221796875,0.00716152438960108,0.05278194438439354,47.88628094916128,-1.4819364814438813,1.3403609656558957,1,2007-06-29
0.010696164157472765,1505.543994140625,1512.4094970703125,1509.9233984375,0.008206518567408054,-0.16314474270315693,59.68489806288619,-0.5256559133883911,0.9671575898470384,1,2007-07-02
0.0035802512876219605,1511.939990234375,1512.1054992675781,1510.802197265625,0.008288598096646728,-0.410798077757938,53.858401389241564,0.6635125744855941,0.9064285867747496,1,2007-07-03
0.0003475898263931576,1515.752001953125,1512.5065002441406,1511.7019970703125,0.006905884538466749,0.6805271689336809,51.08050573769334,1.6299174296991623,1.0511263553596322,1,2007-07-05
0.0033039969263952695,1520.697998046875,1514.492498779297,1512.4023950195312,0.006716436572768798,-0.06917020911569038,48.85165036598501,2.770542333534422,1.3950095509945901,1,2007-07-06
0.0009213260458897921,1526.397998046875,1515.7014953613282,1513.15439453125,0.004783626221346344,0.1121473508306301,50.37344946948861,3.7451025507762097,1.8650281509509141,0,2007-07-09
-0.014185449499020453,1524.535986328125,1515.7514953613281,1513.4753955078124,0.006891907457504936,0.1948013685261092,40.65620873300344,2.732521913777191,2.0385269035161695,1,2007-07-10
0.00572140934255172,1523.3139892578124,1517.0394958496095,1514.2031958007813,0.006884490992925043,-0.04973676747999556,52.59742555103641,2.597281592769832,2.1502778413669024,1,2007-07-11
0.01905497986526261,1527.773974609375,1518.6409912109375,1515.4311938476562,0.008585656989100998,0.1319138998092717,59.55074768747029,4.770324740139813,2.6742872211214848,1,2007-07-12
0.003101407882381002,1532.185986328125,1520.1174926757812,1516.56279296875,0.008513391027087829,-0.19729481889041722,71.03266245370438,6.801398625478214,3.4997095019928306,0,2007-07-13
-0.0019194721215780586,1535.7199951171874,1520.9479919433593,1517.5053930664062,0.00853552778487892,-0.03463257554121213,72.15095876676276,8.077467773173566,4.415261156228978,0,2007-07-16
-9.681992628141067e-05,1543.5699951171875,1521.8639892578126,1518.3803930664062,0.008136001600751229,0.11206274892663393,75.17383441170517,8.973218374113003,5.326852599805783,0,2007-07-17
-0.0020653240878290013,1549.052001953125,1522.4874938964845,1519.1141943359376,0.008208398689493928,0.20021681730814,69.53796960515443,9.317491618983013,6.12498040364123,1,2007-07-18
0.0044690505655788915,1550.1280029296875,1524.499493408203,1520.0213940429687,0.008252015008015187,-0.09912668111115419,71.88802590091996,10.03225718857243,6.90643576062747,0,2007-07-19
-0.012220864994591185,1546.447998046875,1525.0949951171874,1520.4517944335937,0.009333509655992703,0.15203370803795235,62.31676716154609,8.963858469933484,7.317920302488673,1,2007-07-20
0.004869285458577677,1544.8579833984375,1527.0454895019532,1521.4537939453126,0.009446556256512032,-0.1716811985754636,59.52501491483838,8.62053681233283,7.578443604457505,0,2007-07-23
-0.01980442554686246,1537.1919921875,1527.7104919433593,1521.5575952148438,0.010533169578147266,0.3265317304283366,45.10650832880532,5.817878677195267,7.226330619005058,1,2007-07-24
0.004665612144987508,1531.5759765625,1528.9704895019531,1521.8563940429688,0.010475819336511295,0.04066494485923866,47.52753876897161,4.118150606959034,6.604694616595854,0,2007-07-25
-0.02333849273648292,1517.4919921875,1527.7864929199218,1521.4857958984376,0.01048814389237376,0.04420760179305194,36.59521567150123,-0.08679499896766174,5.266396693483151,0,2007-07-26
-0.01599158435597181,1502.4619873046875,1525.4484924316407,1520.3819946289063,0.010739277034467146,0.0697812210036779,31.822224603188616,-5.27168156834864,3.158781041116793,1,2007-07-27
0.010254006997153065,1488.9300048828125,1523.976495361328,1519.6051953125,0.011898647556716067,-0.13707794718526956,40.65548217676685,-8.08044155720222,0.9109365214529902,0,2007-07-30
-0.012646643428824822,1477.7760009765625,1520.7684936523438,1518.255595703125,0.011994160542632058,0.09584913703321551,34.41961562933237,-11.675904921481788,-1.6064317671339654,1,2007-07-31
0.007242669003718616,1467.32001953125,1517.815496826172,1517.0697973632812,0.012690022579655912,0.16184258219656456,27.909372188626605,-13.519003815330734,-3.9889461767733194,1,2007-08-01
0.004359290987711706,1465.2280029296876,1515.1554931640626,1516.031396484375,0.012680726196688266,-0.16891138681854667,28.522472753867348,-14.299229423193083,-6.051002826057272,0,2007-08-02
-0.026585989591270898,1460.0500244140626,1510.2864990234375,1514.2469970703125,0.014270730877089688,-0.02214312690982756,23.899559648769554,-17.86983374415263,-8.414769009676343,1,2007-08-03
0.024151105980530163,1458.8020263671874,1507.0775024414063,1513.4501977539062,0.017040982771699457,0.18611178082961355,34.13960097216588,-17.702760420630057,-10.272367291867086,1,2007-08-06
0.006159366016551537,1463.0900146484375,1505.407000732422,1512.6697973632813,0.016463873819217427,-0.031143432270287374,36.814691470681055,-16.648988678657133,-11.547691569225096,1,2007-08-07
0.014071842031649018,1469.4260009765626,1504.3434997558593,1512.2573974609375,0.01715230489992088,0.1202124907575075,39.97546879822206,-13.975985818059826,-12.033350418992043,0,2007-08-08
-0.029649630183580356,1465.60400390625,1499.6130004882812,1510.7145971679688,0.018143533033525987,0.07092203739935554,36.61830737923419,-15.264364603408012,-12.679553255875238,1,2007-08-09
0.0003785373521689728,1469.7199951171874,1494.6700012207032,1509.1749975585938,0.017452531967744715,-0.09233564248845427,35.135409538636026,-16.05594676970327,-13.354831958640844,0,2007-08-10
-0.0004952881702965373,1466.7699951171876,1489.8400024414063,1507.5065991210938,0.017061956960634752,-0.3085611454268601,39.07353919209379,-16.550592035628824,-13.993983974038441,0,2007-08-13
-0.018156542744898196,1456.7360107421875,1483.698504638672,1505.253798828125,0.017550998553157216,0.03201867823866156,33.95493122872625,-18.85391174134338,-14.96596952749943,0,2007-08-14
-0.013907838088907498,1438.5780029296875,1476.725,1502.768798828125,0.017607492596565938,0.12486138891583187,35.917674753539785,-22.026332633205584,-16.378042148640663,1,2007-08-15
0.003248786889889166,1430.214013671875,1469.634503173828,1500.6465991210937,0.017552556489058426,0.51699048924126,40.48532876544149,-23.896271381543784,-17.881687995221288,1,2007-08-16
0.024566469488606746,1428.6739990234375,1465.2265014648438,1499.7509985351562,0.01771730663956362,-0.4515477854761649,44.825525699272504,-22.323309152959382,-18.77001222676891,0,2007-08-17
-0.0002696464541576127,1427.2,1460.4255065917969,1498.5085986328124,0.015751257862844037,-0.06966308500745089,48.07158571424419,-20.867637194882263,-19.189537220391582,1,2007-08-20
0.0010860546062276821,1431.3159912109375,1457.2295043945312,1497.2685986328124,0.015561087464211225,-0.0930919448174532,46.1550940377075,-19.364107755154464,-19.22445132734416,1,2007-08-21
0.011712885751746116,1442.789990234375,1454.5285034179688,1496.6899975585939,0.015307664757047397,0.09859070763408195,48.39714262472859,-16.613322399717845,-18.702225541818898,0,2007-08-22
-0.001072316451165345,1453.035986328125,1453.5205017089843,1495.6265966796875,0.0118888745895527,-0.06791231505657092,56.81354595270194,-14.394060957409692,-17.840592624937056,1,2007-08-23
0.011535039396367575,1459.7219970703125,1454.54150390625,1494.7545971679688,0.012368206379557527,-0.1760445339272919,52.950066236906515,-11.14553388121135,-16.501580876191916,0,2007-08-24
-0.008503590106740622,1463.9699951171874,1454.1855041503907,1493.432197265625,0.012787283920689018,-0.053206893838042,47.54262545721972,-9.476906211843243,-15.096645943322182,0,2007-08-27
-0.023473062124790167,1461.0179931640625,1453.0400024414062,1491.4583959960937,0.013747796686738657,0.27924344812108814,34.887919455863695,-10.808134901252515,-14.238943734908249,1,2007-08-28
0.021921880487575596,1460.956005859375,1452.9375,1490.0595971679688,0.014238074342728894,-0.08252520231702132,52.63471057639965,-9.223105460764828,-13.235776080079566,0,2007-08-29
-0.0041810099171704085,1459.9840087890625,1452.2095031738281,1488.9555981445312,0.014477827682334205,-0.08537677890420559,50.96126203190987,-8.364371401802146,-12.261495144424082,1,2007-08-30
0.011216744478492524,1458.9080078125,1454.2559997558594,1487.9915991210937,0.012823241296679272,0.05755025242357603,54.70963460733536,-6.291982033630347,-11.067592522265336,1,2007-08-31
0.01046822150297233,1463.4340087890625,1455.3434997558593,1487.728798828125,0.013059721725386145,0.012809295616870608,64.77861329553899,-3.365724175260084,-9.527218852864287,0,2007-09-04
-0.011501124180816724,1471.42001953125,1455.1225036621095,1487.2197998046875,0.01385469116573731,0.08132726089785303,65.61447292864433,-2.401212291972115,-8.102017540685853,1,2007-09-05
0.0042518862449216765,1474.37802734375,1454.1755065917969,1486.9330004882813,0.013457490830900753,-0.17783460355662517,65.8889373203998,-1.1188023475003774,-6.705374502048759,0,2007-09-06
-0.016908457052106307,1473.5600341796876,1454.1985107421874,1485.8772021484374,0.014618767860031202,0.2974032257408754,51.88322563183002,-2.095617321518148,-5.783423065942637,0,2007-09-07
-0.0012728131774627505,1469.1020263671876,1454.1015075683595,1484.797001953125,0.013993180732038604,-0.1113604171628414,51.51095819582354,-2.9846326575404873,-5.223664984262207,1,2007-09-10
0.013632320540153398,1465.516015625,1455.0300048828126,1484.1598022460937,0.0145541816181791,0.06333841140874275,55.4954187180999,-2.0684491618878837,-4.592621819787342,1,2007-09-11
4.761728577151736e-05,1465.37001953125,1457.281005859375,1483.20240234375,0.011928348438456889,-0.042983686694325285,51.82819240191332,-1.3214800108494273,-3.9383934579997595,1,2007-09-12
0.008419562970447103,1466.45,1461.143505859375,1482.3840014648438,0.01015105059283993,-0.002994053477121783,54.97286007799544,0.2671793303654795,-3.097278900326712,1,2007-09-13
0.0002021960564695391,1472.589990234375,1464.7925048828124,1481.5610009765626,0.009975573792606404,-0.08179821207613269,51.22551469041936,1.5327461927590775,-2.171273881709554,0,2007-09-14
-0.0051204147454522175,1477.5800048828125,1466.3280090332032,1480.4852026367187,0.009602966187741889,-0.016409639101501283,52.53965928263343,1.9005541300266486,-1.3569082793623135,1,2007-09-17
0.02920800742879237,1487.2380126953126,1470.0395080566407,1480.2438037109375,0.013038583833186186,0.4273992741659258,71.55111967898944,5.607634195403534,0.036000215590856074,1,2007-09-18
0.0060864071258255326,1498.7320068359375,1474.135009765625,1480.6220043945314,0.012157100070907008,0.03715616860882087,68.06330867200433,9.186028728728388,1.8660059182183626,0,2007-09-19
-0.00672323571146749,1505.6920166015625,1476.8690124511718,1480.6218041992188,0.012604425445601272,-0.23111717683759014,66.5313853707313,11.064870784104187,3.7057788913955276,1,2007-09-20
0.004609053497942384,1513.9920166015625,1480.031512451172,1480.1828051757811,0.010542181505831886,0.24402745376474955,64.74810334920774,12.969207200320625,5.558464553180547,0,2007-09-21
-0.0052564440643945165,1522.2080078125,1481.94951171875,1479.4874047851563,0.010871838190413024,-0.14897566490735048,58.4220576091038,13.673637795144714,7.181499201573382,0,2007-09-24
-0.00034262980763510864,1521.693994140625,1484.4705078125,1478.8412036132813,0.010459378156097316,0.018030792224340564,64.82895188601843,14.028234135660341,8.550846188390775,1,2007-09-25
0.005411303128236344,1520.9719970703125,1489.1235107421876,1478.3622045898437,0.010422176715733063,0.015565740313761678,65.2760283177785,14.801121261922162,9.800901203097053,1,2007-09-26
0.003907094941590916,1523.497998046875,1492.5045104980468,1478.0664038085938,0.010289538632350461,-0.11281001053317641,78.96100970147016,15.713424341478685,10.98340583077338,0,2007-09-27
-0.0030234199663373706,1523.697998046875,1495.960009765625,1477.5398046875,0.010443302349855747,0.01851207097048224,77.36054271610828,15.879776229779054,11.962679910574515,1,2007-09-28
0.013289693179957318,1529.560009765625,1499.6125122070312,1477.7986059570312,0.010499671833718124,0.12191361717401339,77.44277821625889,17.44772140958935,13.059688210377482,0,2007-10-01
-0.00026504432292262514,1535.4440185546875,1502.4730102539063,1477.8998071289063,0.006058131710174747,-0.05486914950990096,77.20120486723903,18.44462477647903,14.136675523597793,0,2007-10-02
-0.004551857289897487,1538.2780029296875,1505.8380065917968,1478.4708056640625,0.006149169000704822,-0.011795957974280347,70.97402973893533,18.45388071106231,15.000116561090698,1,2007-10-03
0.002110951663853111,1540.5699951171875,1509.0525024414062,1478.9658056640626,0.005570719756603893,-0.12230044497801207,71.60552957222791,18.51009113603709,15.702111476079978,1,2007-10-04
0.009560291622441541,1546.73798828125,1514.2544982910156,1480.464404296875,0.006066912494410071,0.08496783042115941,78.35218176593736,19.51982760989449,16.46565470284288,0,2007-10-05
-0.003216513893620543,1547.8459716796874,1519.2984985351563,1482.3370043945313,0.005822027775323749,-0.30091502999284003,65.67570815670983,19.68882460828104,17.110288683930513,1,2007-10-08
0.008096245420633474,1551.5499755859375,1523.9815002441405,1484.1618041992188,0.006007017448011745,0.43681670056109567,66.73146756505818,20.59959609029147,17.808150165202704,0,2007-10-09
-0.00171233023616435,1556.1259765625,1528.5269958496094,1486.3058032226563,0.006127843886490756,0.038444223134745714,71.78584115583196,20.864616800506383,18.41944349226344,0,2007-10-10
-0.005158458514124553,1558.439990234375,1532.05,1488.077802734375,0.006540035068989707,0.2845872909523246,64.13212932677318,20.191522798941833,18.77385935359912,1,2007-10-11
0.004754224745041169,1559.2820068359374,1535.9275024414062,1489.8698046875,0.006401618479472452,-0.28700981269463033,71.86660367530375,20.023583962845578,19.023804275448413,0,2007-10-12
-0.00838141086014621,1558.5080078125,1539.530499267578,1492.182802734375,0.005914011364323267,0.12572211325030747,63.89620068843404,18.61959542519503,18.942962505397738,0,2007-10-15
-0.006573168570868315,1553.1840087890625,1540.467999267578,1493.6000024414063,0.006284870011449703,0.030347626374116476,55.68466083222795,16.495340965103424,18.453438197338876,1,2007-10-16
0.0017613961937021916,1548.9380126953124,1541.0784973144532,1494.8906030273438,0.00614905513436188,0.12474957954095767,54.399415248633716,14.859237164147316,17.734597990700564,0,2007-10-17
-0.0007526629123547623,1546.0719970703126,1542.1449951171876,1495.74240234375,0.006112820285360192,-0.11953041035494094,56.13773380652022,13.315515081666263,16.850781408893706,0,2007-10-18
-0.025615521464831148,1533.83798828125,1540.8889953613282,1496.693203125,0.009225010518104006,0.299000065559236,31.83562041758995,8.807297800123706,15.242084687139707,1,2007-10-19
0.003798372119262039,1525.3619873046875,1540.318994140625,1497.747001953125,0.009525959933601787,-0.16562003571282657,34.85416529034816,5.62954762686968,13.319577275085702,1,2007-10-22
0.008802858704579641,1521.573974609375,1540.4379943847657,1499.080400390625,0.009619398642623676,-0.04686577395782632,42.819187635538704,4.133481488080861,11.482358117684734,0,2007-10-23
-0.0024414223711310967,1516.5019775390624,1539.9609924316405,1500.8671997070312,0.009612092293111415,0.2097778261290011,40.352144792964445,2.6182933958607464,9.709545173319936,0,2007-10-24
-0.0009763176926820272,1511.3659912109374,1539.111993408203,1503.021201171875,0.009597776019810355,0.04512776959008824,32.922120172452736,1.2832809968037964,8.024292338016709,1,2007-10-25
0.013787641670760742,1518.29599609375,1539.5384948730468,1505.5014013671876,0.010722176992105772,-0.13667434679107826,43.92217071151958,1.8883482417920732,6.797103518771782,1,2007-10-26
0.0037126459428287184,1525.2260009765625,1539.2354919433594,1507.4022021484375,0.01056053152746135,-0.13500105201377588,41.077861040640585,2.7955810971113806,5.996799034439702,0,2007-10-29
-0.006463394115263088,1527.51201171875,1538.4549926757813,1509.1116015625,0.010553513694891764,0.02817748873412529,38.982691350464655,2.6799907967536,5.333437386902482,1,2007-10-30
0.011991995609034412,1534.21201171875,1538.9444946289063,1511.1568017578124,0.011262543110076533,0.2305199656344552,48.35651951947161,4.023501606036689,5.071450230729323,0,2007-10-31
-0.026423513500588247,1533.0199951171876,1537.2244934082032,1512.0442016601562,0.01415527109072908,0.07295595575084679,35.70046229477737,1.76438391026727,4.410036966636913,1,2007-11-01
0.0008022082779672868,1527.893994140625,1534.8274963378906,1512.9872021484375,0.011463949745056462,0.01049636093146944,38.82084294978622,0.07084380269202484,3.542198333847935,0,2007-11-02
-0.004954777827830159,1520.1320068359375,1532.3070007324218,1513.443203125,0.011531590696465997,-0.10888032869885367,39.43022931492247,-1.8535047953675985,2.4630577080048286,1,2007-11-05
0.012049218834373487,1517.9820068359375,1530.0630004882812,1514.512802734375,0.011854870066609761,0.01566505120007955,44.40472204380436,-1.896190062828282,1.5912081538382066,0,2007-11-06
-0.02936979868078282,1503.2300048828124,1525.7205017089843,1515.3780029296875,0.015109937461911999,0.12219140226234537,36.04036866437415,-5.469849242013652,0.17899667466783484,0,2007-11-07
-0.0005760125159255391,1496.4960205078125,1521.7385009765626,1515.598203125,0.015115200463278338,0.24960258754559916,43.27543222675581,-8.275194523251002,-1.5118415649159327,0,2007-11-08
-0.014287019725334527,1485.306005859375,1516.33349609375,1515.5194018554687,0.014331626398029186,-0.15674887678042249,37.32723363955254,-12.059613578264361,-3.621395967585619,0,2007-11-09
-0.009988235501578235,1472.7080078125,1510.857000732422,1514.823203125,0.014020300158490638,-0.08600952682006957,30.754883457306633,-16.04546518715847,-6.1062098115001895,1,2007-11-12
0.029092951232353004,1464.864013671875,1507.9830017089844,1514.6558032226562,0.018028782739177084,-0.012214610783013558,42.951397655233684,-15.645372504583065,-8.014042350116766,0,2007-11-13
-0.007069371343474851,1463.856005859375,1504.45,1514.6216015625,0.017238392533995076,-0.02652300842004096,41.443400310062145,-15.988835809225975,-9.609001041938608,0,2007-11-14
-0.013212427900045731,1459.1320068359375,1500.0035034179687,1514.0736010742187,0.01587239829735441,-0.022438465373672667,33.47865171771508,-17.625688092637347,-11.212338452078356,1,2007-11-15
0.005230310920731451,1460.1400146484375,1497.909002685547,1514.1773999023437,0.016074035557740875,0.057817666029774006,33.96881281980994,-18.101792316565707,-12.590229224975827,0,2007-11-16
-0.017460253968243356,1458.9580078125,1494.256005859375,1513.8088012695312,0.016690963562819575,-0.011806556692820824,32.03191123660753,-20.30031274961857,-14.132245929904377,1,2007-11-19
0.004486196985218349,1450.68798828125,1490.2615051269531,1513.1730004882813,0.016012342952924287,0.1833893656014467,28.91416636354036,-21.278528653189824,-15.561502474561467,0,2007-11-20
-0.015926882279853283,1439.9260009765626,1485.306005859375,1512.0771997070312,0.014234049509468733,-0.16387598330307784,31.065396694765,-23.631615105631,-17.175525000775373,1,2007-11-21
0.01689048420755146,1437.835986328125,1481.6210021972656,1511.2121997070312,0.01569374900624251,-0.6043599109961901,36.98021858261066,-23.29695478671715,-18.39981095796373,0,2007-11-23
-0.023238690638891946,1427.531982421875,1475.217999267578,1509.6715991210938,0.01668240507961078,1.2982724837541544,33.67375424459176,-25.440031841637165,-19.807855134698418,1,2007-11-26
0.014930153212029174,1426.523974609375,1469.580499267578,1508.7031982421875,0.017388521672772477,0.1657237209528204,34.330927668799674,-25.153153748471595,-20.876914857453055,1,2007-11-27
0.028559853539212643,1432.38798828125,1466.4804992675781,1507.687998046875,0.017287805174720092,0.04334925660538058,48.86144391326194,-21.38783983290341,-20.97909985254313,1,2007-11-28
0.0004764749033838722,1442.977978515625,1462.4974975585938,1506.501796875,0.017142051273123727,-0.21812015030989218,49.12836927308904,-18.13823493568043,-20.41092686917059,1,2007-11-29
0.0077702175740654855,1451.0659912109375,1461.132501220703,1505.7495971679687,0.016611056618454766,0.254620921318796,54.89931715694929,-14.4745440042052,-19.223650296177514,0,2007-11-30
-0.005887337197621245,1464.106005859375,1459.2710021972657,1504.682998046875,0.016755030786122508,-0.24850753018859395,56.060388894724944,-12.134789011370458,-17.805878039216104,0,2007-12-03
-0.006540256581273551,1471.018017578125,1457.302001953125,1503.58419921875,0.01573890613195869,0.006129541864138943,46.22726690347659,-10.931564959073285,-16.431015423187542,1,2007-12-04
0.015190129895446658,1474.216015625,1455.5390014648438,1502.9402001953124,0.01627030347380857,0.09571661851526181,52.84336444066219,-8.091758537689884,-14.763164046088011,1,2007-12-05
0.015036906086721702,1481.7400146484374,1457.125,1502.5785986328126,0.015127296855309781,-0.025954919397542353,60.94681789168379,-3.9933181685662476,-12.609194870583659,0,2007-12-06
-0.0017779211733210953,1486.4440185546875,1458.6195007324218,1502.04419921875,0.01482663219225197,-0.10952846658465432,59.1205435225877,-0.9505652106010984,-10.277468938587148,1,2007-12-07
0.007509953412149439,1495.152001953125,1461.7325012207032,1501.8283984375,0.011187755767922561,-0.08369234448706775,67.40331009110201,2.3456093577794945,-7.75285327931382,0,2007-12-10
-0.025271074111842595,1498.1239990234376,1463.6559997558593,1500.4405981445314,0.01485399814527919,0.401276204082754,57.04214728103759,1.8452884068315143,-5.833224942084754,1,2007-12-11
0.006050107439882435,1498.439990234375,1463.9329956054687,1499.2397973632812,0.012082635192504979,0.09851035983706602,63.665555675017025,2.145427849102134,-4.237494383847376,1,2007-12-12
0.0012243243942324789,1494.65400390625,1464.8244995117188,1498.2161987304687,0.012079590195388672,-0.18896191980580623,60.22287077690376,2.5013211519242304,-2.889731276693055,0,2007-12-13
-0.01374626785493871,1487.3119873046876,1465.6644958496095,1496.7183984375,0.012705168500489101,-0.06440414065917133,63.781606278761316,1.1195064779915356,-2.087883725756137,0,2007-12-14
-0.015020898185397868,1473.3,1465.0224975585938,1494.484599609375,0.013418131511266718,0.049390629364461036,53.99107011399749,-1.7348382811601368,-2.0172746368369374,1,2007-12-17
0.006279795215002659,1468.7659912109375,1466.1079956054687,1492.5326000976563,0.013520003819176448,0.04333390304928786,46.298622893083056,-3.227051062102646,-2.2592299218900793,0,2007-12-18
-0.0013608300425632658,1462.047998046875,1466.772998046875,1490.289599609375,0.012355180999704805,-0.0865780986064898,45.62166198476132,-4.517335288985123,-2.7108509953090882,1,2007-12-19
0.004900203108869627,1456.389990234375,1468.940496826172,1488.2426000976564,0.011149263112223315,0.036924117249287125,44.36882256604524,-4.908785311650263,-3.150437858577323,1,2007-12-20
0.016669839397931874,1459.6919921875,1471.1284973144532,1486.8435986328125,0.012800198390160633,0.2783472124166051,52.97635177749439,-3.217886656429755,-3.1639276181478095,1,2007-12-21
0.008077004803014542,1469.8019775390626,1475.5899963378906,1485.5365966796876,0.01284462631232449,-0.7188877232128005,58.22499588365417,-0.8999709773020186,-2.7111362899786515,1,2007-12-24
0.0008086358029313345,1478.33798828125,1479.0614990234376,1484.5155981445312,0.009675251357633497,0.5862934149689922,53.4448129850392,1.0228467431768422,-1.9643396833475528,0,2007-12-26
-0.014282289812289406,1482.9919921875,1479.4239990234375,1483.2703979492187,0.01067179190556633,0.1767072867445909,41.4955985274296,0.8113455352074652,-1.4092026396365493,1,2007-12-27
0.0015037700920255137,1486.6659912109376,1479.8625,1482.0153979492188,0.01067759512829053,0.02313834396412151,42.818707236663606,0.8134850376434315,-0.9646651041805532,0,2007-12-28
-0.006851588410961562,1483.44599609375,1479.2234985351563,1480.5809985351561,0.009932212061487243,0.008415581840190756,36.85373469653336,-0.0022007563720762846,-0.7721722346188579,0,2007-12-31
-0.014437843160646446,1473.5880126953125,1477.960498046875,1479.5115991210937,0.009835000315263754,0.41451034053292246,40.700298008658784,-2.3324099391106756,-1.0842197755172214,0,2008-01-02
0.0,1463.4880126953126,1477.1789978027343,1478.3282006835936,0.009596335110515145,-0.006704994714205048,37.27984575616811,-4.131492233972722,-1.6936742672083216,0,2008-01-03
-0.024551555085623233,1450.560009765625,1473.5099975585938,1476.1690014648439,0.012260536979362607,0.21475433736696314,29.655524863665477,-8.328251443271029,-3.020589702420863,1,2008-01-04
0.0032232587947169655,1438.0980224609375,1468.952001953125,1474.1750024414061,0.012154273428027992,0.01326452232357167,35.01941017100026,-11.158434946394891,-4.648158751215669,0,2008-01-07
-0.018352265474000595,1422.464013671875,1463.228497314453,1471.69080078125,0.010836088286919636,0.11468850532779307,34.23865481674268,-15.321938844129136,-6.782914769798363,1,2008-01-08
0.013624083236714934,1414.8580078125,1457.8869995117188,1469.1678002929686,0.011766467429754597,0.13721285589504806,37.71372420998504,-16.89844607819373,-8.806021031477437,1,2008-01-09
0.007948131920451518,1409.4919921875,1455.02099609375,1466.7547998046875,0.012419368595865716,-0.03373929878920512,41.65772590717278,-17.04758303614949,-10.454333432411849,0,2008-01-10
-0.013595387776707546,1407.3699951171875,1450.742498779297,1464.1547998046874,0.012365444822853134,-0.130480863515837,35.79328343712238,-18.510547577316174,-12.065576261392714,1,2008-01-11
0.01087063729028337,1407.383984375,1447.1344970703126,1461.4921997070312,0.013248616314061117,-0.18100065838641943,32.85235204148019,-18.230871239386033,-13.298635256991378,0,2008-01-14
-0.024925012411738723,1405.535986328125,1442.7844970703125,1458.9423999023438,0.014791589045743746,0.24973588369648758,24.0099238352239,-20.61995069607883,-14.76289834480887,0,2008-01-15
-0.005612078839948742,1398.3499755859375,1439.1494934082032,1456.2133984375,0.014493790697062851,0.18232195478133884,22.794434313727052,-22.874985020313034,-16.385315679909702,0,2008-01-16
-0.02909259582902124,1380.933984375,1433.0629943847657,1452.8349975585938,0.016170867194346693,-0.025271016906161403,21.083705763711805,-27.567956906055542,-18.621843925138872,0,2008-01-17
-0.006045421784173999,1365.76796875,1426.6724914550782,1448.9333959960939,0.015095268150255432,0.13231996952742997,19.720319579654756,-31.573589617109747,-21.212193063533046,0,2008-01-18
-0.011085159151345114,1344.61796875,1419.1914916992187,1445.63099609375,0.014778069440322766,0.08990247866720846,19.371373596156275,-35.52394003433619,-24.074542457693678,1,2008-01-22
0.021442179004912187,1336.1479736328124,1411.8984924316405,1442.9075952148437,0.01678990718034859,-0.5046854778453984,29.486013127859152,-35.97251920297913,-26.45413780675077,1,2008-01-23
0.01006273042641359,1331.92197265625,1404.6794921875,1440.8749951171876,0.016416477062304508,0.7692369388712026,32.901775719396824,-34.83949930234485,-28.131210105869584,0,2008-01-24
-0.015871931031674613,1331.3939697265625,1396.3269897460937,1438.70359375,0.016216587813488174,-0.14873677052638923,34.655299331202656,-35.26668003273289,-29.55830409124225,1,2008-01-25
0.01754832433469833,1337.1479736328124,1390.2114868164062,1436.1617919921875,0.017608815442211583,-0.1600327717753085,38.99927353469185,-33.33679018748944,-30.31400131049169,1,2008-01-28
0.0061597743886385725,1347.5079833984375,1384.4019897460937,1433.9961938476563,0.01724776759858425,0.03219513622519776,44.740731123866766,-30.779555631565017,-30.40711217470636,0,2008-01-29
-0.0047639947161109975,1350.95,1378.7744934082032,1432.08939453125,0.015595739862187982,0.12043581796189895,39.44994413359245,-28.942980136285996,-30.114285767022288,1,2008-01-30
0.016772253672436177,1356.2460205078125,1375.343994140625,1430.485595703125,0.016552991284786416,0.0479741753746763,42.09432181509,-25.360216864749418,-29.163471986567718,1,2008-01-31
0.01223749194418322,1369.2080322265624,1372.7569946289063,1429.7285961914063,0.013149567896843281,-0.06428598733675495,48.93048564694252,-20.918448686935108,-27.514467326641196,0,2008-02-01
-0.010462869384454843,1374.580029296875,1371.2164916992188,1428.55099609375,0.01361460391223771,-0.24834382263582155,43.21705254252736,-18.36472415909566,-25.68451869313209,0,2008-02-04
-0.031995432684296055,1369.4480224609374,1367.2394897460938,1426.9483959960937,0.017324127432775414,0.2345570945540052,41.79597323809391,-19.67898325922465,-24.483411606350604,0,2008-02-05
-0.007623640894248274,1363.5760009765625,1364.052490234375,1424.6633959960936,0.016117012333953084,-0.07127862197444701,41.42170324132104,-21.29729407643913,-23.84618810036831,1,2008-02-06
0.007885772846967454,1355.247998046875,1360.4414916992187,1423.257197265625,0.01596809285224644,0.14496571958923377,50.75309307429658,-21.48807462974264,-23.37456540624318,0,2008-02-07
-0.004203719751894819,1342.4219970703125,1355.9894958496093,1421.3183984375,0.015167806911043902,-0.17882793365234595,51.267894947297066,-21.840986928662005,-23.067849710726943,1,2008-02-08
0.005888999083801139,1334.0840087890624,1352.8949951171876,1418.7205981445313,0.014092265646971183,-0.0465305732534782,56.125111187833404,-21.24317465378863,-22.70291469933928,1,2008-02-11
0.007265896838448915,1336.5280029296875,1349.5254943847656,1416.3033984375,0.01415898301264529,0.125656111367773,52.38228048156928,-19.756534974784927,-22.11363875442841,1,2008-02-12
0.013604062530741423,1344.6800048828125,1348.8384948730468,1414.0247973632813,0.014779818224865593,-0.0465356620119467,53.43747349702861,-16.902827373555738,-21.071476478253878,0,2008-02-13
-0.013421475932895444,1347.0699951171875,1347.6214965820313,1411.5535961914063,0.014260374475381567,-0.05488510068924024,54.20293652301911,-15.938207477755213,-20.044822678154148,1,2008-02-14
0.0008377480947496796,1350.8099853515625,1348.45849609375,1409.2975952148438,0.013419285368240757,-0.0168625643389414,48.98148496122866,-14.91067631543342,-19.017993405610003,0,2008-02-15
-0.0008962740066612573,1352.739990234375,1349.6380004882812,1406.5729956054688,0.013184716446735825,0.008441938994781406,46.39965412546403,-14.032229396201956,-18.020840603728395,1,2008-02-19
0.008340870828184466,1354.9739990234375,1352.114501953125,1403.626796875,0.00836978636216952,0.07111289452200742,51.095982307034824,-12.286640164368919,-16.8740005158565,0,2008-02-20
-0.012867362942748706,1350.0380126953125,1352.3110046386719,1400.3841967773437,0.009151316452060933,-0.04491902896768396,40.383379459496105,-12.175005978011086,-15.934201608287418,1,2008-02-21
0.007880610357913875,1350.8880126953125,1352.3630065917969,1397.127197265625,0.009150900243620228,-0.033543793586643056,38.3114921054584,-11.104811691140185,-14.968323624857973,1,2008-02-22
0.013812671311938196,1355.2500244140624,1354.422509765625,1395.0101977539061,0.009715531364845115,0.082204855765732,47.563243029333684,-8.648844588582278,-13.704427817602834,1,2008-02-25
0.006917910698780005,1361.7520263671875,1355.789013671875,1392.90419921875,0.009754372599317725,0.05941262430974947,64.84474368808316,-5.869055249208486,-12.137353303923966,0,2008-02-26
-0.0009194445013966934,1365.7500244140624,1356.6750122070312,1390.7363989257813,0.009713726638058594,-0.04671806565333514,68.93337083945252,-3.7255858975001956,-10.454999822639213,0,2008-02-27
-0.00894187449867867,1370.780029296875,1357.2685119628907,1388.7310009765624,0.009417943475228015,0.008676722923656177,60.73249074785281,-2.98815748627203,-8.961631355365776,0,2008-02-28
-0.027089704735838493,1366.284033203125,1354.872509765625,1386.4256005859374,0.01218079138229257,0.12394060803639895,49.81118133366672,-5.3319065579378275,-8.235686395880187,1,2008-02-29
0.0005335524788219193,1358.1920166015625,1351.668505859375,1383.9528002929687,0.012175258950776185,-0.06983936223804021,47.67669442284337,-7.0507796696938385,-7.998705050642918,0,2008-03-03
-0.003447628658457935,1347.2840087890625,1348.9650085449218,1381.4278002929686,0.012192046008119493,0.15533676415944364,43.19734150791606,-8.68327548172465,-8.135619136859264,1,2008-03-04
0.005238327621537531,1338.0199951171876,1348.8180053710937,1378.8993994140626,0.011948637165833016,-0.10078870255067074,38.912037560627255,-9.30892965143721,-8.370281239774853,0,2008-03-05
-0.022013935987449718,1325.3519775390625,1347.7125061035156,1375.2969995117187,0.013170104599900947,0.010694974647650346,36.269413275947485,-12.035136967416975,-9.103252385303277,0,2008-03-06
-0.008410361554953893,1317.8999755859375,1345.5355041503906,1371.235400390625,0.012700961776979955,0.05596212292932057,33.536855032494614,-14.908999200215703,-10.264401748285763,0,2008-03-07
-0.01546347918654778,1306.3059814453125,1342.639501953125,1366.749599609375,0.011328151840891393,-0.06662490334931581,30.233268037140107,-18.586139135311896,-11.928749225690991,1,2008-03-10
0.037129844018763736,1305.085986328125,1341.7155029296875,1363.6371997070312,0.0177611758245211,0.1989655593207611,41.3175718774172,-17.483655104821082,-13.03973040151701,0,2008-03-11
-0.008995573894062803,1300.1,1339.711004638672,1360.2428002929687,0.01777204667343994,-0.13599317293915925,42.36751148894269,-17.368334329648405,-13.90545118714329,1,2008-03-12
0.005126921336342294,1302.3280029296875,1337.1245056152343,1357.1852001953125,0.01799365407397961,0.1493063421441323,41.341060504854106,-16.544786019845105,-14.433318153683654,0,2008-03-13
-0.02078326255529206,1301.2820068359374,1334.0885070800782,1354.0047998046875,0.017176279530913267,0.01585142785057636,31.48621291599379,-17.89197722694871,-15.125049968336667,0,2008-03-14
-0.00895868378535658,1301.9280029296874,1330.4190063476562,1350.5935986328125,0.017214883494789716,0.10268773599183523,27.040632480819923,-19.664144653717358,-16.032868905412805,1,2008-03-17
0.04240953758720556,1303.94599609375,1329.5170043945313,1348.9757983398438,0.022646367313645256,-0.06112605819803241,41.22693632312878,-16.509640532891808,-16.128223230908606,0,2008-03-18
-0.02428719849575589,1301.8760009765624,1326.436505126953,1346.6205981445312,0.023856396436015715,0.004295650185638822,38.48889015126923,-16.428248227293807,-16.188228230185647,1,2008-03-19
0.0239444592412823,1304.6820068359375,1325.7855041503906,1345.4069995117188,0.024088997994491587,0.1468065054912242,49.81009291475811,-13.697151589352643,-15.690012902019047,1,2008-03-20
0.015321430427423843,1317.0300048828126,1325.624005126953,1344.2219995117186,0.024099692892347396,-0.2678862595643443,52.94716906442712,-9.776353740143122,-14.507281069643863,1,2008-03-24
0.0023038976355771457,1332.3080078125,1324.6835021972656,1342.8752001953126,0.023094716687279658,-0.07865747943987556,54.19089084943925,-6.345002135194591,-12.87482528275401,0,2008-03-25
-0.008765759863092581,1334.3860107421874,1322.6755004882812,1341.6773999023437,0.020731325859217883,-0.021579592388157653,51.16835821743552,-4.530409229046882,-11.205942072012585,0,2008-03-26
-0.011460481132498757,1339.85400390625,1319.9625,1339.8676000976564,0.020887108997500636,-0.004374123141182573,53.523266978635874,-4.283187511595088,-9.821391159929085,0,2008-03-27
-0.00795018629681199,1336.99599609375,1317.3394958496094,1338.5530004882812,0.02104255536285556,-0.0869133442134955,53.59907442892755,-4.881484866023584,-8.833409901147986,1,2008-03-28
0.0056872467232620405,1331.5599853515625,1316.9429931640625,1337.5430004882812,0.019737285034223194,0.13615750560078976,58.47506645017841,-4.697913298726689,-8.006310580663728,1,2008-03-31
0.03589635162305438,1334.997998046875,1318.8849975585938,1338.2816015625,0.02175560447445847,0.13275992542355075,58.50359382937735,-0.7129654203924929,-6.547641548609481,0,2008-04-01
-0.0019340702025878453,1340.2780029296875,1320.9239990234375,1339.1284033203126,0.01800182226458521,-0.08949826347911116,60.418441447805854,2.205871743794887,-4.796938890128608,1,2008-04-02
0.001301638178863307,1348.9880126953126,1322.7045043945313,1340.3046044921875,0.01533251051892834,-0.09266185851441056,59.71416336014676,4.609568477381345,-2.9156374166266175,1,2008-04-03
0.0007959963585104646,1360.0240234375,1326.0075073242188,1340.94060546875,0.013908761059635627,-0.05535573072115507,66.39821133605682,6.527224804434127,-1.0270649724144687,1,2008-04-04
0.0015615985189088022,1369.992041015625,1329.9660095214845,1341.3500073242187,0.013231663572085502,0.012065566687370133,69.86994574035768,8.125991188702073,0.8035462598088399,0,2008-04-07
-0.005100033369358936,1369.0640380859375,1334.57451171875,1342.0486083984374,0.01340286949230909,-0.038764281788151944,58.95615698486122,8.727577487616145,2.388352505370301,0,2008-04-08
-0.008092072375784243,1366.4560302734376,1336.2665100097656,1342.059208984375,0.013349898761401363,-0.012721721027064592,66.2042377790431,8.217960835375152,3.5542741713712713,1,2008-04-09
0.004474051958627934,1364.7040283203125,1338.8555114746093,1342.024208984375,0.012618957374700717,0.03640483935816374,60.487901050439916,8.208460031720733,4.485111343441164,0,2008-04-10
-0.020374180867005598,1357.1900146484375,1339.7230102539063,1341.5646069335937,0.014282099614942258,0.010211195963267805,44.511680469262046,5.896183226056337,4.767325719964199,0,2008-04-11
-0.0033837848145122917,1348.34599609375,1341.7320068359375,1340.5600048828126,0.014269134910693343,-0.04263666855542336,42.129780713198095,3.657604514092327,4.545381478789825,1,2008-04-14
0.004599876286541349,1342.1239990234376,1344.6235107421876,1339.340205078125,0.007448675770301005,0.004546959063343348,47.781186127137715,2.3494661778129284,4.106198418594445,1,2008-04-15
0.022691265939609684,1344.1679931640624,1346.3220092773438,1339.0180053710938,0.0109476150480649,0.18963875539968122,61.739665365194625,3.713288101333319,4.027616355142221,1,2008-04-16
0.0006229145243916712,1345.1699951171875,1349.6790100097655,1339.59640625,0.010939698721132072,-0.12827289648551654,66.11393926511064,4.8073069359140845,4.183554471296594,1,2008-04-17
0.01813900260560164,1356.6699951171875,1352.7200073242188,1340.8740063476562,0.012396464391919233,0.1369188018998999,69.4909983092146,7.585606311048878,4.863964839247051,0,2008-04-18
-0.001553524830540276,1368.6400146484375,1354.6345092773438,1341.8992065429688,0.012434214267691774,-0.18989527233456016,57.01801003838205,9.503590253656512,5.791889922128943,0,2008-04-21
-0.008810233726340488,1376.9419921875,1355.7820068359374,1342.7922045898438,0.012695766614378282,0.1173283984832938,53.05259426647171,9.922360487584683,6.617984035220092,1,2008-04-22
0.0028999174924810855,1379.9860107421875,1357.7220092773437,1343.6082055664062,0.01230723336159407,0.07370941154922939,53.793930513581984,10.45568104858512,7.385523437893098,1,2008-04-23
0.006442277675030139,1384.63798828125,1360.8750061035157,1344.4074047851564,0.012368018377313795,0.0872524435801647,56.23304352423722,11.46353695248331,8.20112614081114,1,2008-04-24
0.006494736452591576,1386.139990234375,1365.006005859375,1345.0200048828126,0.009529323432684988,-0.12786944769435593,58.18025233400667,12.842074766264204,9.129315865901754,0,2008-04-25
-0.0010516015703287973,1387.77998046875,1368.6895080566405,1345.970205078125,0.009332908336503671,-0.07302468421931818,60.33797485245733,13.658514709390147,10.035155634599434,0,2008-04-28
-0.003888692631555557,1390.77998046875,1369.7275024414062,1346.7892041015625,0.00975464315069854,0.05775436650956478,62.7011957749738,13.70935636641525,10.769995780962597,0,2008-04-29
-0.0038463023648085404,1391.911962890625,1370.6304992675782,1347.5254028320312,0.0075180922744971165,0.18178553830347122,58.768696752461196,13.166178912882515,11.249232407346582,1,2008-04-30
0.017140713043443112,1396.015966796875,1372.6319946289063,1348.5116015625,0.008967798171128706,-0.013331440775889436,77.5592455405353,14.485157501563435,11.896417426189954,1,2008-05-01
0.0032355987230490157,1399.227978515625,1374.8069946289063,1349.9390014648438,0.007290088306731199,-0.11143504511349178,80.81521385584004,15.717237622662878,12.660581465484539,0,2008-05-02
-0.0045335837534509205,1401.4519775390625,1376.5544921875,1351.0266015625,0.007496147434925537,-0.1373478066192263,76.25033004414917,15.992086983860872,13.326882569159807,1,2008-05-05
0.007651933303949532,1406.9159912109376,1379.1904907226562,1351.95580078125,0.006775731450192093,0.15073209211487093,72.37776149948887,16.884325654142913,14.038371186156429,0,2008-05-06
-0.018113789643415146,1408.3119873046876,1381.0944885253907,1352.1813989257812,0.009528377597870463,0.038673836038837006,59.34662146235879,15.341609284818787,14.2990188058889,1,2008-05-07
0.0036695517058173976,1405.9800048828124,1382.9509887695312,1352.534599609375,0.009390238516755078,-0.06092211214320409,52.944035360499115,14.365739111340417,14.312362866979205,0,2008-05-08
-0.0067254479228667785,1400.856005859375,1385.7234924316406,1352.9465991210936,0.009410584028354497,-0.08071220493527187,50.04163889969785,12.687596838560694,13.987409661295503,1,2008-05-09
0.011020778542468523,1400.0739990234374,1389.4864929199218,1354.4055981445313,0.010101763942172996,-0.042059102716405894,60.226417684895885,12.4487319862817,13.679674126292744,0,2008-05-12
-0.00038467134690722826,1397.0300048828126,1392.9169921875,1355.839599609375,0.00999042260280047,0.19223705954079806,58.77438462001937,12.076650966045008,13.359069494243197,1,2008-05-13
0.0040055842746602455,1400.2480224609376,1395.1144958496093,1357.4778002929688,0.009882918489612995,-0.009759642063509877,57.72467771463986,12.095827543970927,13.106421104188744,1,2008-05-14
0.01058446448937378,1405.4260009765626,1398.014990234375,1359.2752001953124,0.00891456139215848,-0.035907693931451434,59.57857540162942,13.162402438034178,13.117617370957833,1,2008-05-15
0.0012503981989189228,1412.839990234375,1399.7659912109375,1361.695400390625,0.008882306328252293,0.0015926057219117773,60.763614337219174,13.990035789680178,13.292101054702302,1,2008-05-16
0.0008980456160241346,1417.45,1401.6889892578124,1364.3606005859374,0.008680812838005232,-0.041279449537941826,63.67748834920299,14.581146470183057,13.549910137798454,0,2008-05-19
-0.009273589104020541,1419.5219970703124,1403.561993408203,1367.161201171875,0.008968559404191645,0.04624087601147675,60.05061039524813,13.8227174050337,13.604471591245504,0,2008-05-20
-0.016053532676263305,1415.931982421875,1404.1009887695313,1368.5623999023437,0.008526833737166466,0.1721886091450633,43.21509832565856,11.260949200247296,13.135767113045864,1,2008-05-21
0.0026173787135195248,1410.08798828125,1404.377490234375,1370.2739990234375,0.008481510550442944,-0.12439823903992708,42.83198943018984,9.41590748240992,12.391795186918676,0,2008-05-22
-0.013210400686713863,1400.20400390625,1403.2819946289062,1371.4830004882813,0.009248598686178139,-0.1111184137352248,39.36516529017407,6.3936627108002995,11.192168691695002,1,2008-05-23
0.006846221470047986,1391.947998046875,1402.7309936523438,1373.4271997070311,0.008732855729755512,0.020612106768892913,38.80838776257421,4.704391626652523,9.894613278686506,1,2008-05-27
0.003962890483361736,1387.435986328125,1402.7259948730468,1375.7119995117187,0.008888766990379307,0.0942862078765958,49.31799151098662,3.7652252788327587,8.668735678715757,1,2008-05-28
0.005334937252062799,1388.94599609375,1403.3594970703125,1377.0623999023437,0.008978726410799498,-0.00835192145119723,50.2245458747553,3.5784149759922457,7.650671538171055,1,2008-05-29
0.0015161665944682934,1390.152001953125,1402.9114990234375,1379.1015991210938,0.008129700550633761,-0.012533252534382311,54.96471413187749,3.560390389371605,6.832615308411166,0,2008-05-30
-0.010504263761414556,1392.1,1401.5,1380.2247998046876,0.008510843561627198,-0.03414525058312945,42.615673587386084,2.3322501354452925,5.932542273817991,0,2008-06-02
-0.005787827748960472,1390.560009765625,1400.0080017089845,1380.7802001953125,0.008451630955257607,0.18362984341682997,40.1397907878781,0.7036800008397677,4.886769819222347,0,2008-06-03
-0.0003266963555412783,1387.8320068359376,1397.9549987792968,1381.2643994140626,0.008238121558849664,-0.013133532588174845,37.271365028690184,-0.6161876852033856,3.7861783183372006,1,2008-06-04
0.019496150601372664,1388.9900146484374,1398.52900390625,1382.5228002929687,0.00936219720850504,0.002800416720446952,42.79815633666942,0.49863815939465894,3.1286702865486924,0,2008-06-05
-0.030889208795217615,1381.0500244140626,1396.67900390625,1383.221201171875,0.013705317978768361,0.09673415632563276,31.743017714692968,-2.093319984919617,2.0842722322550307,1,2008-06-06
0.0007936884587542714,1376.268017578125,1395.3530029296876,1384.152001953125,0.013178342621486875,-0.07693129854180725,31.66582370016981,-4.014050583824201,0.8646076690391845,0,2008-06-09
-0.002438071565889488,1372.4260009765626,1393.0960021972655,1384.8668017578125,0.012891531744905293,0.05233200970809859,33.54489735502334,-5.738001086462191,-0.4559140820610906,0,2008-06-10
-0.01689434363076614,1364.0840087890624,1389.7184997558593,1384.1730004882813,0.013512697157223363,0.03126382125836291,33.49277547558958,-8.854049567066568,-2.1355411790621863,1,2008-06-11
0.0032796987733647587,1351.247998046875,1386.2789978027345,1383.6197998046875,0.013370327648986075,-0.009569077694885797,33.78572009858631,-10.845095143075469,-3.877451971864843,1,2008-06-12
0.015046261393385496,1351.1179931640625,1383.102001953125,1383.43419921875,0.014635060100038443,-0.13810453208962792,45.31636211435939,-10.673232453043966,-5.236608068100668,1,2008-06-13
8.086979639654324e-05,1350.793994140625,1379.84150390625,1383.2289990234376,0.014398609475917016,-0.09152979350164936,42.14301149558225,-10.408176158415472,-6.2709216861636286,0,2008-06-16
-0.006771332979186417,1349.2920166015624,1376.0565063476563,1382.7967993164064,0.014432467878532789,0.025633001882954698,37.843473501507376,-10.816597014807257,-7.180056751892355,0,2008-06-17
-0.009711824147480841,1349.7560302734375,1372.2770080566406,1382.2421997070312,0.014625373991301286,0.20295058338330763,32.204911269990475,-12.05992809950726,-8.156031021415338,1,2008-06-18
0.003752324501292925,1350.3480224609375,1369.8830078125,1382.0089990234376,0.012675945527255986,0.05205998814930135,33.34296705408828,-12.496165156453799,-9.02405784842303,0,2008-06-19
-0.01854285587797533,1341.92802734375,1366.06201171875,1381.1565991210937,0.010157661422270705,0.10666359081150611,31.48572976637547,-14.681856881979456,-10.155617655134316,1,2008-06-20
5.307283862721057e-05,1333.5000244140624,1363.165509033203,1380.86,0.010128446743532143,-0.21381246596180215,32.95614910740507,-16.22139904977962,-11.368773934063377,0,2008-06-23
-0.002814841378983357,1326.172021484375,1359.6125122070312,1380.5794018554689,0.010125937546647845,0.12389731437976104,32.35343666921878,-17.538685107318088,-12.60275616871432,1,2008-06-24
0.005843407020038827,1323.00400390625,1356.169012451172,1380.3302001953125,0.009236024691395672,0.02562990829002887,24.20156847097101,-17.75823165847555,-13.633851266666568,0,2008-06-25
-0.029365225496321257,1311.068017578125,1350.4135131835938,1378.6990014648438,0.012687880269863346,0.08405931648444565,24.914172142323366,-20.824615906419012,-15.072004194617058,0,2008-06-26
-0.0037174293266512004,1303.1580078125,1344.3135131835938,1376.955400390625,0.01075914711889702,0.18675735192916454,23.650545660752925,-23.370250525888423,-16.731653460871332,1,2008-06-27
0.0012672250121246176,1295.5580078125,1339.030010986328,1374.7488012695312,0.010841337151275714,-0.18941378099499695,24.94244303576332,-24.969135582781064,-18.37914988525328,1,2008-06-30
0.003835964202880904,1289.6820068359375,1334.3930114746095,1372.6836010742188,0.011268081524075466,0.1617461493979926,31.73740000440752,-25.54559111350204,-19.812438130903033,0,2008-07-01
-0.01820362050746238,1277.5920166015626,1328.6090148925782,1370.3952026367188,0.011966011605185822,-0.09753193905878776,25.125353155241044,-27.57198232903056,-21.36434697052854,1,2008-07-02
0.0010939223012293997,1273.5420166015624,1321.551513671875,1368.0546020507813,0.011758207003133481,-0.3844703179816872,14.98800062306995,-28.735314289815506,-22.838540434385934,0,2008-07-03
-0.008385434805281422,1268.32802734375,1316.1330139160157,1365.324404296875,0.010972018569736482,0.6213315104431285,13.861430695301195,-30.164072338320693,-24.303646815172886,1,2008-07-07
0.01708034877731812,1267.068017578125,1311.7300109863281,1362.8416040039062,0.012986404754480489,0.1459883542053626,26.070416259751767,-29.233403340594577,-25.289598120257224,0,2008-07-08
-0.022776172472122824,1259.0239990234375,1306.0425109863281,1359.8080029296875,0.014358895457045693,-0.14138124760735216,23.733394853007,-30.48529133404304,-26.32873676301439,1,2008-07-09
0.0069897513852792414,1257.397998046875,1301.9375122070312,1357.0570043945313,0.01446223796152756,0.1272785176606832,25.284599577131658,-30.424681596381788,-27.14792572968787,0,2008-07-10
-0.011089943474586694,1252.7159912109375,1296.9185119628905,1354.1350048828126,0.01202036245380296,0.15440130264381224,26.921223117960963,-31.139309172881667,-27.94620241832663,0,2008-07-11
-0.00902785943768214,1247.9139892578125,1290.332012939453,1350.5142065429689,0.012152980797971474,-0.1939040669217763,25.229193887443856,-32.236983549579236,-28.804358644577153,0,2008-07-14
-0.010901257116461394,1236.156005859375,1283.0705139160157,1346.5344067382812,0.012184869641680973,0.35489046635975896,23.948811583184053,-33.79776112664422,-29.803039140990567,1,2008-07-15
0.02506354406105049,1236.2900146484376,1277.792010498047,1343.291806640625,0.015357943691002861,-0.0848778593195757,32.05938231280227,-32.20637695676896,-30.283706704146248,1,2008-07-16
0.012012559511679566,1237.6760009765626,1273.9175048828124,1340.1330053710938,0.015006184378969147,0.0929832918560598,43.980993967605805,-29.39915456134804,-30.106796275586607,1,2008-07-17
0.00028572698776629935,1241.914013671875,1269.810009765625,1337.4952075195313,0.015001849490934827,-0.23243464884232767,45.222427093231836,-26.836004177306222,-29.452637855930533,0,2008-07-18
-0.0005394340212933058,1248.25400390625,1266.913507080078,1334.7416064453125,0.01472146509262705,-0.18089321597373564,44.57406546358226,-24.576263811453146,-28.477363047035055,1,2008-07-21
0.013492063492063444,1260.6719970703125,1264.863507080078,1332.516005859375,0.01431625764177332,0.33463840851372595,47.98614145585572,-21.169615219272373,-27.01581348148252,1,2008-07-22
0.004064167115309214,1268.03798828125,1263.2585021972657,1330.0882055664063,0.01179210516308187,0.08504537857005312,55.79996876138907,-17.845326948327056,-25.18171617485143,0,2008-07-23
-0.023124422822433988,1266.4820068359375,1259.7870056152344,1327.0782055664063,0.014257429206143627,-0.08617128677583541,47.49104101591716,-17.402696416480012,-23.62591222317715,1,2008-07-24
0.00416750805589583,1265.897998046875,1258.5175048828125,1324.060205078125,0.013743092576037041,-0.23750403885130178,51.355103537364755,-16.441176867729837,-22.18896515208769,0,2008-07-25
-0.01859656410350974,1260.7719970703124,1256.3170043945313,1320.2762060546875,0.014849901220419468,-0.08338041673087127,40.317109982310654,-17.366355861402326,-21.224443293950618,1,2008-07-28
0.023356008464828548,1258.0119873046874,1255.477001953125,1317.0332055664062,0.01582332502610613,0.26413508414741216,54.56113986083822,-15.59347845480147,-20.098250326120787,1,2008-07-29
0.01667199129814123,1258.4260009765626,1255.4445007324218,1314.1858056640624,0.014770718896511818,0.04009611690652792,57.17006778032891,-12.346763807338675,-18.547953022364368,0,2008-07-30
-0.013143759639368535,1261.393994140625,1255.7375,1311.2654052734374,0.015234033197870199,-0.050659435692811505,56.389468556180056,-11.008890740208017,-17.040140565933097,0,2008-07-31
-0.005578395005305659,1261.90400390625,1255.6080017089844,1308.6574072265626,0.01536250718759999,-0.12367635918107767,57.47443779102381,-10.399226465769061,-15.71195774590029,0,2008-08-01
-0.00896608636190177,1264.8320068359376,1255.4429992675782,1305.7506079101563,0.015628872163687572,-0.026167214885364998,58.04093306337077,-10.704487963927704,-14.710463789505773,1,2008-08-04
0.028718741112345736,1269.168017578125,1256.002001953125,1303.9296069335937,0.01776769719796584,-0.732741085597552,59.08673471678964,-7.960240376624824,-13.360419106929584,1,2008-08-05
0.003354349438903892,1270.15400390625,1258.227001953125,1302.00640625,0.017754429631550293,2.996867080561957,56.979837526790135,-5.375661257903857,-11.76346753712444,0,2008-08-06
-0.017933738369047658,1269.8919921875,1258.8609985351563,1299.511005859375,0.01704256989908321,0.0915086325414185,51.1739113789165,-5.133775105771065,-10.437529050853765,1,2008-08-07
0.02389283474318682,1277.0939697265626,1261.7024963378906,1297.4722045898438,0.01850253743078559,-0.06628028078460269,57.00779085701312,-2.47265319050166,-8.844553878783344,1,2008-08-08
0.006942730477737413,1288.35595703125,1265.5534912109374,1295.5710034179688,0.016852083977777457,0.02023431538552911,55.63828385918302,0.3583984888748546,-7.003963405251705,0,2008-08-11
-0.012050670422580567,1289.29794921875,1269.2874877929687,1293.6494018554688,0.016452461185862036,-0.07025818432264852,51.413946384746616,1.3175613514049473,-5.339658453920375,0,2008-08-12
-0.0029156630132689543,1288.6259521484376,1271.310986328125,1291.8130004882812,0.0156849352490934,0.016197262320935435,57.05923251868538,1.7540834834635461,-3.920910066443591,1,2008-08-13
0.005521801403690407,1293.9979736328125,1272.9414916992187,1290.1276025390625,0.015012528840414905,-0.15114044615256084,57.398922338190225,2.6424880041395227,-2.6082304523269686,1,2008-08-14
0.004075933919094776,1294.373974609375,1274.8174865722656,1288.0106005859375,0.014772487097576295,-0.00545767716535428,64.53654687963046,3.7288082892550847,-1.340822704010558,0,2008-08-15
-0.015097809523290096,1289.02998046875,1275.7474853515625,1286.3689990234375,0.015439509942839602,-0.05258274737618207,53.66109460509675,2.9738895680118276,-0.47788024960608094,0,2008-08-18
-0.009314902555218274,1284.4499755859374,1275.231982421875,1284.46759765625,0.012689371337225584,0.08630059358262243,45.633027990563015,1.3984503553472223,-0.10261412861542028,1,2008-08-19
0.006197331643397197,1282.1919921875,1274.8494873046875,1282.789599609375,0.012837525947017633,0.09502230897936426,51.86323348439116,0.7744137441529801,0.07279144593825981,1,2008-08-20
0.0024949640993341404,1279.1499755859375,1276.1084838867187,1281.63419921875,0.01140046703342391,-0.11469518312722415,54.62414664259628,0.5303407039320973,0.16430129753702732,1,2008-08-21
0.011332671321386378,1277.9499755859374,1277.8304809570313,1280.6807983398437,0.009043141096470237,-0.07229100900413876,61.28087468769807,1.4881697758653445,0.42907499320269077,0,2008-08-22
-0.019625434383095275,1275.5979736328125,1279.4539794921875,1278.8169970703125,0.010474437311330919,-0.08566265800960693,45.014358044283235,0.19862768422558474,0.3829855314072696,1,2008-08-25
0.0036863724474374138,1276.5619873046876,1279.869482421875,1277.0443969726562,0.010129748399395346,0.04881307372975496,45.12358539735469,-0.44142176155537527,0.21810407281474062,1,2008-08-26
0.007982653959549557,1277.985986328125,1279.739483642578,1275.6589965820312,0.01052294579841248,-0.024517988499179078,54.63135953397021,-0.1281659978794778,0.14885005867589693,1,2008-08-27
0.014840144050698667,1282.5780029296875,1281.4044860839845,1274.916396484375,0.011463790048078617,0.1013455785073194,51.38786136151694,1.6359894034803801,0.4462779276367936,0,2008-08-28
-0.013723665251360151,1280.70400390625,1282.5304809570312,1273.716396484375,0.012230222329383979,-0.14689124817086463,43.223055984698,1.575579270674325,0.6721381962442999,0,2008-08-29
-0.004092514347066145,1282.852001953125,1283.9589782714843,1272.90939453125,0.011292135841896105,0.45480091967446445,46.137023262826595,1.0914906564169087,0.7560086882788217,0,2008-09-02
-0.0020350785667978544,1283.54599609375,1283.4639770507813,1272.048994140625,0.010852594745003986,0.05715826706469662,46.483905549687684,0.49237485028379524,0.7032819206798164,0,2008-09-03
-0.02992205759970956,1274.57998046875,1280.8459777832031,1270.4997924804688,0.014288507496422844,0.03075353274088477,34.865633146414496,-3.0259357755892324,-0.042561618573993314,1,2008-09-04
0.004430764724152825,1262.9059814453126,1279.6579833984374,1268.9065942382813,0.014382615826178757,-0.03749064748201436,34.939422168539,-5.310804174218902,-1.096210129702975,1,2008-09-05
0.02051016192977806,1259.897998046875,1278.2314880371093,1268.59939453125,0.015618156803540749,0.46526266274406636,47.17653458079566,-5.007830213538682,-1.8785341464701164,0,2008-09-08
-0.03413816796421554,1249.2840087890625,1274.1909912109375,1267.5219946289062,0.017958097793216506,0.003984307622827865,40.53413909860946,-8.165926111747467,-3.136012539525587,1,2008-09-09
0.006149422411268146,1240.6960205078126,1271.313494873047,1266.5627954101562,0.018080221493364076,-0.11343069629557367,40.44858929043685,-9.946472685103345,-4.498104568641138,1,2008-09-10
0.013806377411702098,1243.1400390625,1269.4744995117187,1265.845595703125,0.018560686661426247,0.04979185260352348,43.93384005198739,-9.871213834661603,-5.572726421845231,1,2008-09-11
0.002121534158087801,1245.018017578125,1267.4129943847656,1265.6491943359374,0.01766066891003272,-0.08676201914328352,40.97916084357201,-9.488369661342176,-6.355855069744621,0,2008-09-12
-0.04713589702129706,1230.0,1262.1379943847655,1264.2451928710936,0.02231684000401163,0.3198097958637136,35.63847320504266,-13.786843660464228,-7.842052787888543,1,2008-09-15
0.017523287725070613,1227.8179931640625,1258.8879943847655,1263.4709912109374,0.023640611334361676,0.14255916110977584,39.44596540921219,-15.330240502409879,-9.339690330792811,0,2008-09-16
-0.04714070706031326,1212.68798828125,1253.372998046875,1261.1247924804688,0.027091048143236433,-0.0029556556513171683,30.5124360423427,-20.92850852456195,-11.657453969546639,1,2008-09-17
0.043341774386062015,1204.17998046875,1249.9714965820312,1260.3611938476563,0.030597939871704276,0.06900222331308647,36.64293087763781,-21.077938179013017,-13.541550811439915,1,2008-09-18
0.0402565630586833,1204.8559814453124,1248.8394958496094,1260.3949926757812,0.033409624100089526,-0.06898159122218372,46.37945862611565,-17.080282641019494,-14.249297177355832,0,2008-09-19
-0.038236599989398545,1207.733984375,1244.5839965820312,1259.7469921875,0.034835770523414265,-0.428141814838764,41.7259437187531,-17.581830569937438,-14.915803855872154,0,2008-09-22
-0.01563263356626765,1202.6579833984374,1240.6529968261718,1258.945390625,0.033544861232269046,-0.03397831274577923,40.19084527841494,-19.279717240746322,-15.788586532846988,0,2008-09-23
-0.001977727730452905,1208.5539794921874,1236.37099609375,1258.36458984375,0.03341034600982392,-0.07045681128789971,43.73093589655797,-20.5777208929278,-16.74641340486315,1,2008-09-24
0.019656504245599393,1209.08798828125,1232.7469970703125,1257.6409912109375,0.03379233664024294,0.2193363151299903,46.09564512105613,-19.500679525842997,-17.29726662905912,1,2008-09-25
0.0033824291161275166,1200.7260009765625,1228.3764953613281,1256.6999926757812,0.03381476398541164,-0.08405244281718516,43.23371284380764,-18.108348651140886,-17.459483033475475,0,2008-09-26
-0.08806776221769597,1180.5920166015626,1219.5559997558594,1253.6147924804689,0.041425968380693734,0.35690735398738016,37.3416219223654,-25.334772956721054,-19.034541018124592,1,2008-09-29
0.0541746705821724,1176.22001953125,1213.9950012207032,1251.7419921875,0.045250969975079915,-0.32407399802328796,43.670731365893744,-25.92625225254028,-20.412883265007732,0,2008-09-30
-0.004543988840816637,1171.2580322265626,1208.299005126953,1249.423193359375,0.04256166867366147,0.17102161338928412,41.325046876090674,-26.516992271226627,-21.633705066251512,0,2008-10-01
-0.04029079197981711,1152.27802734375,1202.1715087890625,1246.0649951171874,0.04157387682438786,0.08708036657771445,37.53628143320629,-30.409375052897076,-23.388839063580626,0,2008-10-02
-0.013506522985628489,1129.47001953125,1195.0175048828125,1242.9987939453124,0.03809612699842877,0.06848626392857371,40.78804710053739,-34.31299081339648,-25.573669413543797,0,2008-10-03
-0.03851784119121027,1119.564013671875,1184.4725036621094,1238.9813940429688,0.038117332330376646,0.1846155220573784,35.18164537470665,-40.35789512636666,-28.530514556108372,0,2008-10-06
-0.05739484084336377,1085.5380126953125,1173.0585021972656,1234.21859375,0.040695346406259346,-0.11146402346902096,34.95358313006243,-49.472989321787054,-32.71900950924411,0,2008-10-07
-0.01133270253725105,1050.3140014648438,1160.7035003662108,1228.6533947753906,0.04042572246623141,0.2329991611509632,27.54615182975023,-56.9512751657162,-37.56546264053853,0,2008-10-08
-0.07616709580816616,1009.4419921875,1143.7469970703125,1221.1665942382813,0.041930556346408465,-0.21767532895151975,16.801319986469494,-68.14581662808837,-43.6815334380485,0,2008-10-09
-0.011759289177065702,969.439990234375,1126.122998046875,1213.8033935546875,0.0409646820524941,0.6800454612113214,18.09967445382034,-76.99344049542992,-50.343914849524786,1,2008-10-10
0.11580036951513706,958.731982421875,1116.655499267578,1208.6641918945313,0.05609427727446985,-0.3659895096379874,33.72078549302063,-74.74125435531141,-55.22338275068211,0,2008-10-13
-0.005322136791994336,959.08798828125,1105.8760009765624,1203.6441918945313,0.051709128175842056,0.12371943051228285,33.54414773503724,-72.55094904766179,-58.688896010078054,0,2008-10-14
-0.0903497780862258,943.6679931640625,1093.448501586914,1196.1033923339844,0.05678031072186972,-0.19843935118763933,26.371412881975914,-77.20115350831725,-62.3913475097259,1,2008-10-15
0.042507451399756535,950.9699951171875,1080.4445007324218,1189.248193359375,0.059910613231710506,0.22043675571241428,30.150552995019282,-76.88628903446613,-65.29033581467395,0,2008-10-16
-0.006212826018106576,959.2359985351562,1064.718002319336,1182.737794189453,0.05996983058629352,-0.17568038073767922,35.480305074331824,-76.23246353666502,-67.47876135907217,1,2008-10-17
0.04768490479313692,955.6460083007812,1053.6335052490235,1176.5193957519532,0.062188480128739156,-0.21364129460419523,33.72954784372804,-71.27368037019039,-68.23774516129582,0,2008-10-20
-0.030799711659374562,947.05400390625,1041.9750061035156,1169.5139965820313,0.06024937175432797,-0.01039678184726911,32.27565684331449,-68.99744371243924,-68.38968487152451,0,2008-10-21
-0.06101246975642627,944.8420043945313,1027.5205078125,1161.6577978515625,0.06303378148932465,0.20034831300531253,31.649905961123466,-71.07608753625505,-68.92696540447062,1,2008-10-22
0.012634041442215027,937.1780029296875,1012.4670043945313,1154.1033984375,0.05837823332222807,0.16947355066216874,33.773685689838715,-70.9908565729304,-69.33974363816257,0,2008-10-23
-0.034511200543819176,924.4220092773437,995.6420043945312,1145.7801977539064,0.0593792624943652,-0.08899289280796674,34.41652655502796,-72.61512182011768,-69.99481927455359,0,2008-10-24
-0.03176435781413156,897.1260009765625,982.7670013427735,1136.7945983886718,0.04329743548123706,-0.15144922557843066,36.488046631757115,-75.28182689443861,-71.0522207985306,1,2008-10-27
0.10789005877973534,894.2180053710938,971.4745025634766,1130.0327990722656,0.0584621638434154,0.27687768192081763,46.44793059084193,-69.20688625599803,-70.68315389002409,0,2008-10-28
-0.011079077098555157,900.8800048828125,959.9260009765625,1123.30080078125,0.05031924148007602,-0.002698342245612606,51.7982958781321,-64.48985862320376,-69.44449483666003,1,2008-10-29
0.025803953710955563,910.0760131835938,951.9165008544921,1116.8918005371095,0.04914529949704617,-0.12743649156517567,54.77870646615956,-58.14472462459639,-67.1845407942473,1,2008-10-30
0.01536539816147986,928.4720092773438,945.3925018310547,1110.712401123047,0.0492249526474377,0.035383098304195615,46.43034177377795,-51.3413913021966,-64.01591089583717,0,2008-10-31
-0.0025290448588709546,951.9480102539062,940.8630004882813,1104.1944018554686,0.04677618288335696,-0.2974610398242198,46.708871199777114,-45.621499886037554,-60.33702869387725,1,2008-11-03
0.04082584363592434,964.9960083007812,941.3390014648437,1098.9726025390626,0.047188148757322655,0.23128789835005836,61.357675840891986,-37.473190823972686,-55.76426111989634,0,2008-11-04
-0.05267708721725084,969.5320068359375,939.730502319336,1092.597802734375,0.0459264728083322,-0.01891963719132428,50.71169088710907,-34.888466316170025,-51.58910215915108,0,2008-11-05
-0.05026398151360678,959.6900024414062,939.4785034179688,1085.0622021484376,0.04925495064717234,0.1244950835139238,46.341014766618756,-36.286093966443104,-48.52850052060949,1,2008-11-06
0.028854638416884848,952.1380004882812,941.0670043945313,1077.6684008789061,0.04828735369540367,-0.19182987203038893,44.19551932174644,-34.88473681007724,-45.79974777850305,0,2008-11-07
-0.012653163176065019,942.7200073242187,936.8600067138672,1070.3960021972657,0.046940192163090935,-0.07292503102416237,46.01884209447245,-34.32897312371597,-43.505592847545635,0,2008-11-10
-0.02204067545102073,921.360009765625,931.9070068359375,1062.8234033203125,0.03217054798067963,0.0932502187226596,50.26327719646109,-35.11851548039192,-41.828177374114894,0,2008-11-11
-0.05189390264262972,901.2660034179687,929.1300048828125,1054.3698034667968,0.03557217288758703,0.1532188686643965,43.76327040294826,-39.05826126317845,-41.27419415192761,1,2008-11-12
0.06921270805966984,902.547998046875,927.3730041503907,1047.85900390625,0.04220264090775503,0.36170626177530885,53.63306782587381,-36.99409407984831,-40.41817413751175,0,2008-11-13
-0.041699130810434304,891.0079956054688,924.0100036621094,1040.478602294922,0.04317310457869913,-0.2507402103675317,52.511179862963665,-37.98662299228363,-39.93186390846613,0,2008-11-14
-0.025810416464710606,877.3159912109375,917.2775024414062,1032.1378015136718,0.043383458290517804,-0.1621382648957751,39.21620158235626,-40.1294102963185,-39.9713731860366,1,2008-11-17
0.00983837216243022,869.3499877929687,912.4810028076172,1024.830001220703,0.04019527031208599,0.355552218269342,41.43142957994017,-40.68322512293673,-40.11374357341663,0,2008-11-18
-0.06115557585198217,860.2059936523438,907.9710021972656,1016.32080078125,0.04115822367663857,-0.01959287188953618,33.338600334440784,-44.844722449415144,-41.05993934861633,0,2008-11-19
-0.06712293077105447,828.4359985351563,900.1875030517579,1006.3885998535156,0.04303120362302893,0.3886540634639466,27.56818272444805,-51.912965427022414,-43.23054456429755,1,2008-11-20
0.06324760339835156,813.7840087890625,896.3505035400391,997.3552014160156,0.04820632806217009,0.04422382869974295,34.23353700765091,-53.06280646742357,-45.19699694492276,1,2008-11-21
0.06472253086203117,813.9960083007812,896.495004272461,990.53740234375,0.054275600198476666,-0.1702271506650238,35.736256880198496,-49.228378971447796,-46.00327335022777,1,2008-11-24
0.006550776705881445,813.6500122070313,892.3390045166016,983.413203125,0.05410533563274788,-0.11761495740814065,40.31124186747601,-45.2180611486707,-45.84623090991636,1,2008-11-25
0.03532812081997916,829.8700073242187,890.2185028076171,978.0390026855468,0.05242544440180824,-0.16676111438721652,48.18802256585598,-39.144474166835835,-44.505879561300254,1,2008-11-26
0.009643111965147444,858.6300048828125,887.3260009765625,971.8336022949219,0.04751181692771089,-0.5268881424275796,46.198612457225174,-33.257026165945376,-42.256108882229285,0,2008-11-28
-0.0892952436107991,861.8660034179687,879.6990020751953,963.0562036132812,0.05401971658003249,1.2080697299387784,40.196450684234705,-34.649512793921076,-40.73478966456764,1,2008-12-01
0.03994067054843109,861.2660034179687,873.8245025634766,955.8906042480469,0.05524766892532788,0.019512525590671626,45.33719982472511,-32.74505825007884,-39.136843381669884,1,2008-12-02
0.025836162084397873,863.9359985351563,867.0740020751953,949.5410046386719,0.055755855144318696,0.008392084407059963,51.797481844077474,-29.130400052133496,-37.13555471576261,0,2008-12-03
-0.02930842710506598,855.443994140625,861.696499633789,942.7280041503906,0.052514115564573784,-0.05809980263200187,43.11009867439106,-28.00221755136863,-35.308887282883816,1,2008-12-04
0.03649941753675101,851.4099975585938,860.2559997558594,936.0658032226562,0.04635439257379822,0.05204090512747439,50.29429514026639,-24.338228710039743,-33.114755568315005,1,2008-12-05
0.0383873487297306,870.1079956054688,859.1915008544922,929.9944030761719,0.04417308971280404,0.0629694568209207,56.09731030408492,-18.50748801794748,-30.193302058241503,0,2008-12-08
-0.023117543162227583,878.0799926757812,857.6644989013672,925.6394018554688,0.041586480955042714,-0.13130035400390627,52.978409030648734,-15.405941516281814,-27.235829949849567,1,2008-12-09
0.01189418741207482,883.7799926757813,857.6789978027343,920.297001953125,0.04164224884761371,0.04374059169768363,60.202594766783484,-11.957197188357782,-24.18010339755121,0,2008-12-10
-0.0285240465920793,889.45400390625,858.7434997558594,914.5476013183594,0.041469154602634464,-0.072076847864318,64.2325166917771,-11.165076093419998,-21.577097936724968,1,2008-12-11
0.007028415417449585,890.1859985351563,857.1654998779297,909.8566003417968,0.04140415396364608,0.08084202660940476,60.37327798393284,-9.927434194122498,-19.247165188204473,0,2008-12-12
-0.012685680143110334,881.9599975585937,856.9295013427734,905.2434008789063,0.02826941080262512,-0.16397101142863857,52.43931038820245,-9.734892852138387,-17.344710720991255,1,2008-12-15
0.05136026454446818,886.8619995117188,860.0510009765625,902.3692004394532,0.02994697088021217,0.20620425137333687,57.291475384989695,-5.914471113397781,-15.058662799472561,0,2008-12-16
-0.009592862125632595,887.897998046875,862.3160003662109,900.5330004882812,0.02966219659416623,-0.01703889327063557,52.31830186172146,-3.5526660160480787,-12.757463442787666,0,2008-12-17
-0.021162683238924562,890.2359985351562,866.2510009765625,898.5398010253906,0.028737364100908824,-0.039337235796579884,48.52538013540014,-3.1885966010523816,-10.843690074440609,1,2008-12-18
0.002936896236101161,891.8660034179687,873.0230010986328,898.0990014648437,0.02652568239006983,0.18155242290748896,62.180905546402734,-2.659614287849422,-9.206874917122372,0,2008-12-19
-0.018302022695223075,892.4780029296875,876.6029998779297,897.5472021484375,0.023710906651743215,-0.27373231066125203,54.10668282906746,-3.511156757130834,-8.067731285124065,0,2008-12-22
-0.009717462330154691,882.4739990234375,877.1704986572265,894.7434020996094,0.022875408806194087,-0.16794767805989919,48.566453835429435,-4.81397852549469,-7.416980733198191,1,2008-12-23
0.005781143038123382,875.2200073242187,877.7084991455079,892.1462023925782,0.022521715011002235,-0.6183214584510743,54.70167234092187,-5.381780909116401,-7.009940768381833,1,2008-12-24
0.005356174910027267,872.7239990234375,876.9644989013672,891.4454016113282,0.020784909855615118,0.21564126604377476,49.24878911131203,-5.394372240313373,-6.686827062768142,0,2008-12-26
-0.003872599599089699,869.0319946289062,875.6234985351563,889.9052014160156,0.02066670014678246,0.7677349006675354,39.25292148152008,-5.612392935004664,-6.471940237215446,1,2008-12-29
0.024407112966569722,872.8339965820312,879.3449981689453,888.907001953125,0.02164008797545759,0.09158309337040338,50.525090020312525,-4.026481911153496,-5.982848572003057,1,2008-12-30
0.01415834135471683,880.852001953125,882.0669982910156,887.2640014648438,0.014302904717152598,0.15026737967914428,51.05732538198897,-1.7321484380837546,-5.132708545219197,1,2008-12-31
0.03160806841181141,893.5819946289063,885.1199981689454,886.7990014648437,0.01719470374712078,-0.02987581896696334,65.11712174384434,2.3626377643369096,-3.633639283307976,0,2009-01-02
-0.004668357633531128,904.5119995117187,889.2315002441406,887.4124011230468,0.015292508181503172,0.3373391596904356,62.5091877559732,5.196872346109103,-1.8675369574245602,1,2009-01-05
0.0078171328961949,917.5680053710937,892.1630004882812,887.9442016601563,0.01530541929382428,-0.003932462859559949,67.69791265792928,7.936550467484949,0.09328052755734172,0,2009-01-06
-0.030009615306130777,920.7700073242188,892.0105010986329,888.5418017578126,0.017585653210939863,-0.12752242880084264,48.08246612632241,7.754971046702394,1.6256186313863523,1,2009-01-07
0.0033970727091503505,922.0660034179688,893.0635009765625,889.7580017089844,0.016918224545813588,0.060916823593924585,51.61309940774468,7.770026729406709,2.854500250990424,0,2009-01-08
-0.021303029798827477,913.7760009765625,892.6190002441406,888.7548010253906,0.018901645763599633,-0.05510312428003328,51.53793230624305,6.147291883558637,3.513058577504067,0,2009-01-09
-0.02256412239141281,902.3380004882813,892.4524993896484,887.5582006835938,0.020461627126112762,0.0018127849040601163,45.167836686049824,3.203245464438396,3.451095954890933,1,2009-01-12
0.0017580587922576552,889.7559936523437,892.0554992675782,885.9121997070313,0.020423806602064287,0.17828594406408405,50.04772470945467,0.982200918034664,2.957316947519679,0,2009-01-13
-0.03345987410426654,876.9499877929687,890.7579986572266,883.389599609375,0.021072439523423483,-0.028662980964389462,44.54593927921415,-3.0960770746079334,1.7466381430941569,1,2009-01-14
0.0013291817470242329,863.7519897460937,887.2859985351563,880.9383996582031,0.02012352490269172,0.44369882467806243,43.38229697342355,-6.166681850667828,0.1639741443417598,1,2009-01-15
0.0075615769747268136,855.7059936523438,884.5709991455078,877.8257995605469,0.016079723159212647,-0.1308139125311405,43.90846292986689,-7.993204498232103,-1.467461584173013,0,2009-01-16
-0.052816102046715274,842.6979858398438,880.5679962158204,874.8747985839843,0.021068453114455137,-0.06053751525189954,35.90125423993254,-12.914918440343172,-3.756952955407045,1,2009-01-20
0.04349124562903017,836.38798828125,878.1859954833984,873.5819982910157,0.027253351910923894,0.01452496615808374,39.56434198108081,-13.830163777790972,-5.771595119883831,0,2009-01-21
-0.015162323124874533,833.3639892578125,875.9794952392579,871.5121984863281,0.026450570921991913,-0.09647748935887301,34.32390156360836,-15.405923148872034,-7.698460725681472,1,2009-01-22
0.005377658256231044,831.0059936523437,874.4189971923828,869.7669982910156,0.026559048853015646,-0.001996978009285,27.047026081451705,-16.109939652162552,-9.380756510977688,1,2009-01-23
0.005553212391849582,828.29599609375,872.8399963378906,868.5193981933594,0.026487162948877083,0.035626594606458006,29.13489677716973,-16.109383858757838,-10.726481980533718,1,2009-01-26
0.010925582519593302,836.3940063476563,871.485498046875,868.3875988769531,0.026261337314907585,-0.11368987109143469,29.744611944412327,-15.196247708394367,-11.620435126105848,1,2009-01-27
0.03355760738960489,843.164013671875,871.7190002441406,867.6435998535156,0.0286562560452245,0.1580195992722191,42.59999850186393,-12.043719022063101,-11.7050919052973,0,2009-01-28
-0.03312017219917118,846.6920166015625,869.4440002441406,867.0806005859375,0.028611513295324277,-0.18262415351707806,36.86501665452766,-11.745941463566055,-11.713261816951052,0,2009-01-29
-0.022789134855526583,845.4780151367188,865.5755004882812,866.5832006835938,0.029550866108212098,0.0559535509743323,36.883017150941,-12.915194110279913,-11.953648275616825,0,2009-01-30
-0.0005327680035899229,843.2520141601562,860.2575012207031,865.9096008300781,0.029378063756289638,0.06030934964059975,40.0884564208785,-13.719193454338438,-12.306757311361148,1,2009-02-02
0.01583398827965876,841.81201171875,855.8105010986328,866.5482006835938,0.02382307659258176,0.03755153553418045,42.99782072405383,-13.150141718499754,-12.47543419278887,0,2009-02-03
-0.007489510230927809,833.4400024414062,850.6869995117188,868.1440002441407,0.019585599297673024,0.09074275734713266,47.58090599710214,-13.055415297083414,-12.591430413647778,1,2009-02-04
0.016365662661559144,833.5819946289063,847.6469970703125,869.0603991699219,0.019551560356944355,0.03170805784641262,50.46424295228974,-11.745924441359534,-12.42232921919013,1,2009-02-05
0.026896022529575125,842.1259887695312,845.5904968261718,869.3961987304688,0.02104657350656182,-0.021124602394614778,53.79278622022151,-8.771298563611708,-11.692123088074446,1,2009-02-06
0.0014851935283901607,851.0159912109375,844.5674987792969,869.6461987304688,0.021063692699072416,-0.14030166098610453,66.1666919949734,-6.23788430610432,-10.601275331680421,0,2009-02-09
-0.04912120013376109,848.7459838867187,842.4124969482422,868.4357983398437,0.026708403185010113,0.21451751498375593,46.85152912463745,-7.5905928647094925,-9.999138838286235,1,2009-02-10
0.007954951041488467,849.0479858398437,840.5099975585938,867.1857983398437,0.024025025185079228,-0.12462168601379287,51.54792236587024,-8.039003131495633,-9.607111696928115,1,2009-02-11
0.0017391659558319006,846.9159912109375,840.1384979248047,867.5653979492188,0.021832046950081105,0.09280413602724047,50.81587109347384,-8.183038655835617,-9.322297088709616,0,2009-02-12
-0.00999769580757559,838.5640014648437,839.2934997558593,867.1259985351562,0.020759732989351052,-0.18216896267405347,47.59504357150573,-8.86872791787664,-9.231583254543022,0,2009-02-13
-0.0455590473632177,822.4199951171875,836.2459991455078,865.4945983886719,0.02534106407261716,0.11538802828202721,37.752362790004014,-12.309898475878185,-9.847246298810056,0,2009-02-17
-0.000950365594538094,814.6719970703125,835.4059997558594,864.3585986328125,0.024406089187233197,-0.02828623756309434,28.918754438179093,-14.925517591396442,-10.862900557327334,0,2009-02-18
-0.01202402358417931,803.7119995117188,832.3410003662109,862.4159985351563,0.024481577507715634,0.0010852316176919174,31.983464841859217,-17.5609382168293,-12.202508089227727,0,2009-02-19
-0.01141296456796903,790.6839965820312,829.4684997558594,859.622998046875,0.02316174896499183,0.42868900667137644,33.89675051026893,-20.134776761795024,-13.788961823741188,0,2009-02-20
-0.034699008021163436,773.9819946289062,825.0375,856.7161987304687,0.020571079927666845,-0.2072067902550243,29.43447048680116,-24.053368421355913,-15.841843143264134,1,2009-02-23
0.04010331464253336,770.7760009765625,821.866000366211,854.19419921875,0.02675810830819476,0.11140829275037256,34.89394100097941,-24.47137212806024,-17.567748940223357,0,2009-02-24
-0.010657824039959851,766.0720092773438,817.8255004882812,852.0203991699219,0.02326998821979436,0.03443919336401047,34.58069620253164,-25.177313032316533,-19.089661758641995,0,2009-02-25
-0.01577984957375933,760.8500122070312,811.7625,849.4823999023438,0.022716629751009212,0.015544574565318436,28.545087246338056,-26.406329276246197,-20.55299526216284,0,2009-02-26
-0.023564403426620917,753.8580200195313,806.2600006103515,846.8128002929687,0.022682396801499798,0.17454147845320445,18.477617713187044,-28.483462827637027,-22.139088775257676,0,2009-02-27
-0.04662016661802437,745.3560180664062,800.0070007324218,842.5656005859375,0.02507229417972031,-0.11854504799204169,15.460681274368852,-32.52003952905284,-24.21527892601671,0,2009-03-02
-0.006406766626880556,729.9940185546875,793.5515014648438,838.4038012695313,0.02292911650804206,-0.036228964616199955,18.323580003901327,-35.670176740835245,-26.506258488980418,1,2009-03-03
0.02375307342984989,719.5880126953125,787.2695007324219,834.9556005859375,0.02546632253538884,0.0119197228621577,22.08157909279872,-36.412306773630576,-28.48746814591045,0,2009-03-04
-0.04253230958224652,705.5320068359375,779.7855010986328,830.8490002441406,0.027516465945403232,-0.021680771265712884,18.892142350702173,-38.99748266252618,-30.589471049233598,1,2009-03-05
0.0012160531897855709,695.1900024414062,771.6620025634766,827.0840002441406,0.02787375765112109,-0.0233667454793699,19.838529653840695,-40.51227742116032,-32.574032323618944,0,2009-03-06
-0.010023669901070842,690.3320068359375,762.0585052490235,823.3514013671875,0.026659463339203774,-0.007434705932898078,22.792273713565763,-41.7838408551944,-34.41599402993403,1,2009-03-09
0.06366302222212594,694.9859985351562,754.5440032958984,820.380400390625,0.0319934564070726,0.18427250691188513,36.198451989873824,-38.86813169520826,-35.30642156298888,1,2009-03-10
0.002445816877900686,696.6839965820312,749.25400390625,817.3516003417968,0.03208135273441816,-0.15438257759914042,38.0836015201195,-36.00040286553724,-35.44521782349855,1,2009-03-11
0.04072863130673077,710.3219970703125,745.10400390625,814.9780004882813,0.034899861431857165,0.005326703083642359,46.31615006796565,-30.99964167938208,-34.55610259467526,1,2009-03-12
0.007739027671590959,724.9559936523438,741.1720031738281,812.2961999511718,0.033914885275340985,-0.07364095088737932,52.74068630279399,-26.264918532513775,-32.89786578224297,0,2009-03-13
-0.0035159251701146754,740.4279907226562,737.5245025634765,809.3090002441406,0.029273256344298868,0.16154935325743436,45.50296492451805,-22.468253884445517,-30.81194340268348,1,2009-03-16
0.032139940837456527,752.1319946289062,736.9720031738282,806.235400390625,0.029742451225421792,-0.21903104442927923,52.87365807242177,-17.30473466256069,-28.110501654658922,1,2009-03-17
0.020857940382711382,766.7299926757812,737.2685028076172,803.5733996582031,0.02962444754335742,0.4777887863825363,58.864971696487935,-11.767338144630344,-24.841868952653208,0,2009-03-18
-0.012979162680767709,773.389990234375,737.5235015869141,800.5601989746094,0.024730449167492754,-0.007097912281762264,60.793820843214256,-8.117271297425873,-21.49694942160774,0,2009-03-19
-0.01976940007446848,775.78798828125,737.4480010986329,797.797998046875,0.026763977925372075,-0.1538820018441709,66.28041561923521,-6.401495034830532,-18.4778585442523,1,2009-03-20
0.07075754864749229,789.5939819335938,741.4274993896485,796.0617980957031,0.031164190778791866,0.009426038630405031,74.54531898677851,-0.6462682853383512,-14.911540492469511,0,2009-03-23
-0.020415092769478838,795.1939819335937,743.0764984130859,794.3771984863281,0.029430961863643253,-0.12283803171945251,68.0626123143857,2.5300074156547225,-11.423230910844666,1,2009-03-24
0.009626370531222062,799.0999877929687,745.5254974365234,793.2495983886719,0.029264534593034634,0.13581600418440942,77.87495883616262,5.608742633740121,-8.016836201927708,1,2009-03-25
0.02332036707485252,808.8639892578125,749.5269958496094,792.4709985351562,0.02788513796699843,-0.09030879984597728,79.45768359752569,9.471012341898245,-4.519266493162518,0,2009-03-26
-0.020315519064124654,818.343994140625,753.5694946289062,791.9373986816406,0.029584137887686584,-0.1991645883860339,76.42443786148466,11.039333136461096,-1.4075465672377954,0,2009-03-27
-0.03481870365409789,811.2660034179687,757.904995727539,790.8131994628907,0.03245166571335816,0.05579255063649402,63.63346157916812,9.875947489486862,0.8491522441071362,1,2009-03-30
0.013129614663131228,809.6160034179687,762.9819946289062,789.7681994628906,0.031207733136174864,0.029841052927108924,64.84421590226032,9.676757176361207,2.6146732305579503,1,2009-03-31
0.01655660953977356,809.056005859375,767.8924957275391,789.885400390625,0.030961997490128106,-0.009025964428240663,62.490697780784245,10.46421088125976,4.184580760698313,1,2009-04-01
0.028727113604116505,809.360009765625,775.4839965820313,789.7682006835937,0.03144898972201852,0.2500223726993407,65.0233685874817,12.820600008112024,5.911784610181055,1,2009-04-02
0.00973177097925304,814.6720092773437,783.4399963378906,790.0682006835938,0.030044536688412046,-0.22367923890433405,66.75111148238727,15.168419019887551,7.763111492122355,0,2009-04-03
-0.008332367396142404,824.2619995117187,791.3874938964843,790.1388000488281,0.02130366916386313,0.060516015328811124,61.59818967802511,16.275017325539125,9.46549265880571,0,2009-04-06
-0.02385454246862917,827.797998046875,796.1849945068359,789.7183996582031,0.02172437386671742,-0.16979388083735913,54.22344788676222,15.366683051551036,10.645730737354775,1,2009-04-07
0.011783441230339475,830.6139892578125,801.3749938964844,789.3073986816406,0.021825856431407727,0.15185100415472164,58.21480149422546,15.246514767479198,11.56588754337966,1,2009-04-08
0.0380532568665477,835.0499877929688,806.6659942626953,788.9567980957031,0.023858109861349803,0.2799126372830667,66.53393232704103,17.483461623331323,12.749402359369993,1,2009-04-09
0.0025333694269418228,838.2959838867188,811.7749938964844,789.2285974121094,0.022420879814875627,-0.1533830392160732,58.36799847561802,19.20991763572556,14.041505414641108,0,2009-04-13
-0.02006449158715151,839.4999877929688,816.1554931640625,789.5409973144531,0.019818166185987956,0.17637442131877945,58.250937732725106,18.969166295955006,15.027037590903888,1,2009-04-14
0.012549016706588034,846.8019897460938,819.8524932861328,790.0733972167968,0.01979848897185463,-0.17553079061116217,58.78913719793975,19.40676358376095,15.9029827894753,1,2009-04-15
0.015538800404093056,854.8299926757812,823.3999938964844,790.6091967773438,0.01974512205943076,0.05729278492573431,57.67048562313414,20.584632319869456,16.83931269555413,1,2009-04-16
0.004969360746134077,857.43798828125,827.6779937744141,791.3565966796875,0.018161610552376372,0.11416543030641013,63.4932606215312,21.615900215463398,17.794630199535984,0,2009-04-17
-0.04278974468970964,852.1699951171875,830.8704956054687,791.0873974609375,0.023284986574205777,-0.051421311994951036,60.80235228273484,19.209222620524656,18.07754868373372,1,2009-04-20
0.021252059887909347,853.8859985351562,832.2284973144531,790.7169982910157,0.02410923662722294,0.0663224337392243,62.142434338000136,18.515908772288526,18.16522070144468,0,2009-04-21
-0.007681664273476052,852.1839965820312,834.0999969482422,790.1901977539062,0.022682626755705877,-0.01460769798655015,57.79366823422553,17.240792636486276,17.980335088453003,1,2009-04-22
0.009922346320087705,849.5079956054688,836.0019958496093,790.6853979492188,0.02261568868433401,-0.10436334755303733,54.535107849954095,16.712985671784622,17.726865205119328,1,2009-04-23
0.016797349335216705,848.8339965820312,837.6704956054688,791.3351977539063,0.019826704549078148,0.08400603373405868,55.94527906380724,17.250538588196378,17.63159988173474,0,2009-04-24
-0.0100665768903615,853.8579956054688,839.7489959716797,791.7815979003906,0.020137727054469638,-0.21097654910295116,55.47275811603933,16.779500747663405,17.461180054920476,0,2009-04-27
-0.0027405354973477625,854.8739868164063,843.1304931640625,792.3479968261719,0.018924380641916615,0.12729047681821903,60.781751316464515,16.03176731596011,17.175297507128402,1,2009-04-28
0.021610040324914648,860.8919921875,846.918994140625,794.0373974609375,0.019698640875845875,-0.035774336283185826,62.58829510764673,16.737429421735442,17.087723890049812,0,2009-04-29
-0.0009500676204463598,865.0699951171875,850.0054931640625,795.7251977539063,0.019186239715153094,0.12470786446878046,55.01574201482718,17.03334646699375,17.0768484054386,1,2009-04-30
0.005396388659423046,867.3280029296875,852.1624938964844,797.6967980957031,0.019196448669874827,-0.22591780885794477,55.71021568001899,17.446806343952176,17.150839993141314,1,2009-05-01
0.03386813980494785,877.2739990234375,855.3994934082032,800.4405981445312,0.01445364252679401,0.32504042604058236,68.56851852362655,19.942742014821874,17.709220397477427,0,2009-05-04
-0.0037917226736418064,887.002001953125,858.8154937744141,803.6499975585938,0.014212595479659912,-0.022159901347381106,65.22659882269343,21.396563305621044,18.446688979106153,1,2009-05-05
0.01740433914180306,896.1800048828125,864.0144958496094,806.5777978515625,0.013687228211374114,0.2429484255091634,65.72887571655824,23.546579726865048,19.46666712865793,0,2009-05-06
-0.013202412386380091,903.0960083007812,868.1259979248047,809.42759765625,0.015322053391788939,0.06604995417905712,60.4838310942839,23.994294219111225,20.37219254674859,1,2009-05-07
0.024068995104353563,913.4380004882812,871.7594970703125,812.9555969238281,0.016025036453192688,-0.1049133233188233,79.37034535968735,25.813847926974404,21.460523622793755,0,2009-05-08
-0.02151242496964101,913.8380004882813,874.2849975585938,816.4385961914063,0.017712081839080244,-0.24655285620485878,67.69560284962014,25.35060619304852,22.23854013684471,0,2009-05-11
-0.0009788555914792552,914.747998046875,877.6274963378906,820.5891955566407,0.017623861947684585,0.11724872370175277,70.05942157957485,24.62777339601689,22.716386788679145,0,2009-05-12
-0.02689491201893024,907.6259887695312,879.2204956054687,824.3409948730468,0.019485281605901916,0.0320253210608652,59.01001968742095,21.831961693197513,22.53950176958282,1,2009-05-13
0.010351643351174777,904.7619873046875,880.6089965820313,827.9449951171875,0.01966457998379971,-0.13493715294522424,57.783322849301456,20.12263012210235,22.056127440086726,0,2009-05-14
-0.01141008247711417,895.4919921875,881.272998046875,831.9515954589843,0.020100136529685873,-0.11331128450969619,57.294834427044286,17.741214820396067,21.193144916148597,1,2009-05-15
0.030389200051489373,895.5859985351562,885.1389984130859,836.4781958007812,0.019484695671948545,0.04824329193414356,63.74956308982873,17.81354077841536,20.51722408860195,0,2009-05-18
-0.0017368359715522752,895.5420043945312,888.0414978027344,841.1101953125,0.01944587760673112,0.16031146146628905,59.50294059678341,17.54116185199382,19.922011641280324,0,2009-05-19
-0.005131461524926495,899.452001953125,891.0374969482422,844.7875952148438,0.018574517730821798,0.2401337913960584,58.27305854463683,16.75611966052611,19.28883324512948,0,2009-05-20
-0.016757561517510733,898.50400390625,892.8579986572265,848.1269958496093,0.018853073834300363,-0.26632590133405487,52.76145590005865,14.74235959651594,18.379538515406775,0,2009-05-21
-0.00149721056843366,899.3280029296875,893.8964996337891,850.8521960449219,0.016520106158843386,-0.14361179034658733,43.95243826822774,12.890525025278066,17.281735817381033,1,2009-05-22
0.02630216131887675,899.452001953125,896.5375,853.9277966308593,0.017915416180939517,0.0992625094077575,51.74385133809149,13.153840897996247,16.456156833504078,0,2009-05-26
-0.018971163431981575,896.4380004882812,898.4325012207031,856.7111962890625,0.018928871694747964,0.005602562179617188,42.98881696218551,11.832575811188576,15.53144062904098,1,2009-05-27
0.015418918738823617,897.110009765625,900.0920013427734,859.2853967285156,0.017288520630717126,0.007050607145363985,49.85294188359409,11.761015539844266,14.777355611201637,1,2009-05-28
0.013574757481119137,903.2720092773437,902.4085021972656,861.7811975097657,0.017476135140654023,0.054267483071904765,47.210715076318365,12.552915240304515,14.332467537022213,1,2009-05-29
0.025817590454732198,914.4460083007813,905.6760009765625,864.9577978515625,0.018017874200739786,0.05289219591367211,59.10838668382346,14.923286208368268,14.450631271291424,1,2009-06-01
0.0019833011198484574,921.3280029296875,907.5510009765625,868.4817980957031,0.016001714567338392,-0.060137133384821184,59.80386804652075,16.759521919665417,14.912409400966224,0,2009-06-02
-0.013739209309357014,929.0680053710937,908.9490020751953,870.6585986328125,0.016896619985431176,-0.1108288488711181,63.73607616387865,16.971736392038792,15.324274799180738,1,2009-06-03
0.011483656837475431,936.1940063476562,910.0955017089843,873.3853991699219,0.01685782415264256,0.005469808049558766,64.05600683132153,17.7981534180542,15.81905052295543,0,2009-06-04
-0.002514690344346815,940.3840087890625,911.730502319336,875.909599609375,0.015415204348449356,-0.014007386664026344,67.03997225113739,18.05374374626149,16.26598916761664,0,2009-06-05
-0.001010554499986549,939.6380126953125,912.2260040283203,878.0352001953125,0.015390405464107835,-0.15052928147694822,60.36339955252078,17.972467459865697,16.607284826066454,1,2009-06-08
0.0035031816087351952,939.1760131835938,913.8855041503906,880.565,0.013606823063506778,-0.00969793216354442,61.93458068171634,17.966423403362455,16.879112541525657,0,2009-06-09
-0.0034803309393901527,940.6540161132813,915.4255065917969,883.5973999023438,0.011471680133233724,0.2115947251658239,62.535155697174254,17.495292575784106,17.00234854837735,1,2009-06-10
0.006111899148334876,941.1400146484375,918.474008178711,886.5378002929688,0.010905375672590575,0.02257120656130218,71.27595727905863,17.384687386824908,17.07881631606686,1,2009-06-11
0.0013969957389272647,942.364013671875,921.1310089111328,889.240400390625,0.010407408496052465,-0.17683117487511002,72.274484213562,17.205214533739536,17.104095959601395,0,2009-06-12
-0.023768561680042266,939.2800048828125,923.1730072021485,891.0271997070313,0.010112795352177946,0.037490172521929654,55.069263599119154,15.074452914707308,16.69816735062258,0,2009-06-15
-0.012720305257724385,933.1880004882812,923.2860046386719,892.4165991210938,0.010529088904887266,0.05392219469207382,57.47134530564605,12.295942211309352,15.817722322759936,0,2009-06-16
-0.0013815682214813885,927.5,923.415005493164,893.9211999511718,0.009896592532349383,0.11561843593472299,51.70116086768036,9.8784129328684,14.62986044478163,1,2009-06-17
0.008410990281999098,922.19599609375,924.1600067138672,895.9776000976562,0.009461358387594002,-0.1520081829949399,49.64803899469045,8.482814769746142,13.400451309774532,1,2009-06-18
0.003114197291689047,917.1999877929687,925.8050048828125,897.8990002441407,0.009629331319984712,0.21976468880297007,37.7767511773345,7.520874131302094,12.224535874080045,0,2009-06-19
-0.030600396251826645,911.0639892578125,926.1070037841797,898.6285998535157,0.0131867155914059,-0.14167595770637043,27.4903974782319,4.432733845100756,10.666175468284187,1,2009-06-22
0.0023067249051313965,907.689990234375,925.3455017089843,899.3559997558593,0.013106768575254939,0.034070563669212905,32.36140216512864,2.127065519046255,8.958353478436601,1,2009-06-23
0.006524440861084724,905.735986328125,925.739501953125,900.5447998046875,0.01361290862896002,-0.08564351944973592,29.04298095253351,0.7622612461457265,7.319135031978426,1,2009-06-24
0.021444277390130884,906.1139892578125,926.411001586914,901.9088000488281,0.015603814004613381,0.059205645370002946,41.453311846591824,1.2254805767609014,6.100404140934922,0,2009-06-25
-0.001477827284822375,905.647998046875,926.3990020751953,902.98080078125,0.01554986895540427,0.2372964872415113,41.30733387018303,1.465947254163666,5.173512763580671,1,2009-06-26
0.009065138571521025,912.4859985351562,925.6170013427734,904.1334008789063,0.014025586258750703,-0.30689556433962073,43.74278580039487,2.302139039919666,4.59923801884847,0,2009-06-29
-0.008530756458643096,917.3300048828125,924.3460021972656,905.8720007324218,0.013645267256730528,0.09872594829714898,42.13655640250027,2.300044842986267,4.13939938367603,1,2009-06-30
0.004361930267673175,921.8080078125,923.9245025634766,907.3370007324219,0.013660013950741585,-0.15303280123261231,41.3316135897047,2.5920795720712704,3.829935421355078,0,2009-07-01
-0.029144546025377416,917.0400024414063,921.6225006103516,908.3944006347656,0.01642080176592874,0.0029596366790836104,33.397780835076816,0.6446729486492586,3.192882926813914,1,2009-07-02
0.0025657480163505664,913.0039916992188,919.5539978027343,909.330400390625,0.016401637445596813,0.1988247265326888,40.36682273542723,-0.7049448719562861,2.413317367059874,0,2009-07-06
-0.019683485382449017,903.7640014648438,916.6484985351562,909.6264013671876,0.014573713630913275,-0.008335137016241667,38.599859848351954,-3.1654676085765914,1.2975603719325812,0,2009-07-07
-0.001668537608706111,895.8119995117188,913.5049987792969,910.0674011230469,0.014519827155046674,0.22435538056619508,38.54019404081647,-5.174421371562744,0.0031640232335162243,1,2009-07-08
0.003547222617954038,887.6819946289063,910.6814971923828,910.6178015136719,0.014363169374633809,-0.24024167304580046,36.41622122641838,-6.440531730690054,-1.285575127551198,0,2009-07-09
-0.00402182877421664,884.2239990234375,907.3934967041016,910.7276013183593,0.01177920763264132,-0.10008580294766478,34.06027721417777,-7.642292072685336,-2.5569185165780257,1,2009-07-10
0.024933721734452963,884.6900024414062,905.1354949951171,911.2924011230468,0.015041173384547817,0.15014007893499115,53.183883874461294,-6.748147925316744,-3.3951643983257696,1,2009-07-13
0.005316063622877065,889.652001953125,904.2414978027343,911.8588012695312,0.014783181892265407,-0.07787858044556661,54.178359297345125,-5.588594290052811,-3.833850376671178,1,2009-07-14
0.02962991811422233,900.2760009765625,905.2769989013672,912.3676013183593,0.017628260412845473,0.2626638033468063,60.613968700275215,-2.475344518467182,-3.5621492050303787,1,2009-07-15
0.008641760970416357,911.8880004882812,906.7784973144531,913.1064013671875,0.017754707456971056,-0.06493625485079679,57.40633484162896,0.6349831080300419,-2.722722742418295,0,2009-07-16
-0.00038266189946156715,924.1380004882812,907.8789978027344,913.5234008789063,0.014100311164827134,0.04955252886515438,57.82456580338713,3.0358964271492823,-1.5709989085047795,1,2009-07-17
0.01143154888894049,934.15400390625,909.3739990234375,914.3982006835937,0.014216334874792376,-0.05606082413671043,58.555282112950046,5.739906618172768,-0.10881780316927017,1,2009-07-20
0.003627277227424175,943.902001953125,912.4510009765625,914.9052014160156,0.011160973339242652,0.09399050101480477,63.03801856422459,8.068235728872537,1.5265929032390912,0,2009-07-21
-0.0005342765996504406,948.1800048828125,915.3995025634765,915.8018017578125,0.011055874876072395,-0.12717307366319475,61.66869005143413,9.759794957047575,3.1732333140007882,1,2009-07-22
0.023289664838582524,955.2900024414063,919.1670013427735,917.1606018066407,0.011862261858291052,0.24331585421117374,81.4374767568461,12.746401189547441,5.087866889110119,1,2009-07-23
0.003042161453180592,963.0660034179688,922.1170013427734,919.06740234375,0.011108058976469005,-0.2262112415714248,81.534874650852,15.17800232302659,7.105893975893413,1,2009-07-24
0.0029818259512661704,969.2760009765625,925.2809997558594,920.8496020507813,0.010154600275810848,0.038801785433909775,94.7843663947207,17.143067348379873,9.113328650390706,0,2009-07-27
-0.0026064444171983725,974.2839965820312,927.9005004882813,922.7844018554688,0.010740472722588603,0.185490435710137,93.8782818720381,18.283069288374236,10.947276777987412,0,2009-07-28
-0.004562963930304753,978.5,930.6920013427734,924.0932019042968,0.008200721682363507,-0.05675048038831765,90.07544620443852,18.611300276002225,12.480081477590375,1,2009-07-29
0.01189558047020256,980.5920043945313,933.8630004882813,925.6656018066407,0.0084445586845718,0.16536938307744897,93.59911814973651,19.581720893950774,13.900409360862454,1,2009-07-30
0.0007397825880415265,982.2359985351562,938.4160003662109,927.3458020019531,0.008374921180241761,-0.14848107264406363,92.27235683772803,20.177100493623357,15.155747587414636,1,2009-07-31
0.015342107904679603,986.3260009765625,943.6115020751953,929.6318017578125,0.008793072387046668,0.09036070728750523,92.98341765722164,21.62217648088597,16.449033366108903,1,2009-08-03
0.003012097699592653,991.5320068359375,949.8425018310547,932.0048022460937,0.008808380899436622,0.019677198292477494,91.10063414161235,22.748865191565983,17.708999731200322,0,2009-08-04
-0.002913591845875696,997.04599609375,956.0005004882812,933.8526013183593,0.009012064716265398,0.2675009188441815,87.05163176337862,23.138615706564565,18.79492292627317,0,2009-08-05
-0.005624654717235167,999.1119995117188,961.7205017089843,935.9330017089844,0.006887968260956312,-0.06748576383710847,81.88260408479852,22.730377038833808,19.582013748785297,1,2009-08-06
0.013439205629671047,1003.7119995117188,968.2880004882812,938.0060009765625,0.007769176494724007,0.01091453464783565,82.40690750138974,23.220439240623136,20.309698847152866,0,2009-08-07
-0.0033449498734695604,1004.6059936523437,973.5904998779297,939.7652001953124,0.008039147347651208,-0.20814285442260172,78.699450016176,23.070140698773685,20.86178721747703,0,2009-08-10
-0.012660113503211945,1002.3459838867187,978.0159973144531,940.7947998046875,0.009285909445566789,0.0679013259145258,69.41391736655538,21.672383827538056,21.023906539489236,1,2009-08-11
0.011525139291026054,1002.9639892578125,981.6724975585937,942.0161999511719,0.009503663175170195,-0.047632492430488726,65.87439542492241,21.244486221653233,21.068022475922035,1,2009-08-12
0.0068800100684554,1006.0939819335938,985.2719970703125,943.6355993652344,0.009114695409576903,-0.045016796497743816,67.26503368805491,21.219157831281336,21.098249546993898,0,2009-08-13
-0.008531349698250423,1004.8159912109375,988.4574981689453,944.8681994628906,0.009776858622223208,-0.059023056149131725,60.67221384503417,20.268272817465572,20.932254201088234,0,2009-08-14
-0.02426081898553223,999.3419921875,989.8874969482422,945.6609985351563,0.011509811665876349,-0.17247988665688407,50.044188587671925,17.349048404652763,20.21561304180114,1,2009-08-17
0.01014565506778764,998.4059936523438,991.6419952392578,946.6715979003907,0.012079025832698783,0.0270021058707568,55.588038949379616,15.657131485043806,19.303916730449675,1,2009-08-18
0.006860912404894393,996.5359985351563,993.7614959716797,947.7521984863281,0.01234753085257856,0.013820055870844561,53.88059242766256,14.694782239794108,18.382089832318563,1,2009-08-19
0.010948731413161106,995.4640014648437,995.3154968261719,949.1165979003906,0.012699037050239571,0.1494385717641531,57.35087918750948,14.643654253025034,17.634402716459856,1,2009-08-20
0.018622760114512582,999.8719970703125,997.6589965820312,950.7413977050782,0.013347873613669358,0.20281167997776484,58.45932176726846,15.933242458335258,17.294170664834937,0,2009-08-21
-0.0005457969176273503,1009.039990234375,999.8284942626954,952.3285961914063,0.013261288039797755,0.07083450144846282,57.29988002329749,16.717351136403522,17.178806759148653,1,2009-08-24
0.0023694665778091206,1016.7059936523438,1002.2474945068359,954.4141967773437,0.012240348626028004,-0.08468294076113259,59.2982262367538,17.335020611700998,17.210049529659123,1,2009-08-25
0.0001167267676920325,1023.03798828125,1004.8959930419921,956.737197265625,0.011926700108974238,-0.11938135537396377,61.899997332463506,17.630971855408347,17.29423399480897,1,2009-08-26
0.002781762211750971,1027.7599853515626,1007.1074920654297,959.1425964355469,0.011820269407571492,0.13893930386648967,58.5502078288655,17.890066711367353,17.413400538120648,0,2009-08-27
-0.001988328383331406,1028.3199951171875,1009.1799957275391,961.3537976074218,0.011353597654673735,-1.7283455584937713e-05,59.20711477590762,17.725658931665066,17.475852216829534,0,2009-08-28
-0.008076407685613796,1027.3300048828125,1010.0794952392578,963.3415979003906,0.007670272765877951,-0.13502414540476826,61.51082061211609,16.731936949415058,17.32706916334664,0,2009-08-31
-0.022123823948061228,1021.3380004882813,1009.6989929199219,965.4415979003907,0.010944428323299496,0.37122144604121043,46.89770295890864,13.96144757211573,16.653944845100458,0,2009-09-01
-0.003296439120451411,1014.6640014648438,1009.3004943847657,967.4345983886719,0.010799773571221357,-0.14858299477147807,42.60692186301634,11.369283031342547,15.597012482348877,1,2009-09-02
0.008534797923473336,1009.1160034179687,1009.6084930419922,969.4805981445312,0.010548966056860672,-0.20854121275499637,49.65004706410921,9.886084586113157,14.454826903101733,1,2009-09-03
0.013117533499250822,1006.6099975585937,1009.9044952392578,971.4033984375,0.009543981950488419,-0.11394422483067634,66.63038700398263,9.661175885967054,13.496096699674798,1,2009-09-04
0.008844933115342624,1007.5640014648437,1010.8189971923828,973.5331982421875,0.010033364097201304,0.27768788271500977,66.34034576129973,10.092016713541057,12.81528070244805,1,2009-09-08
0.007782385584753415,1014.6300048828125,1012.7699981689453,975.6559985351563,0.010315755897343164,-0.006229035979798181,66.70284913457613,10.951140969534435,12.442452755865327,1,2009-09-09
0.010422229774562641,1024.5080078125,1014.6864990234375,978.1523986816406,0.010770268502327172,-0.0021470240555112596,66.66061938875295,12.358591549007429,12.425680514493749,0,2009-09-10
-0.0013504263412050799,1032.406005859375,1016.1864990234375,980.5403979492188,0.010799115120419419,-0.05177428737638157,58.92470634252885,13.207974985268947,12.58213940864879,1,2009-09-11
0.0063391150876768165,1038.993994140625,1018.4489959716797,983.5987976074218,0.010848045597866781,0.011581278186324262,61.99899435309545,14.250220383772103,12.915755603673453,1,2009-09-14
0.0031353414238139976,1044.4419921875,1022.0939971923829,986.6769982910156,0.010251670483035822,0.24218964939021337,62.326091710926455,15.166851998596371,13.365974882658037,1,2009-09-15
0.015323527552882465,1051.5199951171876,1026.0484985351563,990.4315979003907,0.005923358337144363,0.0982779414189685,67.52933024577277,16.998893089197622,14.092558523965955,0,2009-09-16
-0.003059638741504833,1055.789990234375,1029.4999969482421,994.1501977539062,0.0058784347273780685,-0.018461683395819217,64.8327974681419,17.979677079748967,14.869982235122558,1,2009-09-17
0.0026373392706691146,1060.90400390625,1032.5464996337892,997.8625988769531,0.005991935144826682,-0.15898657940555871,66.81182189797156,18.767365198574225,15.649458827812893,0,2009-09-18
-0.0034072961546995906,1063.968017578125,1034.4730010986327,1001.5731994628907,0.006184308952911601,-0.17701414237237356,69.58725050111516,18.88025511802266,16.295618085854848,1,2009-09-21
0.006574868761175523,1067.7740234375,1036.777505493164,1004.985400390625,0.006054194906286324,0.1367891005529458,88.01112295312893,19.31194659202879,16.898883787089638,0,2009-09-22
-0.010068528001755062,1066.1960205078126,1038.4210052490234,1008.0859997558593,0.007433637497476947,0.054383791407768944,81.68481026726957,18.569343387566278,17.232975707184966,0,2009-09-23
-0.00951102950102567,1063.2540283203125,1039.554006958008,1010.4480004882812,0.00778364244724259,-0.004757833161301739,72.43720775883723,16.971017752961416,17.180584116340256,0,2009-09-24
-0.006090736629573268,1058.47001953125,1040.2240081787108,1012.52080078125,0.008059238787388514,-0.18136409952757282,64.10563161859187,15.014823154323722,16.74743192393695,1,2009-09-25
0.017809586069224448,1058.1340087890626,1041.9265045166017,1014.9728002929687,0.009684495169509965,-0.17309172880949797,67.27636278358948,14.794841698949313,16.356913878939423,0,2009-09-28
-0.0022295764367475934,1055.9239990234375,1043.9260040283202,1017.1623999023437,0.009722166634398361,0.32813694844309693,63.2002053825368,14.264829931698387,15.938497089491216,0,2009-09-29
-0.003328301020761093,1055.1659912109376,1046.8780029296875,1019.2123986816406,0.008312811531033843,0.211915392230146,56.743754628204115,13.4054186039682,15.431881392386614,0,2009-09-30
-0.025759622356647194,1050.97998046875,1048.6330017089845,1020.727998046875,0.011431615739879957,-0.03457490256482065,44.710910423385826,10.407130163322563,14.426931146573805,0,2009-10-01
-0.004505524841904807,1047.1459716796876,1049.7315002441405,1021.7063977050781,0.011238339671036015,-0.035951272997263195,39.928219206559326,7.569300385581528,13.055404994375351,1,2009-10-02
0.014875001786029074,1042.6419677734375,1050.9344970703125,1022.9303967285156,0.012741358633391927,-0.22745395146903946,45.381391776313656,6.476193860165267,11.739562767533336,1,2009-10-05
0.013705486324313787,1041.46396484375,1052.4009948730468,1024.3811962890625,0.013467306492714895,0.16612068226025944,44.59500102445727,6.683519226283124,10.728354059283294,1,2009-10-06
0.002711606332490124,1041.56396484375,1053.6114929199218,1025.9403955078126,0.013167990507014572,-0.15738472794363245,46.94522726822733,6.997935148280476,9.982270277082732,1,2009-10-07
0.007469907470196047,1048.6899658203124,1054.6784912109374,1027.7469946289064,0.012931263138298791,0.177003553378541,48.95211536437827,7.794725238166166,9.54476126929942,1,2009-10-08
0.005640659492242017,1057.9459716796875,1056.1164916992188,1029.4417944335937,0.01269962442241954,-0.24549354502445675,52.49395799884285,8.809593178916657,9.397727651222867,1,2009-10-09
0.00438636964853667,1065.0919677734375,1057.4589904785157,1031.2159936523437,0.011577806369067512,-0.014174579810722232,51.682354253238536,9.879248289467114,9.494031778871717,0,2009-10-12
-0.0027876120046986808,1068.7859619140625,1058.4869873046875,1032.6271923828126,0.011598017697756981,0.16441490608905163,54.856492277250965,10.365396899847383,9.668304803066851,1,2009-10-13
0.0175458950913443,1075.673974609375,1059.6499877929687,1034.3545922851563,0.012525673580936189,0.25134707254749467,65.2087204863362,12.130272876357822,10.160698417725046,1,2009-10-14
0.004157468710554335,1081.889990234375,1061.2034912109375,1036.2313940429688,0.007280983849669778,-0.006777127933086935,69.510924883722,13.736942095118366,10.875947153203711,0,2009-10-15
-0.008098056110305896,1085.1280029296875,1062.1724914550782,1038.0433947753907,0.007933835593716156,-0.08846544923628152,59.95969714779058,14.130805713522705,11.526918865267511,1,2009-10-16
0.009405321384581278,1089.472021484375,1063.8349914550781,1039.7919958496093,0.00742308954775695,-0.056284909923714044,64.14379585964795,15.094420315608431,12.240419155335696,0,2009-10-19
-0.006239104637617676,1093.046044921875,1064.8049926757812,1041.4711975097657,0.007624346787031011,0.16835886422874768,62.5684602151897,15.130936036135154,12.818522531495589,0,2009-10-20
-0.008853806079326398,1090.9220458984375,1065.831494140625,1043.2121984863281,0.008563015705052886,0.0406453298449303,71.91565417214171,14.216511882200848,13.098120401636642,1,2009-10-21
0.010643618925255227,1090.192041015625,1067.9379943847657,1044.95419921875,0.008832041807261003,-0.07547331067305996,77.19313041252632,14.256248587547816,13.329746038818877,0,2009-10-22
-0.012178549173757158,1088.576025390625,1069.698992919922,1046.2915991210937,0.009881194644603486,-0.08184060965909856,65.97028039077591,13.063145906622594,13.276426012379622,0,2009-10-23
-0.01171732558366989,1082.3840087890626,1069.8974914550781,1047.5487976074219,0.01052283825585778,0.3347526775263978,55.05662891405729,10.970392332620577,12.815219276427813,0,2009-10-26
-0.0033177910438061398,1076.85400390625,1070.0374938964844,1049.2223986816407,0.010535225218758349,-0.16123506689840938,52.39703682884475,8.923365329879061,12.036848487118064,0,2009-10-27
-0.019540937765275768,1069.1,1069.3149963378905,1050.2815991210937,0.009838629864196032,0.23662733401031977,41.50496077578891,5.56021231738373,10.741521253171198,1,2009-10-28
0.02251995469034007,1063.739990234375,1071.127996826172,1051.674598388672,0.012889747882936202,-0.15231161983834196,48.229796675441435,4.734946008036559,9.54020620414427,0,2009-10-29
-0.02806468784310845,1055.0579833984375,1071.6769958496093,1052.2509973144531,0.015159038220483144,0.16396308158654804,38.71205544761826,1.6476262086880524,7.961690205053028,1,2009-10-30
0.006456406503505763,1050.243994140625,1071.797998046875,1052.5859973144532,0.014879520549486876,-0.047567570887626975,41.62108242687905,-0.25631017966475156,6.318090128109472,1,2009-11-02
0.0024260023061419833,1046.643994140625,1071.332501220703,1052.9827990722656,0.01505253516907366,-0.11529606748094356,35.838873604671264,-1.5432516205930824,4.745821778368962,1,2009-11-03
0.0010426203926459099,1047.4179931640624,1070.7785034179688,1053.3527990722657,0.015035160721680114,0.026972209567198258,34.46498815058156,-2.447003320889962,3.307256758517177,1,2009-11-04
0.01923555172748448,1047.5219970703124,1070.836004638672,1054.122999267578,0.016118890938127944,-0.13967857390014393,43.8939390505759,-1.5213724592927065,2.3415309149552,1,2009-11-05
0.0025032522365671106,1054.1440185546876,1070.7265075683595,1054.8894006347657,0.015785736218607425,-0.11781740179648748,41.32032219238959,-0.5658305583092442,1.7600586203023114,1,2009-11-06
0.022238760067974983,1064.1840087890625,1071.5710083007812,1056.1723986816405,0.016806425293686544,0.04276231959281107,50.55571041398696,2.086234248948358,1.8252937460315208,0,2009-11-09
-6.399009393143196e-05,1073.70400390625,1072.56201171875,1057.6201989746094,0.016711430539600246,-0.014632188572722638,53.37205451787729,4.134708291416473,2.2871766551085115,1,2009-11-10
0.005031975874749239,1084.106005859375,1072.8865112304688,1059.629599609375,0.014739321015649053,-0.02459059290929899,51.68531813295773,6.13126535270726,3.0559943946282613,0,2009-11-11
-0.010259368991689555,1088.2280029296876,1072.4205078125,1061.4793994140625,0.014124380714828827,-0.029498215410455608,52.32785368223182,6.726614593645081,3.7901184344316254,1,2009-11-12
0.0057392942592462415,1093.0639892578124,1072.7105041503905,1063.28419921875,0.009354821667356314,-0.0883696893215552,58.41208673815371,7.614176728818393,4.554930093308979,1,2009-11-13
0.014467634197192325,1096.3080078125,1073.2800048828126,1065.1421997070313,0.009785139641577425,0.2038807048444211,63.49943801866568,9.484788678447558,5.5409018103366945,1,2009-11-16
0.0009194063067201608,1099.7699951171876,1074.2429992675782,1066.8407983398438,0.00986162171160921,-0.16246263017838958,72.53177518447485,10.923638423007333,6.6174491328708225,0,2009-11-17
-0.00046824112515952976,1102.0280029296875,1075.6630004882813,1068.3693994140624,0.009958563617327058,0.12271480386080791,67.16703551601977,11.884983144248508,7.67095593514636,0,2009-11-18
-0.013425863902056911,1103.560009765625,1075.7625,1069.384599609375,0.010455094827750047,-0.02685787754987956,76.15617797510733,11.314126113395332,8.399589970796155,0,2009-11-19
-0.00321492323752004,1103.1400146484375,1076.3515014648438,1070.3576000976564,0.010620191623563313,-0.1021534072278083,72.23550454546472,10.457138264924652,8.811099629621856,1,2009-11-20
0.013615775701478094,1102.5280029296875,1078.3160034179687,1071.4956005859376,0.009034767236188875,0.02044396104744317,75.05563516605073,10.851951308954995,9.219269965488484,0,2009-11-23
-0.0005333072620051782,1101.5940185546874,1080.4280029296874,1072.5560009765625,0.009043474635804283,-0.03320341072958688,74.46444565391906,10.990546006686372,9.573525173728063,1,2009-11-24
0.004504120073066664,1101.760009765625,1083.8280029296875,1073.3934008789063,0.009020050109336803,-0.17954669505677123,70.80579991226247,11.37114660775319,9.93304946053309,0,2009-11-25
-0.017233475202623416,1101.0780029296875,1085.0970031738282,1073.9134008789063,0.010192314759205148,-0.22179261284107565,59.07863220202528,10.012913470163767,9.949022262459225,1,2009-11-27
0.003792993692547375,1101.9280029296874,1088.0690063476563,1074.46,0.010097960440021925,0.6486112463022291,51.243079457115236,9.164921001327684,9.792202010232918,1,2009-11-30
0.012075226499629332,1102.452001953125,1091.3680053710937,1075.3439990234374,0.009745685290512342,0.09081971084733231,56.84783330995223,9.451478950586079,9.72405739830355,1,2009-12-01
0.00034269870662884117,1103.1699951171875,1094.559503173828,1076.0955981445313,0.009741366371043995,-0.07247529598923119,54.85037235850598,9.59859478238809,9.69896487512046,0,2009-12-02
-0.008402100871871099,1101.0280029296875,1097.2305053710938,1076.8765991210937,0.010095458939442541,0.22040473544530537,55.834749775597345,8.860999279602538,9.531371756016876,1,2009-12-03
0.0055094336691066115,1103.9260009765626,1099.1980041503907,1077.9805981445313,0.00921122528190549,0.20189271168786882,55.76144468225407,8.665544756160443,9.35820635604559,0,2009-12-04
-0.0024683814508043023,1105.45,1100.8955017089843,1079.157998046875,0.009175815130013316,-0.29021611654448776,46.82877076956152,8.195882003749603,9.125741485586394,0,2009-12-07
-0.010251582681849114,1102.0659912109375,1100.8385009765625,1079.737197265625,0.00865369474275014,0.15710783358028535,41.30391843174943,6.832285349752283,8.667050258419572,1,2009-12-08
0.0036723720907769763,1099.4079833984374,1100.985498046875,1080.4439965820313,0.008794338333445813,-0.13323841677495718,43.6566329725378,6.005966410120436,8.134833488759744,1,2009-12-09
0.005839705004064388,1099.8939697265625,1101.1774963378907,1081.3493969726562,0.008894190488063908,-0.028896270359453857,53.70018722231922,5.8006647279396475,7.667999736595725,1,2009-12-10
0.003683094011583732,1099.97998046875,1102.1359985351562,1082.8805981445312,0.006787079670272276,-0.051395099199547656,57.42517295612656,5.897590708319967,7.3139179309405735,1,2009-12-11
0.006959401066516824,1102.1519775390625,1103.167498779297,1084.6585986328125,0.00698322403012168,0.199784230920395,54.183945372681414,6.520561974940392,7.155246739740538,0,2009-12-14
-0.005546967284989268,1105.35,1103.0989990234375,1086.0080004882811,0.006258916746493991,0.10918128873538246,51.144134762633996,6.441350477742162,7.012467487340864,1,2009-12-15
0.0011282300681465518,1107.9960205078125,1103.0420043945312,1087.0972021484374,0.006269539768058865,-0.04267110661830287,49.244107756963906,6.405599584179527,6.891093906708597,0,2009-12-16
-0.011810614167124256,1106.7420166015625,1102.3559997558593,1087.8672021484374,0.0068441512745511,0.5766778057981456,52.55366978396257,5.259569303719445,6.5647889861107664,1,2009-12-17
0.005829880031232637,1105.95400390625,1102.7344970703125,1088.607001953125,0.006875201705036,-0.16929325666080552,53.71253049439009,4.811488978405805,6.214128984569775,1,2009-12-18
0.010503758317892853,1105.9420166015625,1103.8679992675782,1089.458203125,0.007604940655896462,-0.37126001242512907,52.86838629068275,5.329364027195197,6.037175993094859,1,2009-12-21
0.0035635478920368335,1107.960009765625,1104.4570007324219,1090.2948046875,0.006509684051469815,-0.08453137021225243,54.66724634671789,5.99106591322311,6.02795397712051,1,2009-12-22
0.0022986585608189003,1110.2419921875,1105.2039978027344,1091.2428051757813,0.006493909250129071,-0.1302507737982439,61.83707937431142,6.646229021765976,6.151608986049603,1,2009-12-23
0.005256172933982839,1116.3219970703126,1105.9964965820313,1091.9320043945313,0.006460553563036067,-0.5996962300315454,61.762662288541605,7.5536516682573165,6.432017522491146,1,2009-12-24
0.0011540807210652648,1121.3840087890626,1107.8109985351562,1092.5564038085938,0.006444940805082357,1.1427613570927107,64.30986501229103,8.282221435492602,6.802058305091438,0,2009-12-28
-0.0014010516979849896,1123.8139892578124,1109.3394958496094,1093.3268017578125,0.006260166079407314,-0.08297010749521427,72.54534646466269,8.632607796597313,7.1681682033926135,1,2009-12-29
0.00019542957110640913,1125.493994140625,1110.2174987792969,1093.897001953125,0.005831652985065666,-0.08579617987812227,71.10400535693451,8.826306986835561,7.499795960081204,0,2009-12-30
-0.010049597767921581,1124.39599609375,1110.510498046875,1094.3778002929687,0.0069175710965515315,-0.08795942563562109,58.26737250034828,7.974455520469974,7.594727872158958,1,2009-12-31
0.01604341766668682,1125.697998046875,1112.163995361328,1095.409599609375,0.0069930704049715135,0.9217232629911554,64.61395763393259,8.643297215124903,7.804441740752147,1,2010-01-04
0.0031156756258232665,1127.44599609375,1113.6909973144532,1096.2817993164062,0.0069381260298869984,-0.3759031918625044,62.913411636933525,9.350417150971225,8.113636822795963,1,2010-01-05
0.0005455206301101523,1129.6340087890626,1115.385498046875,1097.4326000976562,0.0064497568323171025,0.9962344742314393,67.98411486360547,9.847329336256507,8.460375325488071,1,2010-01-06
0.00400120187417663,1132.68798828125,1117.872998046875,1098.9273999023437,0.0064624733580064845,0.05993170657153324,69.23425811306801,10.487384842886513,8.86577722896776,1,2010-01-07
0.0028817272914287706,1138.6639892578125,1120.3244995117188,1100.558798828125,0.006466933772037289,-0.16716818323252403,82.73080097067546,11.131791733774662,9.318980129929141,1,2010-01-08
0.0017467554316374923,1141.4619873046875,1122.5559997558594,1102.6457983398439,0.00637568338089091,-0.030483484790151283,81.65255164223882,11.669355061578472,9.789055116259007,0,2010-01-11
-0.009381166148364262,1141.4019775390625,1124.0464965820313,1104.047998046875,0.007301730749753308,0.10817758436761293,65.95182551505101,11.099190450359629,10.051082183079131,1,2010-01-12
0.008325925658531075,1143.1099853515625,1125.625,1106.2378002929688,0.007621305274382106,-0.1157297462342245,68.44485615534019,11.280644280365777,10.296994602536461,1,2010-01-13
0.0024264254383745687,1144.4639892578125,1127.6514953613282,1108.3493994140624,0.007603619669908472,-0.06118416635494295,68.53297053862352,11.51601359225765,10.5407984004807,0,2010-01-14
-0.010823130159869354,1142.6739990234375,1128.993994140625,1110.1617993164064,0.007742107648310422,0.21545004086636688,55.84242174407872,10.577621627766803,10.54816304593792,1,2010-01-15
0.012499626599363545,1143.3239990234374,1131.7014953613282,1112.2363989257813,0.007074513487175718,-0.007123749403727508,61.861947085305914,10.854631189209613,10.60945667459226,0,2010-01-19
-0.010597829662970737,1143.6880126953124,1133.479998779297,1113.664599609375,0.008002140663840219,0.018144568164357278,55.625279831486345,9.97554499338321,10.48267433835045,0,2010-01-20
-0.01894490338978838,1137.847998046875,1133.601495361328,1114.6081982421874,0.01001813364460103,0.42899995010975855,46.07360288849049,7.453230108907974,9.876785492461956,0,2010-01-21
-0.022140988764300484,1126.5080078125,1132.2884948730468,1114.5817993164062,0.011622446687499977,-0.09683036357209251,41.66309850311542,3.420156908469835,8.585459775663532,1,2010-01-22
0.004598098012701168,1118.6580078125,1131.097998046875,1114.6571997070312,0.01175387226999025,-0.2782021856603287,35.75643148266947,0.6218229743406027,6.9927324153989465,0,2010-01-25
-0.004203199573680982,1107.0460205078125,1129.382501220703,1114.530400390625,0.011566863705232572,0.055902298170880105,32.7014439150925,-1.945438318043216,5.205098268710515,1,2010-01-26
0.004880152210944955,1098.9380126953124,1127.8684997558594,1114.7356005859374,0.011818998677883346,0.12409576682565815,35.086501058587416,-3.5094734536617125,3.4621839242360695,0,2010-01-27
-0.011817740959567224,1092.5480224609375,1125.7850036621094,1114.5566015625,0.01130419859448748,0.02505677630886316,29.77639994057141,-5.729504645023326,1.6238462103841906,0,2010-01-28
-0.009829173828039273,1088.97001953125,1123.1575012207031,1113.8480004882813,0.011020718557389333,-0.007253686450003682,26.08780961966788,-8.253924918742996,-0.3517080154412467,1,2010-01-29
0.014266108894671836,1087.452001953125,1121.8619995117188,1113.425400390625,0.012691296368457498,-0.2466796604376622,32.164643335061314,-8.915581270606936,-2.0644826664743845,1,2010-02-01
0.01297294837718499,1089.681982421875,1120.3784973144532,1113.2957983398437,0.01276089525689262,0.16478525410718525,40.053189015870345,-8.205191056821604,-3.2926243445438286,0,2010-02-02
-0.00547431142933863,1089.63798828125,1118.4164978027343,1113.3433984375,0.012571652078101457,-0.09771262059062558,35.05799409544814,-8.036927816830257,-4.241485039001114,0,2010-02-03
-0.031140677888039425,1085.3539794921876,1114.7149963378906,1112.777998046875,0.014648913140389274,0.3673453196280436,27.928602499745878,-10.53932419347916,-5.501052869896724,1,2010-02-04
0.002897118921960873,1083.81796875,1110.9399963378905,1111.9769970703126,0.01344372653191404,0.0988465260107616,31.021690065719028,-12.134090396536976,-6.827660375224775,0,2010-02-05
-0.00886329049344714,1077.327978515625,1106.5279968261718,1110.9987963867188,0.013351563344672223,-0.3648262902048487,23.921863997482987,-13.999113123224333,-8.261950924824687,1,2010-02-08
0.013040132316577413,1070.7679931640625,1102.7049987792968,1110.1965966796874,0.014345929770265503,0.25048535143355943,31.33154228318392,-14.201517616197634,-9.449864263099277,0,2010-02-09
-0.0022325735201887964,1064.93798828125,1099.3005004882812,1109.7293969726563,0.014146984704748091,-0.16870671416783656,35.04668910200023,-14.388912417505708,-10.437673893980564,1,2010-02-10
0.009680437561949251,1068.0099853515626,1095.9399963378905,1109.3861962890626,0.014226891698777722,0.035145656187888896,45.48847254843784,-13.546914918135144,-11.059522098811481,0,2010-02-11
-0.002744592819371894,1069.8739990234376,1092.292498779297,1108.7191967773438,0.0138811496735012,-0.054577844835225764,42.67711280450391,-12.968971710871756,-11.441412021223536,1,2010-02-12
0.01800074864554846,1077.5,1090.2344970703125,1108.431796875,0.014342995130002638,-0.019205995173865786,50.843841612020576,-10.823986358493812,-11.317926888677592,1,2010-02-16
0.0042379594555796984,1083.297998046875,1087.6984985351562,1108.4235961914062,0.013760838008681896,0.04373194274609937,50.630928606132876,-8.649948388424946,-10.784331188627064,1,2010-02-17
0.006584742448973557,1091.0219970703124,1086.1339965820312,1108.4389965820312,0.013781481329608962,-0.08936122256839851,57.234956222842975,-6.2705182975842035,-9.881568610418492,1,2010-02-18
0.002186622042297248,1097.16201171875,1085.7684997558595,1108.5573974609374,0.00796015334151289,0.016928701445359406,62.145641180720055,-4.141781606301265,-8.733611209595047,0,2010-02-19
-0.0010458578339902491,1103.66201171875,1086.5809997558595,1108.878798828125,0.008131994797237009,-0.032918555477805866,57.17447429504254,-2.519306508019781,-7.490750269279994,0,2010-02-22
-0.012102809596931441,1103.6080078125,1086.4719970703125,1108.8517993164062,0.008738179801584256,0.18524606495317797,46.65747676320745,-2.289172829876634,-6.450434781399323,1,2010-02-23
0.00972045942422195,1104.75400390625,1087.1254943847657,1108.909599609375,0.008394320815833915,-0.07801063912144302,52.94725956566701,-1.2340051291212148,-5.407148850943702,0,2010-02-24
-0.002081040179913507,1103.9919921875,1087.3974914550781,1108.8401977539063,0.008383496951420422,0.08463040620291906,69.30306246443018,-0.5767237301561181,-4.441063826786185,1,2010-02-25
0.0014053791778985136,1103.0559814453125,1088.395489501953,1108.6477978515625,0.008080475897182846,-0.127388506855587,68.84100615394962,0.06846329783093097,-3.539158401862762,1,2010-02-26
0.01015850827289455,1104.5959716796874,1090.4874877929688,1108.8033959960937,0.008194228145349812,-0.024726312294211406,78.5126591243909,1.4682118995192468,-2.5376843415863606,1,2010-03-01
0.0023304422719907514,1109.33798828125,1091.9434936523437,1108.98599609375,0.006474905502263533,0.0746015739518251,75.90801402951493,2.75556447000713,-1.4790345792676627,1,2010-03-02
0.00042920160206150193,1112.047998046875,1092.7169982910157,1109.4401977539062,0.006449720781032534,-0.04434684183540205,78.04468964175034,3.7710606299192477,-0.42901553743028065,1,2010-03-03
0.0037361180334851696,1116.05400390625,1094.0014953613281,1109.8501977539063,0.006273377108899949,-0.0015969346952411367,76.43768855883036,4.857144069787182,0.628216384013212,1,2010-03-04
0.014007480947064943,1122.89599609375,1097.7809936523438,1110.3431958007814,0.007429755676693871,0.04765260417590822,82.59559827316096,6.907525331352645,1.8840781734810987,0,2010-03-05
-0.00017559601339156572,1127.45400390625,1101.3964965820312,1110.7527954101563,0.007386551160023923,-0.0866973142995403,78.05061427452507,8.419280638454211,3.1911186664757216,1,2010-03-08
0.0017127370855292146,1131.881982421875,1105.5819946289062,1111.1499951171875,0.005298131923678903,0.37377737980438086,77.26418407429567,9.66330975444157,4.485556884068892,1,2010-03-09
0.00452455995494172,1137.2459716796875,1109.336492919922,1111.5325952148437,0.004930359522696728,0.054680584776601204,76.61638381517582,10.939479910880436,5.776341489431201,1,2010-03-10
0.004041519314613495,1142.6999755859374,1113.4419921875,1111.9817944335937,0.004507889783176774,-0.146286788368147,77.3034842181974,12.18400700517077,7.0578745925791155,0,2010-03-11
-0.00021734594703937127,1144.9579833984376,1117.0179931640625,1112.4575952148436,0.0046473963454322495,0.055492968606100535,78.2503047648464,13.000271742803761,8.246354022624045,1,2010-03-12
0.000452194832708086,1147.3599853515625,1120.7679931640625,1112.93939453125,0.004225401564280792,-0.15503757994870293,95.52190446278955,13.533127192242091,9.303708656547654,1,2010-03-15
0.0077791163013856135,1151.1619873046875,1123.997491455078,1113.8265942382814,0.0044620896768677665,0.04938870490933245,95.39517523598501,14.51033908010254,10.345034741258631,1,2010-03-16
0.005821675803744153,1155.281982421875,1127.3324890136719,1114.4909936523438,0.004357030756653368,0.13580348622467553,99.29881296606301,15.649062478510587,11.405840288709022,0,2010-03-17
-0.0003258460273372066,1158.3999755859375,1130.2864868164063,1115.0771923828124,0.004585164806824939,-0.14681858478401033,98.68260688439143,16.33257401107312,12.391187033181843,0,2010-03-18
-0.005086446449439896,1160.381982421875,1132.8229858398438,1115.532392578125,0.003742887183595593,0.23093581075496328,88.2864207767594,16.208919565126962,13.154733539570868,1,2010-03-19
0.005095296193887933,1163.4419921875,1135.71298828125,1116.014794921875,0.0037962775571418333,-0.1823973939118373,88.92180829569051,16.39877798716543,13.80354242908978,1,2010-03-22
0.007170966908320198,1166.3840087890626,1139.6914916992187,1116.5985961914062,0.00407208898175285,0.03518800097614094,90.18881095340939,17.027540220657556,14.448341987403337,0,2010-03-23
-0.005493304207041971,1166.6860107421876,1142.8154907226562,1117.0133959960938,0.004801875485659733,0.0666668177820493,81.43884299788688,16.811578404550573,14.920989270832784,0,2010-03-24
-0.001704167338318907,1166.666015625,1145.9549926757813,1117.6035961914063,0.004863674821240549,0.20467513148807304,73.533050209792,16.292046952669807,15.19520080720019,1,2010-03-25
0.000737722599547963,1168.00400390625,1149.059991455078,1118.0217944335936,0.004838808289464088,-0.1694296953553599,74.17798446224097,15.767945108697859,15.309749667499725,1,2010-03-26
0.005683234964352302,1169.485986328125,1151.9354919433595,1118.5169946289063,0.004999667841783414,-0.07069038021247043,76.10324146460994,15.706521602121484,15.389104054424077,1,2010-03-29
4.265937281555665e-05,1169.3059814453125,1154.6834899902344,1119.2617944335936,0.0045816055451207765,-0.06640948171442418,73.98544726273471,15.483398572122951,15.407962957963854,0,2010-03-30
-0.00327287474868454,1169.647998046875,1157.2154907226563,1119.6457958984374,0.004462059131051741,0.09775764993880043,66.87187016371203,14.82581603506651,15.291533573384385,1,2010-03-31
0.0074138011482498545,1172.1219970703125,1159.971990966797,1120.4469946289062,0.004984982721749247,-0.10647497736567701,71.52704938721709,14.833278572585641,15.199882573224636,1,2010-04-01
0.00792799084446738,1176.2919921875,1162.4089904785155,1121.8661938476562,0.004900538961367025,-0.03125881298869193,74.91566574645697,15.41515357684807,15.242936773949324,1,2010-04-05
0.0016842957106795176,1179.535986328125,1164.955987548828,1123.8197924804688,0.004806820178014029,0.052699646024082725,72.31984790266353,15.854911445408788,15.365331708241218,0,2010-04-06
-0.005876707172041695,1181.37197265625,1167.0559875488282,1125.5331909179688,0.0050191386999938435,0.24845944133640718,62.0474879559532,15.461162275921879,15.384497821777352,1,2010-04-07
0.003374341747336196,1184.7739501953124,1169.0974853515625,1127.4185888671875,0.004563190354347584,-0.07340294780091072,64.51205319461658,15.294763574639319,15.366550972349746,1,2010-04-08
0.00668390656297202,1188.0279541015625,1171.3039855957031,1129.3559887695312,0.004658083619298081,-0.045568302739386946,73.60633207267037,15.6226917990125,15.417779137682297,1,2010-04-09
0.0017666094762833762,1189.8359619140624,1173.628485107422,1131.5949877929688,0.004627572772384408,0.021172230509556522,72.15715878144798,15.869897167532145,15.508202743652268,1,2010-04-12
0.0006854008197059169,1191.4079833984374,1175.9679870605469,1134.0635888671875,0.004519327524178748,0.1728835338575978,68.75303097183101,15.948141616920338,15.596190518305882,1,2010-04-13
0.011150066851666862,1197.047998046875,1178.527490234375,1136.4927905273437,0.005274888366018036,0.06596737718327472,81.30384084738974,16.892654361992527,15.855483287043212,1,2010-04-14
0.0008425387276917995,1202.0940185546874,1180.8004943847657,1138.6597924804687,0.004862179495138625,0.04084867466198161,83.97934916275264,17.521517422738498,16.18869011418227,0,2010-04-15
-0.016126534744455467,1201.6460205078124,1182.115496826172,1140.5567919921875,0.0076761260642201025,0.3524643347405396,64.8006666610074,16.255791434887215,16.20211037832326,1,2010-04-16
0.004521331252766547,1201.8540283203124,1183.9964965820313,1143.2449926757813,0.007416103325183131,-0.18631505080489907,64.28741631354717,15.508847268954469,16.063457756449502,1,2010-04-19
0.008058340784849571,1203.82802734375,1186.0644958496093,1146.0645947265625,0.007759774665063342,-0.1941801283469794,67.90998476701006,15.516698120482715,15.954105829256145,0,2010-04-20
-0.0010189969053922,1202.8860107421874,1187.6529907226563,1149.04859375,0.0073893293164555215,0.07668825318484207,69.83582942814205,15.247892766051336,15.812863216615185,1,2010-04-21
0.002263879356942944,1202.2860107421875,1189.7004943847655,1151.8115942382813,0.007374605099162691,0.05441179810317753,67.75464656605016,15.081311078190765,15.666552788930302,1,2010-04-22
0.0071235200993795544,1207.316015625,1192.2779968261718,1154.7945947265625,0.007407642663098928,-0.11758546534167913,67.47889233374138,15.465768005168911,15.626395832178025,0,2010-04-23
-0.004296448099761374,1210.222021484375,1194.5510009765626,1157.4661962890625,0.00766582155640561,0.060401122030168564,62.76104677759834,15.173526209651072,15.535821907672636,0,2010-04-26
-0.023381945257149872,1205.5300048828126,1195.0755004882812,1159.6301953125,0.010958294487530712,0.3199109027295777,50.57304204158857,12.510896410381974,14.930836808214504,1,2010-04-27
0.006462752419523099,1202.614013671875,1195.979998779297,1161.5599951171876,0.010465919399191021,-0.14920169453782528,52.16550345739108,10.892474482043554,14.123164342980315,1,2010-04-28
0.012943228020842135,1202.2360107421875,1197.8474975585937,1163.7053955078125,0.011429157432880123,-0.04460519905208038,55.12428261656316,10.7304383061105,13.444619135606354,0,2010-04-29
-0.016647680109796337,1196.1179931640625,1198.2769958496094,1165.3041943359376,0.011510015186075561,-0.0018401131463294806,46.48018987663987,8.878574595160217,12.531410227517128,1,2010-04-30
0.013120586781854904,1194.1599853515625,1199.017999267578,1167.1659936523438,0.01221778288758402,-0.1835585771775684,51.6122555547267,8.568560621287133,11.738840306271129,0,2010-05-03
-0.02383846584506677,1192.13798828125,1198.2260009765625,1168.47779296875,0.01404192830958069,0.3354907301465153,39.04691241831575,5.941754232878338,10.579423091592572,0,2010-05-04
-0.006586554728659322,1187.039990234375,1197.3970031738281,1169.903193359375,0.014077015755822748,0.030512288618773864,36.97682587682213,3.1993661221406455,9.103411697702187,0,2010-05-05
-0.032353496411350324,1171.3139892578124,1194.4825073242187,1170.3613940429686,0.016592841922841658,0.5623754771231058,33.51205725876673,-1.994689076232362,6.883791542915278,0,2010-05-06
-0.015308264998017185,1156.152001953125,1190.3080078125,1170.5201953125,0.016015813659046783,-0.10782826213691898,28.960709345914623,-7.419039418462262,4.02322535063977,1,2010-05-07
0.04397412445198401,1147.64599609375,1188.4705078125,1171.6249951171876,0.023234525176288837,-0.27227219513328005,40.322322787959145,-7.687474945621943,1.6810852913874272,0,2010-05-10
-0.003397292018489928,1144.0840087890624,1186.3950073242188,1172.4265966796875,0.02223563497197945,-0.15247980039746434,39.88139278504794,-8.124478448646187,-0.2800274566192956,1,2010-05-11
0.013739523915341278,1145.2440185546875,1184.4460083007812,1173.4937963867187,0.02266422592599626,-0.10561997757828345,42.910796496936555,-7.107492445279604,-1.6455204543513573,0,2010-05-12
-0.012145144968583543,1151.102001953125,1181.7345031738282,1174.2667944335938,0.022281067746150792,-0.06790215598243987,38.776349397800004,-7.364876349515498,-2.7893916333841857,0,2010-05-13
-0.018800014512092122,1156.06201171875,1178.9120056152344,1174.52099609375,0.02242733227548872,0.2578223806317035,36.512321498560524,-9.218431687793327,-4.075199644266014,1,2010-05-14
0.0011093685155389998,1151.50400390625,1175.8830017089845,1174.4857958984376,0.02170918837927707,-0.033213632802298276,40.86630196081049,-10.46509019436462,-5.353177754285736,0,2010-05-17
-0.014195906037184347,1144.506005859375,1171.564501953125,1174.131796875,0.02099982372707641,0.041857732334726894,36.662641033675484,-12.610069455667144,-6.804556094562018,0,2010-05-18
-0.005130263873571406,1133.1820068359375,1167.0200073242188,1173.623798828125,0.02098799384117887,0.09641475066603578,32.0031325889842,-14.605593726423649,-8.364763620934344,0,2010-05-19
-0.03897590341661106,1116.01201171875,1160.1660034179688,1172.1433984375,0.02205082372700029,0.23098081527683356,29.31492376414819,-19.469494363947888,-10.585709769537052,1,2010-05-20
0.015024380686144978,1106.4139892578125,1153.6864990234376,1170.8923974609374,0.022542746408453135,-0.3453702136141018,29.44929709334457,-21.77403961026448,-12.82337573768254,0,2010-05-21
-0.012908014000787449,1093.756005859375,1146.7664978027344,1169.3655981445313,0.015878252136935965,-0.04183502594398891,31.079376083188905,-24.451451177436184,-15.14899082563327,1,2010-05-24
0.00035393738571354305,1084.402001953125,1141.2825012207031,1167.8359985351562,0.016031304729916592,0.4030482155573081,32.116970495911886,-26.240175506620517,-17.36722776183072,0,2010-05-25
-0.0056609945338124135,1074.981982421875,1135.1119995117188,1166.0057983398438,0.014296738839871823,-0.3831774808379198,36.63051110285765,-27.82758483995167,-19.45929917745491,1,2010-05-26
0.032876173067238,1081.2760009765625,1129.9260009765626,1164.7428002929687,0.01941523844946963,0.2604284402959489,48.39082417353306,-25.95335184705641,-20.758109711375212,0,2010-05-27
-0.01237468831159061,1081.62001953125,1125.0620056152343,1163.2144018554689,0.01899600852868529,-0.14517080053207354,33.078261216955426,-25.27806182756717,-21.662100134613606,0,2010-05-28
-0.01716532127985071,1081.0320068359374,1118.4845031738282,1161.4306005859376,0.01932726996582307,0.08217054900117216,30.884321202733005,-25.952663104238127,-22.52021272853851,1,2010-06-01
0.025842707133391096,1085.902001953125,1114.7235046386718,1160.0819995117188,0.02143103905022316,-0.04649927534582321,34.36179434391592,-23.978143070616397,-22.81179879695409,1,2010-06-02
0.004051376711240895,1092.8780029296875,1111.5715026855469,1158.6551977539064,0.021469718405299133,-0.0060461248298967485,37.84012398933848,-21.802917388733476,-22.610022515309968,0,2010-06-03
-0.034411425771964765,1085.2419921875,1108.4080017089843,1156.5983984375,0.020601075908650356,0.23711311316921435,35.2953286325224,-22.877560980584803,-22.663530208364936,0,2010-06-04
-0.01353207320412908,1077.4539794921875,1105.3875,1154.2931982421876,0.020194905372543173,-0.11536457743448025,32.97098662030474,-24.608323661120266,-23.052488898916003,1,2010-06-07
0.010976067492112662,1075.7119873046875,1100.5010009765624,1152.2013989257812,0.020343201630963655,0.13263503281171118,38.206036519197845,-24.764123154539675,-23.39481575004074,0,2010-06-08
-0.005941674758709992,1067.173974609375,1095.49599609375,1149.8507983398438,0.020397275472563103,-0.03383795567397363,38.12039134369021,-25.107342552537602,-23.737321110540112,1,2010-06-09
0.029506792849203878,1063.9759765625,1091.2544921875,1148.122197265625,0.022527168780758108,-0.14012902794491244,53.21011713145118,-22.605220844974838,-23.51090105742706,1,2010-06-10
0.004379678623643857,1069.319970703125,1087.9624938964844,1146.565595703125,0.019825346097660804,-0.2109905574193649,50.864323989139486,-20.007543846692442,-22.810229615280136,0,2010-06-11
-0.0018046635646612463,1077.1519775390625,1085.6599914550782,1144.7961962890624,0.019421282336430406,0.09029926489426687,53.731541542717125,-17.901469287641476,-21.828477549752407,1,2010-06-14
0.023494191121040897,1087.7979736328125,1084.5744934082031,1143.3519970703126,0.019639027226292752,0.04940542225977951,58.606980449600044,-14.005242229818577,-20.26383048576564,0,2010-06-15
-0.0005559347650669899,1099.581982421875,1084.264990234375,1141.8553979492187,0.018131334546135768,0.07710426763756617,59.97519764377616,-10.842497082982845,-18.379563805209084,1,2010-06-16
0.0012830081640498037,1105.4219970703125,1084.3144897460938,1140.5271997070313,0.018111145622673085,-0.08892176068444413,53.24175020121461,-8.126923272105387,-16.329035698588346,1,2010-06-17
0.0013171307943036226,1110.60400390625,1086.6104919433594,1139.1486010742187,0.013107879651520861,-0.0005265744576282705,57.47259717671226,-5.789459822626213,-14.22112052339592,0,2010-06-18
-0.003856841152281021,1115.3179931640625,1087.8859924316407,1137.5252001953124,0.011896271247075488,-0.009000386358048562,62.23577698755183,-4.235959403046991,-12.224088299326134,0,2010-06-21
-0.016070691127224812,1111.3340087890624,1088.968994140625,1135.5018017578125,0.01356625512519337,4.430306843161702e-06,49.06318378196757,-4.39767034091301,-10.65880470764351,0,2010-06-22
-0.0029854738442266493,1106.82001953125,1089.8694946289063,1133.3966015625,0.013376399951892692,0.002607224026333732,46.683496011160194,-4.735107302236656,-9.47406522656214,0,2010-06-23
-0.01680350261882635,1098.35,1090.156494140625,1130.6573999023437,0.011200472812146756,0.06378047568021383,53.07888613867723,-6.409345107165336,-8.86112120268278,1,2010-06-24
0.002859362131449217,1090.2,1088.8414916992188,1127.95919921875,0.011126996576431186,0.06521725585326998,59.97874221366392,-7.403123175154633,-8.56952159717715,0,2010-06-25
-0.00203393834902843,1082.4739990234375,1088.0994873046875,1125.607998046875,0.011128359865267438,-0.24029410159022313,55.13519066526634,-8.27206406786172,-8.510030091314064,0,2010-06-28
-0.03101701864061035,1071.6599853515625,1086.6259887695312,1122.4823974609376,0.010964186732454355,0.574962593772216,45.164334361682656,-11.517389591378105,-9.111501991326874,0,2010-06-29
-0.0101129704925228,1059.3939697265625,1083.2424865722655,1118.9531958007813,0.010775663885806534,-0.17429889028305112,28.208737224527013,-14.768773582585936,-10.242956309578686,0,2010-06-30
-0.0032404516759250157,1050.12998046875,1079.4694885253907,1115.381796875,0.010444565517638867,0.27011414858261573,24.78608723653845,-17.414285110279934,-11.677222069718937,0,2010-07-01
-0.004662369010297374,1039.2939819335938,1077.3544891357421,1111.6599963378906,0.010001281308966315,-0.3833682682880215,24.249203599565874,-19.670632444867806,-13.275904144748711,1,2010-07-02
0.00535903441522545,1029.9920043945312,1076.2339935302734,1107.8755969238282,0.010891589900629474,0.18211918861030618,10.402575150133913,-20.777104881115292,-14.776144292022028,1,2010-07-06
0.03133081639370272,1033.7980102539063,1076.147494506836,1104.8399963378906,0.01602941386279161,0.051154918529003,30.820307114297535,-18.837767542635447,-15.588468942144713,1,2010-07-07
0.00941267817151159,1041.7060180664062,1076.8754974365233,1102.5707971191407,0.016514039805278498,-0.07761973710359704,34.758000879302344,-16.307544490277905,-15.732284051771352,1,2010-07-08
0.007203887818266752,1051.8240112304688,1076.4314971923827,1100.3027966308593,0.015836359327475753,-0.22906434265663544,37.36016928323811,-13.524295420165572,-15.290686325450196,1,2010-07-09
0.0007329020475055348,1063.0580078125,1075.788998413086,1097.742196044922,0.015815569256556118,-0.022694541959806913,38.73669683102611,-11.126541090502997,-14.457857278460757,1,2010-07-12
0.015378879091830777,1076.5139892578125,1076.074496459961,1095.915196533203,0.016475201256104497,0.35409207496957973,50.00986190118133,-7.797744372588568,-13.12583469728632,0,2010-07-13
-0.0001551316306374062,1083.493994140625,1075.071499633789,1093.7733972167969,0.011831159482940098,-0.02573236273990076,51.05366062931167,-5.114404593623249,-11.523548676553707,1,2010-07-14
0.0011961033180916125,1088.739990234375,1074.1649993896485,1092.2309973144531,0.010699138827815455,0.006949713009146041,58.66608179805322,-2.8492926840897326,-9.788697478060913,0,2010-07-15
-0.028819473359129044,1086.1239990234376,1071.606997680664,1090.2111975097657,0.015293074208449655,0.1636210672448144,46.28795726846505,-3.5629575574464525,-8.543549493938022,1,2010-07-16
0.005981890060832162,1084.6239990234376,1069.293997192383,1089.0731970214845,0.015014434230234698,-0.22801023153085975,48.98905231041896,-3.5733454396747675,-7.549508683085371,1,2010-07-19
0.011416551196032687,1082.252001953125,1067.8079986572266,1088.5251965332031,0.015162653117366821,0.15253209438806703,64.75893413906147,-2.565151230925494,-6.552637192653396,0,2010-07-20
-0.012819816608358736,1077.135986328125,1066.5219940185548,1086.7223962402343,0.013042441509618608,0.007192443478851285,63.27327600146024,-2.854058347240425,-5.812921423570803,1,2010-07-21
0.022513373250030444,1076.5739990234374,1066.6034942626952,1085.4799963378907,0.014556679459892665,0.016793127709503253,69.82658989078638,-1.126967281991483,-4.8757305952549395,1,2010-07-22
0.008220020548377116,1084.1300048828125,1068.0519989013671,1084.099796142578,0.014598488850820587,-0.0626344030330025,73.36058670721437,0.9561598936036262,-3.7093524974832266,1,2010-07-23
0.011200166146517754,1092.8820068359375,1069.9644989013673,1083.2511975097657,0.014841730916873762,-0.1138052897844436,74.38718256680083,3.562526418163543,-2.254976714353873,0,2010-07-26
-0.0010493573466290318,1098.95400390625,1071.9279998779298,1082.814395751953,0.014267979572798378,0.17857917773371734,68.19262304256588,5.470616042415941,-0.7098581629999103,0,2010-07-27
-0.006921964711350426,1106.26201171875,1075.1725006103516,1082.1981970214845,0.014527449391176055,-0.15305701389638338,62.37584325534669,6.288175234010623,0.6897485164021964,0,2010-07-28
-0.004158621107493432,1107.8340087890624,1078.7135040283204,1081.8127966308593,0.014621556628122643,0.15241643118236858,58.30810458213787,6.490103326165126,1.8498194783547823,1,2010-07-29
6.349921218862242e-05,1107.6219970703125,1082.4250030517578,1081.5437951660156,0.010424302724088256,-0.13137788839698028,58.0953781349064,6.579927565856224,2.795841095855071,1,2010-07-30
0.022022522061804883,1109.7919921875,1087.5890014648437,1082.6291955566405,0.01197667537522984,0.03437706697949561,60.25539636807529,8.510589187192636,3.938790714122584,0,2010-08-02
-0.004796355216742376,1111.1159912109374,1092.2089965820312,1083.2845959472656,0.012115437778404507,-0.017460631536274973,58.20941771879035,9.495457863902175,5.050124144078502,1,2010-08-03
0.006051112519185553,1115.33798828125,1095.5574951171875,1084.3563952636719,0.010689335967660366,-0.0034308982224164897,59.642636290164575,10.69972531390772,6.180044378044346,0,2010-08-04
-0.001268524584838171,1120.193994140625,1098.335498046875,1085.3919958496094,0.008940117822365048,-0.09174562884286008,73.5560482542703,11.407236885299199,7.225482879495317,0,2010-08-05
-0.003704038628435491,1124.202001953125,1100.5195007324219,1086.4657971191407,0.008952269962441198,0.046758158868665856,69.81830123222548,11.498904988213098,8.080167301238873,1,2010-08-06
0.005483064382283187,1124.5880126953125,1102.971502685547,1086.9603967285157,0.008449716962392386,0.031486123243534614,68.30237121864543,11.930283312834717,8.850190503558043,0,2010-08-09
-0.0059674054882985494,1124.7080322265624,1104.2575073242188,1087.5933972167968,0.008731798388561406,0.0,72.5964027365869,11.595435600283736,9.399239522903182,0,2010-08-10
-0.028178764954173263,1117.1540283203126,1103.9725036621094,1087.9685974121094,0.012543550798774174,0.13381548791765518,48.27015140134479,8.680941798887261,9.255579978099998,0,2010-08-11
-0.0053787488495717906,1108.714013671875,1103.32900390625,1087.6731970214844,0.012578760370510833,0.002036853980398323,41.94637453192799,5.83111515380665,8.57068701324133,0,2010-08-12
-0.004023574358396065,1100.2360107421875,1104.0475036621094,1087.2015979003907,0.012586278904558053,-0.26369095674677345,33.78672458031423,3.184088436267757,7.493367297846615,1,2010-08-13
0.00012045854325926086,1090.55400390625,1104.45400390625,1087.4915979003906,0.00946468679330332,-0.056006656873612504,34.22740570391578,1.0842919566393903,6.211552229605171,1,2010-08-16
0.012192216013040102,1084.85,1104.9070068359374,1088.332999267578,0.010773242714448752,0.2627758595999936,44.075351687685796,0.4765989575137155,5.06456157518688,1,2010-08-17
0.0014827787168125717,1085.7880126953125,1106.1355102539062,1088.9761999511718,0.010464312519593393,-0.061476081154979156,46.70128473690594,0.12428526147846242,4.076506312445196,0,2010-08-18
-0.016935392189468268,1084.1920166015625,1105.2335083007813,1089.375001220703,0.011326184070865514,0.15205168275039882,40.02460721298931,-1.6313393190573606,2.934937186144685,0,2010-08-19
-0.0036630286052607985,1082.6800048828125,1103.6850036621095,1089.0720007324219,0.011326508071514746,-0.12328751159527707,25.343679748592336,-3.30254495927079,1.6874407570615901,0,2010-08-20
-0.004040306703826824,1080.2760009765625,1101.3025024414062,1088.5872009277343,0.010782387958918007,-0.1463803677719675,25.592985062735167,-4.91966786739863,0.3660190321695462,0,2010-08-23
-0.014512432962598854,1072.1419921875,1098.20400390625,1087.8320007324219,0.011160855271254665,0.3816253756676373,17.924962518662753,-7.3662486503844775,-1.1804345043412587,1,2010-08-24
0.0032893427453595248,1064.3759765625,1095.6640014648438,1086.6340002441407,0.00839930807650654,-0.0171628350460854,20.515386948746254,-8.923131312690884,-2.728973866011184,0,2010-08-25
-0.007684786454732473,1058.6939697265625,1092.9484985351562,1085.286199951172,0.008498463997031391,-0.16363507094874308,19.860686088878126,-10.688173468608966,-4.32081378653074,1,2010-08-26
0.01658676839931239,1057.273974609375,1091.097998046875,1084.2571984863282,0.01057087118269064,0.12497566299486396,26.53695870294453,-10.563598071805018,-5.5693706435855965,0,2010-08-27
-0.01471920868888299,1053.585986328125,1087.2510009765624,1082.8853991699218,0.011358980141729418,-0.2887218888179287,24.885107540362156,-11.5956356390177,-6.774623642672018,1,2010-08-30
0.000390794428747121,1053.077978515625,1083.6945007324218,1081.6079992675782,0.010180130883195347,0.38409316001768334,32.15044506230004,-12.239368543191404,-7.867572622775896,1,2010-08-31
0.029504621333996228,1058.0699951171875,1081.3470031738282,1081.307598876953,0.014702992116723516,0.08866808459011044,48.79309717438208,-10.134487489790445,-8.320955596178806,1,2010-09-01
0.009080835857702363,1066.64599609375,1079.5614990234376,1081.268797607422,0.013883981849702473,-0.15753670784738272,53.793966567438375,-7.5873123835206115,-8.174226953647167,1,2010-09-02
0.013219002387319545,1074.6300048828125,1078.7049987792968,1081.8851989746095,0.01421913218116763,-0.04581543702975799,57.98945166510783,-4.355678876997672,-7.410517338317269,0,2010-09-03
-0.011471189788493708,1083.2139892578125,1076.9074951171874,1082.1867980957031,0.014816048470380214,-0.12084311783844959,49.776733749058856,-2.784850673769597,-6.4853840054077345,1,2010-09-07
0.006438699367075529,1093.1219970703125,1075.7979919433594,1082.6727990722657,0.013594723283417128,0.037735970496044935,51.451989222223894,-0.9616085686548104,-5.38062891805715,1,2010-09-08
0.0048322900955937165,1097.9,1076.53349609375,1083.9316003417969,0.013588671097464637,0.050588592835169255,59.58248454147213,0.9014103880579114,-4.124221056834138,1,2010-09-09
0.004863332840635781,1101.7900146484376,1077.830499267578,1085.5084020996094,0.012887674547548026,-0.09640855193829567,62.58648005480181,2.7791438206077146,-2.7435480813457676,1,2010-09-10
0.011130616053760978,1105.268017578125,1079.9630004882813,1087.399002685547,0.012493134590248046,0.4769074468502137,67.21375645720063,5.2038145758072005,-1.154075549915174,0,2010-09-13
-0.0007131195389205036,1111.12001953125,1082.0489990234375,1089.3694018554688,0.01064436101257969,0.0,74.08334720528335,6.980361106260716,0.47281178132000395,1,2010-09-14
0.00354113887216001,1116.360009765625,1083.6754943847657,1091.309599609375,0.01048134760552066,-0.25463332632906077,74.17498438576388,8.60938683599602,2.100126792255207,0,2010-09-15
-0.00036434366656679096,1120.456005859375,1085.2004943847655,1092.5973999023438,0.007069764200244113,-0.001709279965814381,78.35803081709557,9.754876833918615,3.631076800587889,1,2010-09-16
0.0008268557718451586,1123.6639892578125,1087.6984924316407,1093.70419921875,0.006897625612890351,0.2146381774511903,75.39553472147404,10.615356400957126,5.027932720661736,1,2010-09-17
0.015209797205957498,1127.8259765625,1091.249493408203,1094.99919921875,0.007238269367640092,-0.17670955963329693,88.58082003581266,12.534246197575385,6.529195416044466,0,2010-09-20
-0.002564020390809607,1131.5619873046876,1094.8704956054687,1096.2197998046875,0.005552702031592051,0.24124872179020707,86.45124220149728,13.661082731313854,7.955572879098344,0,2010-09-21
-0.004825492514895946,1133.40400390625,1098.9909973144531,1096.9986010742186,0.006182037164541043,-0.0633648333437109,77.37555272761483,13.949503574199298,9.154359018118535,0,2010-09-22
-0.008331340584428193,1133.43798828125,1102.465997314453,1097.5917993164062,0.007124073907245577,-0.01616437445507235,67.6742903148855,13.262653621821755,9.97601793885918,1,2010-09-23
0.021194392772258208,1138.05400390625,1107.5385009765625,1098.6356005859375,0.009394642713847632,0.07175435632885896,70.50520623728198,14.475155358421262,10.875845422771597,0,2010-09-24
-0.005667432349210744,1137.9440185546875,1111.4170043945312,1100.181201171875,0.00938250678646244,-0.12999430157979608,74.78332283214614,14.740845052705254,11.648845348758329,1,2010-09-27
0.004850385958537151,1139.5280029296875,1116.3559997558593,1101.7102001953126,0.009379858779530107,0.12207276761077623,74.40767836767569,15.222950356119782,12.36366635023062,0,2010-09-28
-0.0025877588476783675,1141.6179931640625,1121.1260009765624,1102.9352001953125,0.00949558689670806,-0.00883293921268602,70.75442816531817,15.190266530840518,12.9289863863526,0,2010-09-29
-0.003083722237648967,1144.8919921875,1124.1714965820313,1104.3673999023438,0.009601976369433139,0.07364896698978507,66.51014643365656,14.709953316061046,13.28517977229429,1,2010-09-30
0.004416438203773465,1144.4059814453126,1126.978497314453,1105.418798828125,0.009640942650590572,0.003442915297281246,63.74519349417291,14.568059146321275,13.541755647099688,0,2010-10-01
-0.008034932488803492,1143.37998046875,1128.6044982910157,1106.1061987304688,0.008833290075905383,-0.16162236473896874,58.21561722107293,13.556172993860628,13.544639116451876,1,2010-10-04
0.02086134059079603,1145.989990234375,1132.05,1107.0209985351562,0.011043841415964302,0.12894445508044972,65.28710623898411,14.5010897909699,13.735929251355481,0,2010-10-05
-0.0006720045633211713,1149.03798828125,1135.104998779297,1107.9435986328126,0.010839888256416935,0.0010617276668534181,65.0807007446011,15.013930075097278,13.991529416103841,0,2010-10-06
-0.0016465185803191673,1152.410009765625,1137.7989990234375,1108.9821997070312,0.01030470529833721,-0.03992232075341995,63.752695010159606,15.092271439120395,14.211677820707154,1,2010-10-07
0.00612227817348443,1156.1920166015625,1140.5789978027344,1110.254599609375,0.00823652854313386,-0.010006265103374212,60.38700461860619,15.547239622364486,14.47879018103862,1,2010-10-08
0.00014583690635494584,1161.85,1142.7499938964843,1111.5289990234376,0.007875134498785609,-0.3527181240991677,62.13183746980421,15.740074677642724,14.731047080359442,1,2010-10-11
0.003818756605307172,1163.65400390625,1145.18349609375,1112.4071997070312,0.007840869124314774,0.6266291551937428,67.02811800095586,16.066773800925375,14.998192424472629,1,2010-10-12
0.007121020299379444,1167.2800048828126,1147.8349975585938,1113.56,0.007819821329893305,0.21913708211384697,75.83669622219696,16.804135434060072,15.359381026390118,0,2010-10-13
-0.0036413861990395313,1170.4300048828125,1150.292498779297,1114.4914013671876,0.007869106697225707,0.0,65.0467519145709,16.848124697861977,15.65712976068449,1,2010-10-14
0.002027485447987365,1172.63798828125,1152.8224975585938,1115.4989990234376,0.007852482071038436,0.1520301202758476,71.42683656073652,16.880436001292537,15.9017910088061,1,2010-10-15
0.007243744595420987,1176.5159912109375,1154.9224975585937,1116.7603979492187,0.006990157706677594,-0.2226864701803173,72.46035179631846,17.39304116172889,16.20004103939066,0,2010-10-18
-0.015877250249970554,1175.7419921875,1156.228497314453,1117.52259765625,0.006877762269737001,0.2584397928113167,60.77579511294313,16.09593583926994,16.179219999366516,1,2010-10-19
0.01052407519882892,1175.756005859375,1158.422998046875,1118.6647973632812,0.007550625556637533,-0.1021835246387578,67.28065320468563,15.875060739103901,16.118388147313993,1,2010-10-20
0.0017739084702186325,1177.04599609375,1161.1945007324218,1120.4805981445313,0.00746502019630795,-0.08003572082070376,66.35270757444891,15.687818993994597,16.032274316650113,1,2010-10-21
0.0023892585241640507,1178.4239990234375,1162.9149963378907,1122.4699975585938,0.007323856833791105,-0.31295846692336127,73.58401862509862,15.587294037335823,15.943278260787256,1,2010-10-22
0.002146971596890701,1178.606005859375,1165.0879943847656,1124.5973974609376,0.007308472798143615,0.3283593831126943,66.26561813899644,15.533526386393987,15.861327885908603,1,2010-10-25
1.688528477283846e-05,1182.55400390625,1166.9849975585937,1126.72259765625,0.007287910049073807,-0.00419294164467543,66.95745013700531,15.315977489871102,15.752257806701103,0,2010-10-26
-0.002690583513671685,1183.4099853515625,1168.87099609375,1128.5207958984374,0.007085654817785111,0.031398679252464534,65.84382176434018,14.716514145577548,15.545109074476393,1,2010-10-27
0.0011248494058304637,1184.1139892578126,1171.0,1130.3131958007812,0.0069431202582580995,-0.01204196813871905,63.08106097358194,14.18524266762006,15.273135793105126,0,2010-10-28
-0.0004392872986367369,1184.15,1172.8510009765625,1132.4657958984376,0.006941165798809286,-0.1740602223436194,62.53499118929957,13.565866103563849,14.931681855196873,1,2010-10-29
0.0009465333975153811,1183.902001953125,1175.2184997558593,1134.7195971679687,0.006548121208505669,0.167133989847027,60.70644560497658,13.015347139893038,14.548414912136106,1,2010-11-01
0.007759284493458862,1185.48798828125,1176.8594970703125,1137.2437963867187,0.003923603510053966,-0.0636881899069549,61.19554616384915,13.168806558143615,14.272493241337608,1,2010-11-02
0.003678053944041082,1188.589990234375,1178.7589965820312,1140.165595703125,0.002766555366788171,0.20673529563912885,67.45188813064128,13.489167025216375,14.115827998113362,1,2010-11-03
0.01928286287479275,1196.04599609375,1181.9089965820312,1143.4801977539062,0.006221911817951144,0.22076828107718827,74.9527523135074,15.429181824986244,14.37849876348794,1,2010-11-04
0.00392275298702649,1204.5639892578124,1184.943994140625,1147.0527978515624,0.006212534856899814,-0.01018528760576387,73.86864064069168,17.15540694868423,14.9338804005272,0,2010-11-05
-0.0021209574072836856,1212.33798828125,1187.8404968261718,1150.2259985351564,0.006463074747141456,-0.30159504457681297,90.98177758005565,18.10495385699187,15.568095091820133,0,2010-11-08
-0.008052299681943542,1216.30400390625,1190.0219970703124,1153.5155981445312,0.00734146754788331,0.2313326882097313,76.07694670835065,17.85682356625216,16.02584078670654,1,2010-11-09
0.004376080778473401,1220.45400390625,1192.0524963378907,1156.9031982421875,0.007140678068518553,-0.05914555160435975,77.16542359783907,17.882507607385378,16.397174150842307,0,2010-11-10
-0.004242126544221403,1218.95,1194.038995361328,1159.5681982421875,0.00749420710104344,-0.13815798127726742,70.82883276933684,17.28642575092431,16.575024470858708,0,2010-11-11
-0.011808492232419865,1213.6219970703125,1195.1899963378905,1161.7503979492187,0.008748892514660458,0.07186247176377214,58.002567630318744,15.479273611236067,16.35587429893418,0,2010-11-12
-0.0012174356326716262,1208.5219970703124,1195.8419982910157,1163.6151977539062,0.008787322619637257,-0.168560525154143,57.012153315266644,13.770547573888052,15.838808953924953,0,2010-11-15
-0.016205413633636034,1201.5099853515626,1196.4639953613282,1165.3451977539062,0.009974539471763827,0.4604166845066322,47.9964962933783,10.726493990989184,14.8163459613378,1,2010-11-16
0.00021216287934855416,1193.485986328125,1196.4849914550782,1166.9395971679687,0.009844074643990154,-0.23680805569562857,47.4430632483567,8.239255497367594,13.50092786854376,1,2010-11-17
0.015357313493959523,1190.115966796875,1197.3064880371094,1168.789794921875,0.008957822728515998,0.20039029087426186,55.639519386520675,7.640542416657809,12.32885077816657,1,2010-11-18
0.002540373205550228,1190.219970703125,1198.1389892578125,1170.5933935546875,0.008866851149462958,-0.21587665288462765,56.343496285624056,7.326903746823746,11.328461371898007,0,2010-11-19
-0.0015753666901773267,1190.2379638671875,1198.7499877929688,1172.1121923828125,0.008868496198226947,0.0038390483730978975,51.877923182312095,6.84690756634518,10.432150610787442,0,2010-11-22
-0.014284032792181156,1190.715966796875,1198.5044860839844,1173.3047924804687,0.009530471285455727,0.1202249627320775,43.18487760127468,5.027915629761765,9.351303614582307,1,2010-11-23
0.014922967493543604,1194.66796875,1199.2994873046875,1174.7703930664063,0.010885874951784981,-0.18117767180328426,40.610221297583315,4.9510649693679625,8.471255885539438,0,2010-11-24
-0.007468562068020934,1193.2099853515624,1199.5804870605468,1176.0651928710938,0.011018898119728825,-0.5231380660412204,35.43049136558099,4.120475726353106,7.601099853702173,0,2010-11-26
-0.001378858764733426,1190.8159912109375,1199.805487060547,1177.30859375,0.010461882651635862,1.2762451822384158,35.704493780928175,3.2919448007382925,6.739268843109397,0,2010-11-29
-0.006070216944686235,1187.3580078125,1199.6139892578126,1178.0653955078126,0.010589514341860614,0.16639671153819968,36.48036413144502,2.030142265134373,5.7974435275143925,1,2010-11-30
0.02161695515261708,1192.4260009765626,1200.2389892578126,1179.3911938476563,0.011432828588972262,0.06147688286227737,45.53986242305986,3.0541903066005034,5.248792883331615,1,2010-12-01
0.012818562518186694,1197.06201171875,1201.4174926757812,1181.1361938476562,0.011853619602723069,0.09293750590904803,52.62845935513717,5.054984535647691,5.210031213794831,1,2010-12-02
0.0026032365675492386,1204.1239990234376,1201.5999877929687,1183.1337939453124,0.01111700065472671,-0.24845497706606579,59.0528359450839,6.818621460955001,5.531749263226865,0,2010-12-03
-0.001298238661417761,1211.19599609375,1201.4634887695313,1184.62279296875,0.011176672249207922,-0.055787546375857255,58.9983763773732,7.9958483146499475,6.024569073511482,1,2010-12-06
0.0005150801927265025,1219.835986328125,1201.4884887695312,1186.2545922851561,0.011122021408718484,0.9761550390234084,68.58175845846915,8.877313067431487,6.595117872295483,1,2010-12-07
0.003701760406026544,1224.2780029296875,1202.232489013672,1187.8661938476562,0.009495966594749472,-0.33899948785116985,69.64502370079948,9.828123252781097,7.241718948392607,1,2010-12-08
0.0038427480627742927,1226.5719970703126,1202.9469909667969,1189.6315942382812,0.008691721012673617,-0.018465184619291253,66.05363372595075,10.837580482545945,7.960891255223275,1,2010-12-09
0.006001641860553519,1229.710009765625,1204.289990234375,1191.615595703125,0.007917626124961543,0.005483680522541778,67.31379443308677,12.095275923710915,8.787768188920802,1,2010-12-10
4.832031784740565e-05,1233.1780029296874,1206.352490234375,1193.4999951171876,0.007817414046604375,-0.040918696987889525,68.43110487490458,12.947593203715996,9.619733191879842,1,2010-12-13
0.00091095635360805,1236.74599609375,1208.5444885253905,1195.5911938476563,0.007055252950952109,-0.05248278012675289,80.5400067871446,13.557955072391906,10.407377567982255,0,2010-12-14
-0.005122452280258649,1238.135986328125,1211.3889892578125,1197.0807934570312,0.004794678277217898,0.06654567013926704,70.86450821608078,13.374302946330772,11.00076264365196,1,2010-12-15
0.006185094896691501,1240.1099853515625,1214.6029907226562,1198.7387939453124,0.0034690591764866105,0.07475710973058569,80.70522490592703,13.687462102182963,11.538102535358162,1,2010-12-16
0.0008368043854836138,1240.8119873046876,1216.9639953613282,1200.4557934570312,0.003465123271170967,-0.022029547248998305,82.4679788977654,13.859798322127745,12.002441692712079,1,2010-12-17
0.0025483530061645165,1242.135986328125,1219.331494140625,1202.0943920898437,0.003322895224795186,-0.2340716723475813,90.35549006686264,14.089744418128703,12.419902237795405,1,2010-12-20
0.006030102155631267,1244.73798828125,1222.1694946289062,1203.8799926757813,0.003511193899397215,-0.019297434712271744,87.6610901650215,14.709222325828705,12.877766255402065,1,2010-12-21
0.0033795554893063517,1249.4599853515624,1226.0749938964843,1205.6613916015624,0.0035003853326278653,-0.6305425514488443,85.05924591931543,15.365174638867757,13.375247932095204,0,2010-12-22
-0.0016443283858672553,1252.239990234375,1228.99599609375,1207.2347924804687,0.0036857695483907896,0.9563157771917952,80.76789705765202,15.538871765467547,13.807972698769674,1,2010-12-23
0.0006126972471360848,1254.9659912109375,1232.4029968261718,1208.9093920898438,0.003405571762815788,-0.20777170758085428,83.560945999024,15.559304157570296,14.1582389905298,1,2010-12-27
0.0007713239125555216,1257.252001953125,1235.940496826172,1210.5557934570313,0.003381785651907357,0.24390831480524167,83.66921276042282,15.475375014793826,14.421666195382606,1,2010-12-28
0.0010091453555356455,1258.2880126953125,1239.9019958496094,1212.0571948242186,0.0033801862081597788,-0.10654643022857024,82.56833028745672,15.334573113233546,14.604247578952796,0,2010-12-29
-0.0015082191889665975,1258.0960205078125,1242.492498779297,1213.8967944335936,0.002728486706736675,-0.11003531462531269,77.3166998603453,14.897936364014868,14.66298533596521,0,2010-12-30
-0.0001907894500615681,1258.27001953125,1244.297998046875,1215.4861938476563,0.0023082452681022314,-0.08674494600958027,72.45967023739854,14.366920472124093,14.603772363196988,1,2010-12-31
0.011314828013585299,1261.1360107421874,1246.6559997558593,1217.3183935546874,0.0039366718373927325,1.381787672869311,79.88589720062534,14.922311927869032,14.667480276131398,0,2011-01-03
-0.0013130618315739806,1263.4739990234375,1249.0099975585938,1219.0607934570312,0.004088668061835032,0.11891514858853136,76.94481425020636,15.05416996818144,14.744818214541407,1,2011-01-04
0.0050071702616640845,1266.8300048828125,1251.6505004882813,1220.8795947265626,0.0039838111665837185,-0.006567398184479267,88.92447702304364,15.493279053724791,14.894510382378085,0,2011-01-05
-0.002122957701494954,1270.0239990234375,1253.9289978027343,1222.6437939453126,0.004110764600222192,0.016617277939608543,82.16349663395248,15.444559846006086,15.004520275103687,0,2011-01-06
-0.001844782063018524,1272.79599609375,1255.8539978027343,1224.424794921875,0.004126598983932745,0.02456803121322837,77.88550038370524,15.042920706653149,15.01220036141358,0,2011-01-07
-0.001376327172630698,1272.3719970703125,1257.3214965820312,1226.1441943359375,0.004203847585248944,-0.18670954300831533,73.58997223259584,14.417215731870556,14.893203435504976,1,2011-01-10
0.0037251273626697223,1273.2280029296876,1259.0224975585938,1227.96859375,0.004290848139053584,0.0035427169914157286,71.9619387708316,14.14001266102241,14.742565280608463,1,2011-01-11
0.00900758006769764,1275.1079833984375,1261.2409973144531,1230.0001928710938,0.004934085420718077,0.04349564895389735,75.82850672315215,14.677472940218195,14.72954681253041,0,2011-01-12
-0.001710746243041017,1277.089990234375,1263.667498779297,1231.803994140625,0.004950791410673854,0.019848874126436655,75.64119810922519,14.755800724279197,14.734797594880169,1,2011-01-13
0.007384542591010179,1281.43798828125,1266.1859985351562,1233.7095947265625,0.005145620142402733,0.0813646528286831,79.10001631847291,15.40524913124409,14.868887902152954,1,2011-01-14
0.00137641065101346,1286.4919921875,1268.7414978027343,1235.1887939453125,0.0041910701883642685,0.1337311947211144,79.37242454835072,15.880514475126802,15.071213216747724,0,2011-01-18
-0.010115654884377157,1287.9800048828124,1270.4835021972656,1236.3101953125,0.005606175247992166,-0.10241835840748992,64.96349280993985,15.026886541397289,15.062347881677638,0,2011-01-19
-0.0012949592195925508,1286.8400146484375,1271.76650390625,1237.4503955078126,0.005449327389016751,0.04039243545663629,65.17491917447884,14.054418777943056,14.860762060930723,1,2011-01-20
0.0024135455272700224,1286.7580078125,1272.9920043945312,1238.84939453125,0.005413658336723313,0.0,66.78413071820421,13.378842518419106,14.5643781524284,1,2011-01-21
0.00583628034196626,1286.2780029296875,1274.6955017089845,1240.2919946289062,0.005546843966292228,-0.20927720998841004,63.57905811132937,13.294571535854175,14.310416829113557,1,2011-01-24
0.0002634624737614111,1285.510009765625,1276.3775024414062,1241.844794921875,0.005475334248352174,0.17755677814307358,65.30944190181306,13.104171691377587,14.069167801566364,1,2011-01-25
0.00422090718967616,1288.452001953125,1278.2835021972655,1243.7931958007812,0.0054980214947124885,0.029507897061831656,64.84244241786297,13.240416673759228,13.903417576004937,1,2011-01-26
0.0022443057531671418,1292.3080078125,1280.271502685547,1245.8289965820313,0.0048863912782621316,-0.08915488968458962,68.94269836669373,13.428412857494777,13.808416632302906,0,2011-01-27
-0.017852526697772375,1290.906005859375,1281.1945007324218,1247.7889965820314,0.00773807839843695,0.3038714932504716,52.729508208006855,11.571954875489155,13.361124280940157,1,2011-01-28
0.007662558220206783,1289.96201171875,1282.6184997558594,1249.9395971679687,0.007770195549210956,-0.258331657361314,58.46518997329832,10.765764151155963,12.842052254983319,1,2011-01-31
0.01669359840810869,1293.243994140625,1284.4044982910157,1252.15759765625,0.00950305992676082,0.2393332629416678,64.59489097833773,11.724150686458643,12.618471941278385,0,2011-02-01
-0.00272251746839014,1294.7239990234375,1286.0960021972655,1254.2435986328126,0.00880341530496518,-0.20645561041727178,58.5632009699909,12.057431232914723,12.506263799605653,1,2011-02-02
0.0023541990752451447,1296.235986328125,1287.622998046875,1256.428798828125,0.008738729438392807,0.06654775441284833,60.970090594573506,12.426037846697,12.490218609023923,1,2011-02-03
0.002884262567260709,1303.1419921875,1289.4739990234375,1259.0315991210937,0.008741805143951838,-0.10181675089625009,58.75633117453973,12.873967232105315,12.566968333640203,1,2011-02-04
0.006240171597036381,1309.7280029296876,1291.8515014648438,1261.4456005859374,0.008761596217571947,-0.006031661126606247,61.22163722555004,13.730737078159791,12.799722082544122,1,2011-02-07
0.004184752099316791,1313.1239990234376,1294.5924987792969,1264.1489990234375,0.008753098546103164,-0.005314855199665791,71.43426803202858,14.68585356892504,13.176948379820306,0,2011-02-08
-0.0027857656113878804,1316.493994140625,1296.9125,1266.8113989257813,0.008887531007567322,0.010488132257125304,70.00592796738056,14.972449754992795,13.536048654854804,1,2011-02-09
0.0007494929370688297,1319.447998046875,1298.7080017089843,1269.6377978515625,0.008893484207764136,0.06689289793587339,69.37238473174469,15.105338298329343,13.849906583549712,1,2011-02-10
0.005507371620330659,1323.10400390625,1300.9775024414062,1272.0993994140624,0.00565258668554739,0.008289900373033676,69.30756661515292,15.618055724359692,14.20353641171171,1,2011-02-11
0.002384924061824778,1325.7579833984375,1302.9315002441406,1274.3151977539062,0.005525548704612128,-0.1545896238712583,70.15874914763552,16.094645131086054,14.581758155586579,0,2011-02-14
-0.003234911055292722,1326.44599609375,1304.5809997558595,1276.3811987304687,0.0034691270033049247,0.10087355342244542,65.5500858365464,15.940814030428328,14.85356933055493,1,2011-02-15
0.006257435156610036,1329.533984375,1307.3009948730469,1278.6451977539064,0.0034000629019006125,-0.4992309376957671,67.30010208921149,16.30153030921383,15.143161526286711,1,2011-02-16
0.003075691142146564,1333.24599609375,1310.3094970703125,1280.978798828125,0.003405356162709409,0.0,86.74480909042555,16.72624217030102,15.459777655089574,1,2011-02-17
0.0019247226272978146,1336.0179931640625,1313.292498779297,1283.2733984375,0.003407668203528927,-0.40892979735055557,85.55197356275718,17.074189642235524,15.782660052518764,0,2011-02-18
-0.02052856505826517,1332.6419921875,1314.5224975585938,1284.922197265625,0.007784974102750758,0.13806127453089112,54.558122853201894,14.952898708191697,15.616707783653352,0,2011-02-22
-0.006111960522950599,1328.5199951171876,1315.33349609375,1286.262197265625,0.007814645108439815,0.005715236093681408,51.860031720322155,12.479154327917968,14.989197092506275,0,2011-02-23
-0.000994377240208233,1322.4760009765625,1315.8069946289063,1287.5749975585939,0.0077967063992406375,-0.08076130913901713,49.437062610292294,10.295115327705844,14.05038073954619,1,2011-02-24
0.01055051646463201,1318.3659912109374,1316.823992919922,1289.1407983398437,0.008626490976687242,2.136830484912912,54.55834508790608,9.56591200560706,13.153486992758365,1,2011-02-25
0.005561085699577806,1315.2079833984376,1319.3679931640625,1290.9805981445313,0.008630397973342465,-0.6733993216945644,54.16876367205991,9.471109958225725,12.417011585851839,0,2011-02-28
-0.015739677754675885,1313.385986328125,1320.3784912109375,1292.2497973632812,0.009863006190346078,-0.05781218821087919,41.954828761075284,7.622462057886651,11.458101680258801,1,2011-03-01
0.0016152009236127807,1313.5939697265626,1320.4209899902344,1293.5403955078125,0.009910517175007504,-0.13166500059300923,44.43546528834194,6.255543451102994,10.41759003442764,1,2011-03-02
0.017219001487115193,1318.56796875,1321.7679870605468,1295.2181958007814,0.011357011105248135,3.2346048780487804,53.4128335028755,6.910574874586246,9.716187002459362,0,2011-03-03
-0.0073780374502926405,1318.82197265625,1322.4704895019531,1296.5491967773437,0.01148774706668312,-0.026893400945058987,47.0557897649879,6.56166560354859,9.085282722677208,0,2011-03-04
-0.008341232507744434,1315.4039794921875,1322.4334899902344,1297.5749975585939,0.011616774407770357,-0.061322429884415275,42.27960913026046,5.334436945928701,8.335113567327507,1,2011-03-07
0.008922733898683255,1318.5019775390624,1322.5719848632812,1298.87599609375,0.010155669400627012,0.14293281005263925,47.95153058545126,5.244672646059371,7.717025383073881,0,2011-03-08
-0.0013617034323515353,1320.8179931640625,1322.3444885253907,1300.125595703125,0.009918791964432514,-0.1813780227831452,44.363006047793014,4.970992240740088,7.167818754607122,0,2011-03-09
-0.018870951812180237,1313.64599609375,1321.0559875488282,1300.8575952148437,0.011759408598239597,0.2732159416851776,36.29819189956835,2.712795552828311,6.27681411425136,1,2011-03-10
0.007080513662183874,1310.2719970703124,1320.1764892578126,1301.7475952148438,0.011434548954772417,-0.20804908723655624,38.73931875710722,1.6441515616081688,5.350281603722722,0,2011-03-11
-0.006049325659529536,1307.5239990234375,1318.5384887695313,1302.5177954101562,0.01126797457120811,0.08287081595551271,43.745506224555314,0.15875522545934473,4.311976328070047,0,2011-03-14
-0.01120034817237281,1299.5340087890625,1316.0159912109375,1303.0023950195311,0.010745274610639755,0.28417897624167665,41.96005978576766,-2.165118165474496,3.016557429361139,0,2011-03-15
-0.019494949042855536,1286.906005859375,1312.459490966797,1302.7025952148438,0.011993028859285862,0.12142884607990156,36.51211738448611,-5.9546464743275465,1.2223166486234018,1,2011-03-16
0.013398228752857344,1282.6280029296875,1309.3294921875,1302.7729956054689,0.011283660246184171,-0.29111092062403565,37.559276710627,-7.512431819252242,-0.5246330449517271,1,2011-03-17
0.004310201897316901,1277.6139892578126,1306.268487548828,1302.8259936523436,0.011535348759857187,0.1331455035731992,36.9303560225013,-8.209359215305767,-2.061578279022535,1,2011-03-18
0.014985846366661448,1278.0119873046874,1304.0369873046875,1303.3165942382811,0.012673777058456386,-0.09855298260591183,47.81534671466736,-7.13259672694312,-3.0757819686066523,0,2011-03-21
-0.003550567117658776,1280.3919921875,1302.9534912109375,1303.7619946289062,0.01221292337148505,-0.1532247563172835,46.02333267593814,-6.575444358385312,-3.775714446562384,1,2011-03-22
0.00291397966743423,1288.5239990234375,1302.4604919433593,1304.3177954101564,0.012315099436129925,0.07431742880709069,39.91190069931306,-5.7632528322828875,-4.173222123706485,1,2011-03-23
0.009340748456551973,1295.71201171875,1302.638494873047,1305.021396484375,0.011102916314996393,0.09925956771246769,46.58015628837632,-4.094405127757227,-4.1574587245166335,1,2011-03-24
0.003161136890789118,1302.630029296875,1302.3344970703124,1305.5781982421875,0.010939195424041146,0.0,51.13898711408359,-2.4099858986635354,-3.807964159346014,0,2011-03-25
-0.002747836267090409,1304.9920166015625,1301.4829956054687,1306.106796875,0.010758459474970054,-0.2387860048203725,46.20009364856899,-1.350805773925913,-3.316532482261994,1,2011-03-28
0.007060045042073693,1310.1260009765624,1302.138494873047,1306.6307958984376,0.009956316671188485,0.083171340862225,49.81926803554395,0.2323217400298745,-2.6067616378036202,1,2011-03-29
0.006684706201916635,1316.2699951171876,1303.1294982910156,1307.295595703125,0.006095844834515074,0.09389303332586763,61.47931470310988,2.1736114649309,-1.6506870172567163,0,2011-03-30
-0.0018295015230987977,1319.5039794921875,1302.8724975585938,1308.1737939453126,0.005814540509400299,-0.063865475631108,57.827782315314145,3.4759440135969726,-0.6253608110859785,1,2011-03-31
0.004962987972138233,1323.2259765625,1303.435498046875,1309.2167944335938,0.005821659917267163,0.1843578865313058,63.20959799444892,4.981584647012369,0.496028280533691,1,2011-04-01
0.0003452097520288966,1327.7619873046874,1304.5724975585938,1310.2071948242187,0.00446135823613545,0.0,70.85373158167951,6.141139467101311,1.6250505178472152,0,2011-04-04
-0.0001800552456384663,1330.4,1305.1130004882812,1311.0429956054688,0.004050608245892975,-0.08794575423676643,88.83409598381913,6.960493572780933,2.692139128833959,1,2011-04-05
0.002183677516658822,1331.856005859375,1305.8890014648437,1311.9301953125,0.0040583294763940165,0.09642601264705575,86.97357392962587,7.755255287316686,3.7047623605305047,0,2011-04-06
-0.0015200063176690204,1333.3920166015625,1307.8090026855468,1312.6677954101563,0.0035659959831599634,-0.05164617140259575,83.8780825882317,8.127613207645709,4.589332529953546,0,2011-04-07
-0.00400444374710851,1332.5440185546875,1309.0035034179687,1313.2403955078125,0.003962655686090384,-0.1055497303774715,72.46260221570137,7.900744068874246,5.251614837737686,0,2011-04-08
-0.0027933795260068894,1330.86201171875,1310.407000732422,1314.2027954101563,0.00396758675172932,-0.028982837493475744,73.4595272487039,7.3369995855225625,5.668691787294662,0,2011-04-11
-0.007776699229565143,1327.168017578125,1312.021502685547,1314.7635961914064,0.004251367619597653,0.22895282224336522,61.551239956900574,5.990060324888418,5.732965494813413,1,2011-04-12
0.00019023558280406583,1322.9420166015625,1314.8980041503905,1314.8999975585937,0.003475290641474244,-0.09931727123674716,53.953700091039146,4.886446256586623,5.563661647168056,1,2011-04-13
8.367659155239515e-05,1319.1440185546876,1316.938006591797,1315.1097973632814,0.003479791262739204,0.005653282643357516,50.642368901416305,3.9748791227816582,5.245905142290776,1,2011-04-14
0.003925413156908419,1317.4460205078126,1318.9615112304687,1315.3613989257813,0.0032978913323295344,0.09066448382623693,58.23934511709932,3.627017238860617,4.922127561604745,0,2011-04-15
-0.011017851653977395,1313.58203125,1319.29951171875,1315.2467993164062,0.004528325088552878,0.0,38.629238131291075,2.1532531910438593,4.3683526874925676,1,2011-04-18
0.00573117089721964,1313.2740234375,1320.242010498047,1315.1181982421874,0.005148799975874866,-0.07989128118681543,37.292839049702756,1.5707498497652068,3.8088321199470956,1,2011-04-19
0.013514947433656221,1316.464013671875,1321.8830078125,1315.2339990234375,0.006973175630088385,0.09005480791498344,52.94731525074815,2.5116282210240115,3.549391340162479,1,2011-04-20
0.0052767819301140495,1321.0360107421875,1323.2690063476562,1315.5639990234374,0.007176548684603184,-0.1532098916974326,53.21514309179354,3.7801626543205202,3.5955456029940875,0,2011-04-21
-0.0015926699031209024,1324.15,1324.34150390625,1315.8315991210939,0.007054827526246955,-0.4028473143698219,51.507093706181266,4.561034967199475,3.7886434758351655,1,2011-04-25
0.008979584523029382,1332.5699951171875,1326.1940063476563,1316.1933984375,0.0074076293446373705,0.8243804064179112,58.053120924993635,6.077318365305928,4.246378453729318,1,2011-04-26
0.006249847099511818,1341.1780029296874,1328.0050109863282,1316.6602001953124,0.006701518172593504,0.03672154470504552,60.45519419969933,7.867716916550535,4.970646146293562,1,2011-04-27
0.0035554240499382495,1347.202001953125,1329.6160095214843,1317.309599609375,0.0066212767144340195,-0.003640564028265625,63.61982024189671,9.565287372447301,5.8895743915243095,1,2011-04-28
0.002300662213150728,1352.447998046875,1331.5050109863282,1317.855400390625,0.0065317821795663695,-0.13816568487076464,68.30574562476512,11.035973590682488,6.918854231355946,0,2011-04-29
-0.00175271131343413,1357.6419921875,1332.9455078125,1318.2711987304688,0.0067523465422267654,0.10553969882756031,69.25011378571465,11.871798107764334,7.909443006637624,0,2011-05-02
-0.0033793036283190636,1359.5179931640625,1334.1330078125,1318.5433984375,0.005236686623405503,0.09814494637634064,73.64666244265634,12.024405610214899,8.73243552735308,0,2011-05-03
-0.006855308680100647,1357.8499755859375,1334.8675048828125,1319.1809985351563,0.0061733732411917595,0.0,66.6497450643268,11.265055392396107,9.238959500361686,0,2011-05-04
-0.009069835815006422,1352.773974609375,1334.8455017089843,1319.7349975585937,0.0058725279791546296,-0.08937339893080543,59.275258824344945,9.566933708187435,9.304554341926837,1,2011-05-05
0.0038199203649145197,1348.0919677734375,1335.179998779297,1320.4169970703124,0.005754187792840736,0.09814494637634064,59.25320010700969,8.53430726492843,9.150504926527155,1,2011-05-06
0.004544163641626575,1345.1059814453124,1336.0859985351562,1320.9451977539063,0.005864908716711629,0.00982778296012543,70.0868899913837,8.11383136744007,8.943170214709738,1,2011-05-09
0.008074036650198346,1345.2139892578125,1337.7210021972655,1321.5439990234374,0.005730711298767677,-0.009732137623820414,71.04517590710573,8.559055487104388,8.866347269188669,0,2011-05-10
-0.011111495877577093,1344.1659912109376,1339.1169982910155,1322.2589990234376,0.006462104109667941,-0.08937339893080543,55.6804735128176,7.607369514053744,8.614551718161684,1,2011-05-11
0.004895437361786659,1346.8760009765624,1340.8289978027344,1323.0632006835938,0.00657959967878473,-0.017949951251218677,55.486319262373996,7.299160948291274,8.351473564187602,0,2011-05-12
-0.00806733006032423,1346.3900146484375,1341.9914978027343,1323.1992016601562,0.0068391230537838375,-0.09280659534418256,51.13045706738278,6.106585061976375,7.902495863745357,0,2011-05-13
-0.006204391417766519,1343.0260009765625,1342.4809936523438,1323.3656005859375,0.006972753765650935,0.12244868180677404,41.755601718970524,4.44052786490488,7.210102263977262,0,2011-05-16
-0.0003685605881837972,1337.389990234375,1343.6729919433594,1323.7426000976564,0.00698765566724721,0.054005849853753674,36.63862299499567,3.0455205508972085,6.377185921361252,1,2011-05-17
0.00880379946585852,1337.110009765625,1345.075994873047,1324.1198022460937,0.0075214407260655244,-0.032545874784470574,40.72345190694228,2.8511984917106474,5.671988435431132,1,2011-05-18
0.0021779408643529674,1336.1,1345.7379943847657,1324.5914013671875,0.006908259032434035,-0.07545072322241286,40.606533628566055,2.8993878143799066,5.117468311220887,0,2011-05-19
-0.007688267521873571,1335.2,1345.5324951171874,1325.3546020507813,0.007271688310658771,0.12131733455410898,37.78946986697611,2.080059446702535,4.509986538317217,0,2011-05-20
-0.01192558460112425,1332.7800048828126,1344.638494873047,1325.6164013671876,0.007846120459825745,-0.19932021977265235,34.3936684702945,0.14605311481682293,3.6371998536171386,0,2011-05-23
-0.0008273801774386635,1330.2400146484374,1343.0904968261718,1326.0142016601562,0.0070198266543105205,0.1814331086933818,36.796037757207735,-1.4578072746321595,2.618198427967279,1,2011-05-24
0.0031831687125787322,1326.197998046875,1341.3309936523438,1326.786201171875,0.006636649981321736,0.06848748781280478,43.320250538675985,-2.3635395214266737,1.6218508380884886,1,2011-05-25
0.0039531157988739185,1322.6159912109374,1339.5914916992188,1328.1623999023439,0.00654013004396518,-0.2068779245048873,43.382289080159,-2.6298159604446028,0.7715174783818703,1,2011-05-26
0.004080919686204165,1322.181982421875,1337.9659912109375,1329.31,0.006350757998372201,-0.04139016465867151,43.028887900425644,-2.376898011318872,0.14183438044172192,1,2011-05-27
0.010592724697279676,1327.7479736328125,1337.164990234375,1330.6297998046875,0.006869114494044084,0.5030084235860408,44.6692470665815,-1.0268713889227001,-0.09190677343116249,0,2011-05-31
-0.02278464425831217,1327.4019775390625,1335.0614929199219,1330.9532006835936,0.01025852518232509,-0.09691795989983476,39.22507493834369,-2.4024624399494314,-0.5540179067348163,0,2011-06-01
-0.0012248353901096465,1325.8959716796876,1333.3424926757812,1331.3365991210937,0.009661745092924945,-0.11292380024946413,35.4588699615765,-3.581267844750073,-1.1594678943378678,0,2011-06-02
-0.009733809463420173,1320.789990234375,1331.5954956054688,1331.3889990234375,0.009816136665990394,-0.06834885185943218,34.918582145734675,-5.483500942428009,-2.0242745039558963,0,2011-06-03
-0.010760206333523925,1311.80400390625,1328.8940002441407,1330.91919921875,0.010016914583739467,0.01453625218614385,33.39469005337659,-8.02737508674204,-3.2248946205131253,0,2011-06-06
-0.0009564073932939454,1299.752001953125,1325.8264953613282,1330.3419970703126,0.009588615465304061,0.08162869307476428,33.2061921510724,-10.027086654927416,-4.585333027395984,0,2011-06-07
-0.004186874918536865,1292.75400390625,1321.9464965820312,1329.7293994140625,0.009584387498646567,0.03238479038024056,25.512760194804372,-11.908707889632069,-6.050007999843201,1,2011-06-08
0.007377489898070522,1287.966015625,1319.292498779297,1329.1206005859376,0.009958978370320821,-0.16074805896026256,29.21104956352235,-12.494157030971792,-7.33883780606892,0,2011-06-09
-0.013979844477308045,1282.1300048828125,1315.4089965820312,1327.975,0.010303639973638007,0.15416007753915206,27.5950852148989,-14.247953135300804,-8.720660871915298,1,2011-06-10
0.0006687560771996282,1279.2619873046874,1312.111993408203,1326.895,0.010053974007599116,0.07442833929151771,31.631113623337967,-15.391835755651528,-10.054895848662545,1,2011-06-13
0.012611779574887017,1279.847998046875,1310.0319946289062,1326.00419921875,0.010404868288163425,-0.1529913950809676,39.77392659952247,-14.833087276517062,-11.010534134233449,0,2011-06-14
-0.01743184580508239,1277.0199951171876,1306.8539978027343,1324.6552001953125,0.009441139252620752,0.1629069674426047,32.48711685507578,-16.01716263818207,-12.011859835023174,1,2011-06-15
0.0017543350239683786,1272.747998046875,1303.2019958496094,1323.355400390625,0.009576120138324679,-0.05509151209925067,31.173379341688843,-16.58523356187925,-12.92653458039439,1,2011-06-16
0.003045016966140013,1272.852001953125,1299.5969970703125,1322.074599609375,0.009498754446363085,0.27824764380890477,30.474356954267947,-16.533378803831965,-13.647903425081907,1,2011-06-17
0.005395190996116739,1274.1580078125,1296.851495361328,1320.9715991210937,0.009248949951095696,-0.2952937682804294,27.011942556830633,-15.75710198468073,-14.069743137001673,1,2011-06-20
0.013423475684721353,1275.6880126953124,1295.7589965820312,1320.3185986328126,0.0102463247509997,0.17072093654211384,42.78563772974393,-13.600448166343085,-13.975884142869957,0,2011-06-21
-0.006468448774604507,1280.0320068359374,1294.3019958496093,1319.5721997070314,0.010395696492194812,-0.08326368600766731,40.6966804325377,-12.42426168204247,-13.66555965070446,0,2011-06-22
-0.002827986549257977,1283.20400390625,1292.4534973144532,1318.9589990234374,0.010158981673036204,0.3402063241914577,43.568542553582525,-11.651532565932484,-13.262754233750066,0,2011-06-23
-0.011725787945559007,1282.593994140625,1289.5914978027345,1318.0397973632812,0.00984384494524514,-0.2644974866809138,43.21484961826138,-12.113910714062285,-13.03298552981251,1,2011-06-24
0.009184457300265958,1282.9419921875,1287.0414978027343,1317.351396484375,0.010281677954314537,-0.05081929643634697,48.28369857783634,-11.408775854477199,-12.708143594745449,1,2011-06-27
0.012944354874931063,1283.1719970703125,1284.6150024414062,1316.8911962890625,0.01032495055266557,0.058185089693510106,55.621255737960006,-9.404476413262728,-12.047410158448905,1,2011-06-28
0.008282747245164312,1287.2260009765625,1284.2580017089845,1316.9365966796875,0.00830358676973062,0.18091538774955862,55.99714010995784,-6.870231460130071,-11.011974418785138,1,2011-06-29
0.01011922818616795,1294.65400390625,1284.6430053710938,1317.0969970703125,0.008548224791652114,-0.033821425449794607,66.6980530328342,-3.751035616606032,-9.559786658349317,1,2011-06-30
0.014409702179091433,1308.8980224609375,1286.618505859375,1317.2831982421876,0.009123014794015106,-0.096076657540769,70.32599361267283,0.2535906504824652,-7.597111196582961,0,2011-07-01
-0.0013361790618444669,1320.4540283203125,1289.20400390625,1317.2931982421876,0.009358354006006401,-0.01965008572715321,66.38274525611311,3.24543329178573,-5.428602298909223,1,2011-07-05
0.0010015590452223666,1328.964013671875,1291.9180053710938,1317.37259765625,0.008868718942514767,-0.04248157063336844,78.05651129139893,5.659376414748522,-3.2110065561776744,1,2011-07-06
0.010453846497412655,1338.1260009765624,1295.6010009765625,1317.492197265625,0.008386700940384092,0.14178256490254437,79.86038171417863,8.602957192970052,-0.848213806348129,0,2011-07-07
-0.006961116506509657,1342.7580078125,1298.3410034179688,1317.2549975585937,0.008904004448262441,-0.11676286942226743,74.2845615525535,10.059695291941807,1.3333680133098584,0,2011-07-08
-0.01809053260189253,1338.7219970703125,1300.76650390625,1316.4351977539063,0.010318721645592013,0.0792268999209873,62.36545012415472,9.147109979760671,2.896116406600021,0,2011-07-11
-0.004433512667192274,1333.8739990234376,1302.8570068359375,1315.4357983398438,0.010456293942257047,0.089906757443035,55.845155111867506,7.861216198635248,3.8891363650070665,1,2011-07-12
0.003105840267646931,1329.5739990234374,1304.3495056152344,1314.5657983398437,0.009822564171185539,-0.039691193479489795,60.14596588999097,7.0896296314761,4.529235018300874,0,2011-07-13
-0.0067161276923011215,1320.70400390625,1306.5220031738281,1313.6107983398438,0.009843225362446976,0.07351825579791527,58.13610081309725,5.698335782755521,4.763055171191803,1,2011-07-14
0.005554424471774233,1315.1719970703125,1308.947003173828,1312.9871997070313,0.009426843702857124,-0.026570641288312435,66.09736782034494,5.123297023056921,4.835103541564827,0,2011-07-15
-0.008129889770918997,1312.3619873046875,1310.6440002441407,1312.3939990234376,0.008123097567312445,-0.029367675758232847,58.608491837515004,3.760815832770504,4.620245999805962,1,2011-07-18
0.01630870818887753,1314.97998046875,1313.0625,1312.124599609375,0.010094487721959118,0.04527264603609371,59.89464505993016,4.348837209095564,4.565964241663883,0,2011-07-19
-0.0006708332980633891,1316.6039794921876,1314.5784973144532,1311.7155981445312,0.01007533122633896,-0.1247920828880732,56.48712611951457,4.688979999684534,4.590567393268014,1,2011-07-20
0.013546192203295337,1323.589990234375,1317.4114990234375,1311.4483984375,0.010502884712947937,0.2840166479978341,57.88936173043929,6.334751143935364,4.939404143401484,1,2011-07-21
0.0009078513609139804,1329.3659912109374,1320.4875,1311.5071997070313,0.010269584163096753,-0.2717558703691836,52.07411480866957,7.649301684621378,5.481383651645463,0,2011-07-22
-0.0056430132712504966,1335.764013671875,1323.936505126953,1311.2828002929687,0.008398548756402956,0.003991109420551142,49.83306703766906,7.986581311349028,5.982423183586176,0,2011-07-25
-0.004104971538103408,1336.806005859375,1326.5285034179688,1311.1661987304688,0.008373873606904796,0.13293034275875137,47.37977951449606,7.721858882783181,6.330310323425578,0,2011-07-26
-0.020308668519432915,1332.616015625,1326.939501953125,1310.674599609375,0.010777389160597273,-0.1317702549256935,34.09885946219052,5.268627963679137,6.11797385147629,0,2011-07-27
-0.0032339665839667964,1323.9900146484374,1326.6025024414062,1310.1084008789062,0.010624683436532546,0.4233236754966887,35.30695534794205,2.949903763406155,5.484359833862263,0,2011-07-28
-0.006450532698506817,1313.4420166015625,1325.184503173828,1309.140400390625,0.010532685631101593,0.02209095682378126,39.60262108134531,0.4303334492042268,4.473554556930656,0,2011-07-29
-0.004132299323336697,1303.343994140625,1322.547998046875,1308.0071997070313,0.01033889445894986,-0.018533190810856692,39.75754556088662,-1.9745828788297786,3.1839270697785693,0,2011-08-01
-0.025556664705103427,1287.766015625,1318.3565002441405,1306.4228002929688,0.01084506566431123,0.048093666895492326,29.996901265418884,-6.459969348577488,1.255147786107358,1,2011-08-02
0.005015682586245518,1278.856005859375,1314.4125,1305.2821997070312,0.011270905785211867,0.23829828918481288,34.504118379838886,-9.398783382780039,-0.8756384476701213,0,2011-08-03
-0.047820446201610634,1258.735986328125,1306.7549987792968,1302.957998046875,0.015835364544196928,-0.3382085144269995,22.31022002816603,-16.40202917408942,-3.980916592953981,0,2011-08-04
-0.0005749176607442452,1240.1559814453126,1299.5339965820312,1300.5361987304686,0.01571659050568661,0.278460481937312,23.429211374719486,-21.757023006820873,-7.53613787572736,0,2011-08-05
-0.06663446415643826,1206.6599853515625,1289.5324951171874,1296.4115991210938,0.0232936014362768,-0.5205597487620518,9.864054279954772,-32.079975834292554,-12.4449054674404,1,2011-08-08
0.0474068481332115,1190.3559814453124,1282.4769958496095,1293.2402001953126,0.03098225698370323,-0.09501940615261073,25.303661637265677,-35.56866589171432,-17.069657552295183,0,2011-08-09
-0.04415240397919251,1162.439990234375,1272.6289978027344,1288.7514013671876,0.03255094342162677,1.1203172403302544,17.600222152395688,-42.02643127376314,-22.061012296588775,1,2011-08-10
0.04629002144148742,1156.95400390625,1265.8174987792968,1285.9132006835937,0.03781613365803895,-0.26564396271873447,28.172008904709045,-42.468424488149594,-26.14249473490094,1,2011-08-11
0.00526166928318772,1152.8400146484375,1258.9510009765625,1283.2306030273437,0.0381068660267844,0.5306115249453875,29.841911152162496,-41.838547580841805,-29.281705304089115,1,2011-08-12
0.021784622088531824,1169.8460205078125,1253.9035034179688,1281.3172021484374,0.0392988238011948,-0.24245352263499975,34.59372056181341,-38.81972015699398,-31.18930827467009,0,2011-08-15
-0.00973854541245922,1173.8920166015625,1247.2050048828125,1279.4490014648438,0.038733912128362365,0.18693611991995973,35.92427722723727,-36.9478769402956,-32.341022007795196,1,2011-08-16
0.0009473866272851073,1188.518017578125,1240.6075073242187,1277.6280029296875,0.03864627307183955,-0.13472276993453747,36.49106355798448,-34.97013184322441,-32.86684397488104,0,2011-08-17
-0.0445937143129993,1182.12001953125,1230.4500061035155,1274.8498022460938,0.0382579734031904,-0.26286249470186906,32.77205633315238,-37.269161180817264,-33.74730741606829,0,2011-08-18
-0.015008981502439234,1171.064013671875,1219.375506591797,1271.5404028320313,0.038369732973428834,0.5974848600072338,31.91767565730501,-40.011372822971,-35.00012049744883,1,2011-08-19
0.00025804116011829414,1154.9300048828125,1208.695001220703,1268.5972021484374,0.03187543237821722,0.051997461084148044,34.46867734557773,-41.68073189567531,-36.33624277709413,1,2011-08-22
0.034284877594586316,1148.847998046875,1200.2155029296875,1266.4076025390625,0.029958124066633268,-0.07782740339866012,39.14815473721721,-39.440019636696434,-36.956998149014595,1,2011-08-23
0.013119972745138542,1145.589990234375,1193.8510009765625,1264.2022021484374,0.02587480009218252,0.06026925079341017,47.23596177790751,-36.01849271428614,-36.76929706206891,0,2011-08-24
-0.01556552007023193,1149.3139892578124,1186.7809997558593,1262.0792016601563,0.02209384661770869,0.08148348826314922,45.27127552557933,-34.38956079124159,-36.293349807903446,1,2011-08-25
0.015121610152536658,1159.9679931640626,1181.0070007324218,1260.26240234375,0.022614498497646993,-0.12405147849322073,57.92603291700554,-31.32302135444729,-35.29928411721222,1,2011-08-26
0.028280001568408375,1177.2199951171874,1177.1640014648438,1259.0340014648436,0.023387835166768636,-0.1603175170594917,55.490882296135545,-25.90869704424813,-33.4211667026194,1,2011-08-29
0.002347024984931334,1187.3340087890624,1175.1075012207032,1257.7252026367187,0.02309835673852921,0.08147925649291521,65.72697484225634,-21.144889538780035,-30.96591126985153,1,2011-08-30
0.004921982065451136,1195.5920166015626,1173.0350036621094,1256.1926025390626,0.023113969629801123,0.152052346929626,59.35894395699945,-16.695357339787506,-28.111800483838728,0,2011-08-31
-0.01187143263889856,1204.622021484375,1173.252508544922,1254.538203125,0.017326770731096192,-0.09252938585834047,55.013901946941736,-14.173295788805945,-25.324099544832173,0,2011-09-01
-0.025281938303220453,1204.056005859375,1171.9820068359375,1252.3476025390626,0.018915403779013566,-0.07921287086254103,44.134373108486656,-14.464868270589704,-23.15225328998368,0,2011-09-02
-0.007436289416773878,1195.0880126953125,1174.2710083007812,1250.2834033203126,0.019263202790693486,0.15953691040361306,44.64923997960748,-15.224875143903546,-21.566777660767656,1,2011-09-06
0.028646463529026667,1192.2280029296876,1175.575506591797,1248.6538037109376,0.018331481007454246,-0.12988687259746312,50.817176653397134,-12.984026861473012,-19.850227500908726,0,2011-09-07
-0.010612179635699603,1185.6300048828125,1178.8325073242188,1246.4384033203125,0.018444437893821358,0.005433411993587045,59.09036512718095,-12.095108897294267,-18.299203780185834,0,2011-09-08
-0.026705492278710663,1175.5919921875,1177.9120056152344,1243.3748022460939,0.01983070666444401,0.027143423430686875,55.826745748575135,-13.787212472024748,-17.39680551855362,1,2011-09-09
0.006965716710316983,1173.252001953125,1177.0850036621093,1240.20740234375,0.019288146724655085,0.12693698938376108,57.089137549744805,-14.314444778043935,-16.780333370451682,1,2011-09-12
0.00912006281484623,1174.7780029296875,1175.50400390625,1236.8714013671874,0.01684511494781405,-0.09425854446604942,52.16229941398625,-13.718808848234403,-16.168028466008227,1,2011-09-13
0.013479804803234297,1172.7900146484376,1175.3000061035157,1233.88740234375,0.01758854228263784,0.06523090462834591,52.272183376773704,-11.834601564144805,-15.301343085635544,1,2011-09-14
0.017187073659429952,1177.4320068359375,1176.0610046386719,1231.2852026367189,0.01851842619172207,-0.1016716331711699,60.1333679477131,-8.593765395145283,-13.959827547537493,1,2011-09-15
0.0057066970727697175,1189.7880126953125,1179.82900390625,1228.5410034179688,0.018165919942764307,0.17169784786136666,58.332261130503,-5.406284792156157,-12.249118996461227,0,2011-09-16
-0.0098025870260805,1198.152001953125,1183.857000732422,1225.7468017578126,0.01622305653458395,-0.1895067338046711,48.600012781623676,-3.798247542806166,-10.558944705730216,0,2011-09-19
-0.0016610054537223862,1203.99599609375,1187.7705017089843,1223.3988012695313,0.01592394180450694,0.014437530998850479,47.45880293349007,-2.6546485862747886,-8.97808548183913,0,2011-09-20
-0.02939044252863232,1199.6119873046875,1187.9910034179688,1220.461201171875,0.016205968445172348,0.0956851986161864,39.24933199943005,-4.5467581650214015,-8.091820018475586,0,2011-09-21
-0.031883121516435575,1183.702001953125,1185.5890075683594,1216.6980029296874,0.018598044446062927,0.4175889014602785,35.88506482596077,-8.944882764188833,-8.262432567618236,1,2011-09-22
0.006082009597382809,1167.7860107421875,1184.4470092773438,1213.2492041015626,0.017118488303829466,-0.15861372431427656,42.23097665859769,-11.740737095906752,-8.95809347327594,1,2011-09-23
0.023336145831710953,1159.5580078125,1183.7545043945313,1210.1854028320313,0.01871754202529912,-0.15551611456170555,49.55857203229107,-11.681876309389963,-9.502850040498744,1,2011-09-26
0.010688382331855317,1154.216015625,1182.0195068359376,1207.5842041015626,0.018806781633006305,0.16488096362876692,45.12665745149234,-10.511062276808843,-9.704492487760765,0,2011-09-27
-0.020691134941917988,1151.076025390625,1178.9265075683593,1204.0708056640624,0.019259883477005715,-0.13702094219133298,43.03311922363959,-11.414026345260936,-10.0463992592608,1,2011-09-28
0.008114229792425487,1157.2440185546875,1176.0020080566405,1200.7620068359374,0.01839531314328344,0.10397416832361439,51.35480398563525,-11.24633395345063,-10.286386198098768,0,2011-09-29
-0.024974129488995245,1156.2420166015625,1172.3520080566407,1196.5144067382812,0.01914887216779712,-0.16439514618577533,43.7965005333984,-13.298580989243646,-10.888825156327744,0,2011-09-30
-0.0284510281118181,1143.4980224609376,1168.615008544922,1191.5986059570312,0.02032226998108118,0.2838147161173612,36.37506465113232,-17.322784374513958,-12.175616999964987,1,2011-10-03
0.022488442948566112,1133.21201171875,1166.5505065917969,1187.32900390625,0.022584761363603115,-0.3448946624011964,38.40584748523589,-18.306276151618476,-13.401748830295686,1,2011-10-04
0.017865633700204997,1131.806005859375,1163.8210083007812,1183.5708056640624,0.022196152826002548,-0.3241337723135568,38.328555747573596,-17.266370016568317,-14.174673067550213,1,2011-10-05
0.018303664125949304,1132.7199951171874,1162.7745056152344,1180.7724047851561,0.020208740601902003,1.0307055627693558,41.28533221284032,-14.584438316909882,-14.256626117422147,0,2011-10-06
-0.008163308930517088,1137.527978515625,1162.836004638672,1177.868203125,0.020489119801872603,0.09455056851949561,41.627924668827895,-13.07563860968412,-14.020428615874543,1,2011-10-07
0.034124984892549115,1156.6599853515625,1164.4670043945312,1175.9204028320312,0.021976199484962464,-0.20313670395206063,48.90197734181042,-8.59910306030497,-12.936163504760628,1,2011-10-10
0.0005440035535435594,1170.9780029296876,1165.6005065917968,1174.0924047851563,0.02181182496073169,-0.005014842133669206,54.90825363383894,-4.941996587614767,-11.337330121331457,1,2011-10-11
0.009794704112697561,1183.6219970703125,1166.52900390625,1173.1564038085937,0.020384759791559445,0.21038761441970855,64.5111805468153,-1.0862952412039704,-9.28712314530596,0,2011-10-12
-0.002973672247100878,1191.360009765625,1166.2565063476563,1172.0228051757813,0.020495664529783707,-0.1716205819963551,62.71321107677308,1.660553785175125,-7.097587759209744,1,2011-10-13
0.01738025794738407,1205.1840087890625,1166.6850036621095,1172.5130053710936,0.018113825688187764,-0.07203799588392956,61.90642169900447,5.462545464985851,-4.585561114370625,0,2011-10-14
-0.019369883187983272,1206.3780029296875,1166.523504638672,1172.5426049804687,0.016205359229606173,0.044698532073097486,54.71677050859193,6.4868712496027,-2.3710746415759605,1,2011-10-17
0.020418716445174567,1212.34599609375,1167.688006591797,1174.661005859375,0.01602616431467904,0.12543771944102122,63.74768154407471,9.171494191614784,-0.06256087493781168,0,2011-10-18
-0.01264913736003248,1212.8719970703125,1169.8440063476562,1175.4080053710939,0.016983158418564556,0.0012850788298757188,58.94885109238948,9.933845565651382,1.936720413180027,1,2011-10-19
0.0045541787147385104,1215.2179931640626,1174.1355041503907,1177.30060546875,0.016399637917507506,0.0049315057186896105,66.5955124598672,10.857468127004495,3.7208699559449205,1,2011-10-20
0.01880876515031682,1217.952001953125,1179.2265014648438,1178.6128051757812,0.016327853389400897,0.02268448080093788,78.5274705895909,13.280960781442673,5.632888121044472,1,2011-10-21
0.012872958939026846,1228.6179931640625,1183.7885009765625,1180.1204028320312,0.013563190813376163,-0.13479642705846684,77.72480739407193,16.299920884632684,7.766294673762114,0,2011-10-24
-0.02004472508361621,1229.352001953125,1186.4720031738282,1180.6116040039062,0.015698849044193258,0.03819342921719593,67.71695565597231,16.47398741640268,9.507833222290227,1,2011-10-25
0.010536553156824224,1235.7760009765625,1191.0190002441407,1181.5964038085938,0.015736865965688133,0.08930770657827392,66.60489902806752,17.455671118350438,11.09740080150227,1,2011-10-26
0.034291437858544604,1249.6159912109374,1197.228497314453,1183.4104028320312,0.018369401033924992,0.3065703914821496,74.36142493999648,21.42336164977769,13.162592971157354,1,2011-10-27
0.0003892292585989665,1258.983984375,1204.9119934082032,1186.2992016601563,0.018052761679292807,-0.28753645402278094,69.94694980261396,24.327696263861526,15.39561362969819,0,2011-10-28
-0.02473750308360323,1258.806005859375,1212.615496826172,1188.8946020507813,0.01891636731378983,-0.04992185932915849,61.226893483907894,23.78998560299624,17.0744880243578,0,2011-10-31
-0.027942247001422227,1256.652001953125,1217.3320007324219,1190.7838037109375,0.020494618010366145,0.30980625073952317,51.965789801162785,20.303971582982285,17.7203847360827,1,2011-11-01
0.016104667765514558,1255.8320068359376,1222.0255004882813,1192.2948046875,0.02060067857947689,-0.27189781668361224,55.77247919393476,18.906507541516476,17.957609297169455,1,2011-11-02
0.01878180753005876,1251.1440185546876,1226.8345031738281,1193.9658056640626,0.02124094837294415,0.17968729093328606,56.11724415069744,19.450870386048564,18.256261514945276,0,2011-11-03
-0.006280017279460592,1244.772021484375,1231.7230041503906,1195.8450048828124,0.020761405346812395,-0.21003518149610034,59.249062729736316,19.023904774177936,18.409790166791808,1,2011-11-04
0.006295743615618132,1246.3360107421875,1235.0345031738282,1197.5314038085937,0.020459446313621326,-0.10465847832613262,56.705948963858035,19.101993799235288,18.548230893280504,1,2011-11-07
0.011735638864999398,1257.864013671875,1239.0535034179688,1198.8482055664062,0.019308123604166675,0.13958784047770378,62.423826556951184,20.126118796048104,18.863808473834023,0,2011-11-08
-0.036695142913972245,1256.10400390625,1240.1460021972657,1199.1718041992187,0.022943716780317494,0.19220977922420168,52.23223939451759,16.964204223047773,18.483887623676775,1,2011-11-09
0.008624176874533207,1251.8139892578124,1241.947998046875,1199.5880029296875,0.019801692059350003,-0.14099069905187844,50.24589627723221,15.13917855905629,17.81494581075268,1,2011-11-10
0.019480539941325148,1253.93798828125,1243.9114990234375,1200.7766015625,0.02108348727318982,-0.1580359551909183,51.5938550728841,15.463286569768115,17.344613962555766,0,2011-11-11
-0.009550141648312915,1252.0699951171875,1246.457501220703,1202.332802734375,0.01972382030407271,-0.044656368502572596,53.91936799759539,14.578152839206723,16.79132173788596,1,2011-11-14
0.004817163683512371,1248.447998046875,1248.07900390625,1204.1842041015625,0.01710342175907544,0.11790612731700034,52.79280266143856,14.199567178384086,16.272970825985585,0,2011-11-15
-0.016616200730203312,1250.010009765625,1249.4305053710937,1204.9500048828124,0.017513268179325272,0.13494568388297723,40.878498614239106,12.073897636978245,15.433156188184117,0,2011-11-16
-0.016799952076269054,1245.2960205078125,1249.4675048828126,1205.5546044921875,0.01689027015515114,0.12519920391871753,37.75743369874081,8.613226597812854,14.069170270109865,0,2011-11-17
-0.00039467858438069214,1235.6560302734374,1248.3375061035156,1206.7830053710939,0.016885128031904124,-0.1672682178637862,42.47992763464272,5.76542917534357,12.408422051156606,0,2011-11-18
-0.018648495446902502,1223.8960205078124,1245.2770080566406,1207.3972045898438,0.01721332404469847,0.05811981889481954,44.68442202085216,1.6601094079669565,10.258759522518677,0,2011-11-21
-0.004140841830647446,1209.9420166015625,1243.2265075683595,1207.70060546875,0.016156478875557243,-0.034162372502203664,38.83565893591723,-1.9692972388577346,7.813148170243395,0,2011-11-22
-0.02209521492281885,1194.918017578125,1239.2160095214845,1207.1628051757812,0.013637413128486939,-0.028828824222654537,28.046860292439902,-6.884424415271724,4.873633653140372,0,2011-11-23
-0.002685506857766806,1183.426025390625,1232.9200134277344,1206.1540063476561,0.012774616203214134,-0.5619304332261104,28.65465363187913,-10.905741050981305,1.7177587123160365,1,2011-11-25
0.029240425313361795,1178.8060302734375,1228.293017578125,1205.6848071289062,0.015146578644395382,1.355936786443937,36.14693216417361,-11.229384851259056,-0.871670000398982,1,2011-11-28
0.002213653490450218,1179.2480224609376,1225.3875122070312,1205.506806640625,0.015269561141324618,0.01833832812599634,32.847465768382264,-11.14439201218147,-2.9262144027554795,1,2011-11-29
0.0433153072475978,1191.0320068359374,1226.8215087890626,1206.4042065429687,0.021474954631747478,0.4531476588230874,53.71649580643506,-6.820998434774083,-3.7051712091592006,0,2011-11-30
-0.0019086457924624156,1207.589990234375,1227.1555053710938,1207.96060546875,0.02075230773132425,-0.341823640835518,51.05145355030285,-3.5458500279153213,-3.673306972910425,0,2011-12-01
-0.00024098633145541726,1224.7119873046875,1226.3120056152343,1210.2550048828125,0.01983126541281294,0.08527292153309518,45.30042710864741,-0.9633677977753905,-3.131319137883418,1,2011-12-02
0.010287014543699957,1237.61796875,1226.5045043945313,1212.6680029296874,0.019947423580461508,0.0009048550904735553,51.26829026048194,2.091999819598641,-2.086655346387006,1,2011-12-05
0.0011057487964409862,1250.273974609375,1226.372003173828,1214.5784033203124,0.018426794051627865,-0.09976470928578662,50.161505810146124,4.572850263062264,-0.754754224497152,1,2011-12-06
0.002018354924337773,1253.083984375,1225.6265014648438,1216.2910034179688,0.018169544303157297,0.11416275912303209,56.480584866654105,6.667048452948848,0.729606310992048,0,2011-12-07
-0.02114181011508598,1251.03798828125,1225.8890014648437,1217.9568017578124,0.01800678433402348,0.03312791128074721,54.749240798580615,6.105097887067814,1.8047046262072013,1,2011-12-08
0.01688335256005491,1253.219970703125,1226.6635009765625,1219.8526000976562,0.017994720317318164,-0.10882264672422337,59.31754936349981,7.257696877960143,2.8953030765577896,0,2011-12-09
-0.014914054108935981,1249.0979736328125,1225.294500732422,1221.9535986328126,0.017666283158475033,-0.0600530985926524,60.44279049699323,6.584690482792212,3.6331805578046743,0,2011-12-12
-0.00868600976072853,1242.5499755859375,1223.9919982910155,1224.4835986328126,0.018103249704638353,0.14469931149790183,58.80483559303087,5.125615704544771,3.931667587152694,0,2011-12-13
-0.01134836742295231,1232.711962890625,1221.6924926757813,1226.2409985351562,0.011524903000093878,0.042876864884012544,62.4026853192902,2.8144220183128255,3.7082184733847203,1,2011-12-14
0.0032431003656709922,1228.9919677734374,1220.6344909667969,1227.6753979492187,0.011682963612951068,-0.11352188893722848,64.09382480578752,1.2850931069715443,3.2235934001020854,1,2011-12-15
0.0032161498496299235,1221.885986328125,1220.8109924316407,1228.76919921875,0.011800542691713807,0.4029719132675824,57.85660462796235,0.3841675627679706,2.655708232635263,0,2011-12-16
-0.011732825699560245,1215.6619873046875,1220.2959899902344,1229.7669995117187,0.011311091148556295,-0.3153840398069513,52.75788005966996,-1.467606897437463,1.8310452066207177,1,2011-12-19
0.029825423296426123,1218.7760009765625,1222.7119934082032,1230.6952001953125,0.015616467497347216,0.10813919810263894,48.319305190050535,-0.03389036805151591,1.458058091686271,1,2011-12-20
0.0019495059855065833,1225.156005859375,1225.4959899902344,1231.658798828125,0.015614874861080338,-0.27038482686859366,49.744690319686136,1.282820228966557,1.4230105191423283,1,2011-12-21
0.008265549753183832,1232.806005859375,1230.1064880371093,1232.593798828125,0.014157879615995956,0.18020493271420945,52.72420479878258,3.11987137875758,1.7623826910653788,1,2011-12-22
0.009035052675189448,1241.939990234375,1235.4394836425781,1233.827197265625,0.013419104064384626,-0.36034648149473836,52.33142819294997,5.4274165360473035,2.4953894600617637,1,2011-12-23
7.9107947907886e-05,1253.956005859375,1239.0834838867188,1234.64419921875,0.01224382145979344,-0.0462165876543873,51.98134614916826,7.181456383584191,3.4326028447662496,0,2011-12-27
-0.0124780022540123,1255.6239990234376,1241.8059875488282,1235.6197998046875,0.01267588095139654,0.10297147738419876,46.99031723761769,7.214259912895841,4.188934258392168,1,2011-12-28
0.01070708742195392,1259.4840087890625,1242.6089904785156,1236.3726000976562,0.011994677098696355,-0.03057472829555996,58.1629766182237,8.225097712405386,4.996166949194812,0,2011-12-29
-0.0042913365279230176,1260.20400390625,1243.259991455078,1237.3269995117187,0.012295106778086335,-0.002756646898991688,50.75224094876166,8.490963164105551,5.695126192176961,1,2011-12-30
0.015473984880403524,1262.5500244140626,1244.898992919922,1238.560400390625,0.012866136934552337,0.7359024583489227,62.61106753786195,10.154870488264578,6.587075051394485,1,2012-01-03
0.00018792399994027598,1264.9240234375,1245.9099975585937,1239.3414013671875,0.011673068749876059,-0.08903545138968127,67.14083773287263,11.361921083003153,7.542044257716219,1,2012-01-04
0.002943716919978634,1271.2080322265624,1247.039501953125,1239.8788037109375,0.008090288692135218,0.20135111813793993,74.67918345041713,12.478079210235592,8.529251248220094,0,2012-01-05
-0.002536961462655807,1274.1660400390624,1247.8795043945313,1240.85400390625,0.008288524658844243,-0.15271724649266094,72.22776026008958,12.951102481312546,9.413621494838585,1,2012-01-06
0.0022615979258335805,1278.78603515625,1250.197003173828,1241.6280029296875,0.008057932812898672,-0.07799925071715119,72.0233182323878,13.404646589028744,10.211826513676618,1,2012-01-09
0.00888576974833133,1281.7900146484376,1252.04150390625,1241.777802734375,0.008043861898795215,0.2522125993593547,81.96825905335092,14.515034566192753,11.072468124179846,1,2012-01-10
0.0003095972599744812,1284.8260009765625,1254.8420043945312,1241.9256030273436,0.008037681515547455,-0.060123734000322115,75.56437647862248,15.2514939367029,11.908273286684457,1,2012-01-11
0.002336608362904613,1287.7139892578125,1258.3305053710938,1242.7696020507813,0.006197280135208497,0.013046480449179887,75.70999447229846,15.895599059262622,12.70573844120009,0,2012-01-12
-0.004947922948427275,1289.969970703125,1262.1940063476563,1244.18580078125,0.006187579606379825,-0.08147486622768285,68.11932937737083,15.707751638851505,13.306141080730374,1,2012-01-13
0.003552954600872571,1292.5639892578124,1266.0900085449218,1245.301201171875,0.00577615183715516,0.08615604611672167,65.73045432001062,15.746934374838702,13.79429973955204,1,2012-01-17
0.011107929092462498,1295.756005859375,1270.5090087890626,1246.2390014648438,0.004797788193073131,0.021361479519958815,70.41681630533073,16.744505252839645,14.38434084220956,1,2012-01-18
0.004938656879440728,1300.160009765625,1275.9665100097657,1247.4644018554689,0.004788496963010748,0.09026258739892978,84.12959834533437,17.85058182460307,15.077589038688263,1,2012-01-19
0.0006694597815233294,1304.1360107421874,1279.6705078125,1248.5496020507812,0.004839147767322262,-0.12388795962282995,81.7255789528184,18.58394041906263,15.778859314763137,1,2012-01-20
0.00047134296924533636,1309.518017578125,1283.2845092773437,1249.351201171875,0.004566136284720181,-0.03621869744570139,87.57073771405865,18.996184621573548,16.42232437612522,0,2012-01-23
-0.00102581731454221,1313.714013671875,1286.3170104980468,1251.0622021484376,0.0047370344746248995,-0.02051229013686351,81.5299237188348,18.994996874559092,16.936858875811996,1,2012-01-24
0.008679141952454561,1317.318017578125,1289.353515625,1252.789404296875,0.004707070278836664,0.19421641993090666,84.44475104772089,19.687801259470916,17.48704735254378,0,2012-01-25
-0.005753890884025226,1318.1040283203124,1292.003515625,1253.881005859375,0.005378817126786863,0.02520114896926029,75.030129199896,19.397572952046858,17.869152472444394,0,2012-01-26
-0.0015928775670267514,1318.2940185546875,1295.3380126953125,1255.1720043945313,0.005494025136428284,-0.11381734471160332,76.2039683580989,18.78160198132082,18.05164237421968,0,2012-01-27
-0.0025221231757218687,1317.6960205078126,1297.8375122070313,1256.2760034179687,0.005218971209992762,-0.08693211025657666,71.8517393285736,17.820129272008444,18.00533975377743,0,2012-01-30
-0.0004569466961219515,1317.2480224609376,1300.5780151367187,1257.7860034179687,0.005227840348587412,0.15756721080292202,66.0966199263134,16.815898991224458,17.76745160126684,1,2012-01-31
0.008899605562620927,1316.85400390625,1302.929510498047,1259.9452026367187,0.0048040811536115115,0.0634651934223418,71.23469201992354,16.769207147227235,17.56780271045892,1,2012-02-01
0.0010951470667548424,1318.2760009765625,1305.3415100097657,1262.1430029296876,0.00462486745068281,-0.08512641085526018,70.6148742607268,16.6571985007688,17.385681868520898,1,2012-02-02
0.014605356896842503,1323.9900146484374,1308.5335083007812,1265.1814038085938,0.006345286313497911,0.11833037282936809,82.51953180568913,17.924003110639433,17.493346116944604,0,2012-02-03
-0.0004238741534883239,1330.25400390625,1311.8595031738282,1268.3072021484375,0.006379234297894234,-0.26664569116099424,80.96569796420268,18.66677616251809,17.7280321260593,1,2012-02-06
0.00202338180532724,1337.1820068359375,1315.1770080566407,1272.01240234375,0.006282691014367135,0.10733497055951702,77.80465310526041,19.252981525118685,18.033022005871178,1,2012-02-07
0.0021602108339675574,1342.356005859375,1318.0710083007812,1275.8382006835936,0.00589115133872795,0.09466233440036764,76.62155325996906,19.724981774911157,18.371413959679174,1,2012-02-08
0.0014741105602813498,1347.63798828125,1321.0445068359375,1279.0261987304686,0.0052717525792241975,0.027622030253397156,77.00480095766756,20.02874208304729,18.7028795843528,0,2012-02-09
-0.006886302644093845,1347.185986328125,1323.4015075683594,1281.9752001953125,0.005953045336812937,-0.0789355541356187,67.43455898918144,19.295810156406333,18.821465698763507,1,2012-02-10
0.006800039312997219,1348.6739990234375,1326.5355102539063,1284.0714013671875,0.005896400536190617,-0.06693349976015972,72.04797542934124,19.229999946340286,18.903172548278864,0,2012-02-13
-0.0009395233752043097,1349.3639892578126,1329.3770080566405,1286.1898022460937,0.005929075943694565,0.07503510187836504,66.50454383581518,18.857981842555546,18.8941344071342,0,2012-02-14
-0.0053832058728249255,1348.0179931640625,1331.1365051269531,1288.1688012695313,0.006037418599819145,0.04906003825664862,66.82947114500479,17.77166431325054,18.669640388357468,1,2012-02-15
0.01102570580548079,1349.2360107421875,1333.3135070800781,1290.1880029296874,0.006747098986483909,0.00699451516295202,74.14056947295985,17.899463922404493,18.515605095166876,1,2012-02-16
0.0023489303072772305,1352.95400390625,1335.606005859375,1292.243203125,0.00523702113589715,-0.09521816164015495,77.95036241831083,18.050077586799716,18.422499593493445,1,2012-02-17
0.000719922777789872,1355.0419921875,1337.91650390625,1294.2672021484375,0.005209548518575259,0.02086269784056549,78.73956506118309,18.040555935764132,18.346110861947583,0,2012-02-21
-0.0033401068031253534,1356.4739990234375,1340.0670043945313,1296.7334033203124,0.005403223268791738,-0.042551117200674504,71.11059252685976,17.464548451443306,18.16979837984673,1,2012-02-22
0.004272002277298181,1360.5199951171876,1341.9369995117188,1298.8988037109375,0.005502732603249853,0.042034174438796645,72.60910070162159,17.276906563194643,17.991220016516312,1,2012-02-23
0.0016722378083675604,1362.0599853515625,1344.3024963378907,1301.4842041015625,0.005504948922332697,-0.07423576172932433,65.60347017974229,17.114888542657354,17.81595372174452,1,2012-02-24
0.0013545591394890089,1363.331982421875,1346.865496826172,1304.3214038085937,0.004753986062832471,0.04094586575986492,67.08791740950522,16.9404862822239,17.640860233840396,1,2012-02-27
0.0033563334079245166,1365.3260009765625,1349.8239990234374,1307.5286059570312,0.0044721948420740135,-0.019120883337124472,67.96802038874779,16.97695321723654,17.508078830519626,0,2012-02-28
-0.0047369876733168725,1366.9300048828125,1352.4875,1310.52720703125,0.004848566499375726,0.25236650349806666,60.69104644888132,16.29353610686485,17.26517028578867,1,2012-02-29
0.006158039788692005,1369.056005859375,1354.9875,1313.6158056640625,0.004486289730765105,-0.12563219903756273,63.847926372836014,16.2432902073856,17.060794270108058,0,2012-03-01
-0.003245756135652589,1369.8340087890624,1357.1919982910156,1316.90140625,0.003573167823650152,-0.1622125718251498,67.971798106435,15.663034681926092,16.781242352471665,0,2012-03-02
-0.003869693865664492,1369.1820068359375,1358.1634948730468,1319.3620043945311,0.0038172552880743303,0.04446183786154356,58.81276755384481,14.607126489856,16.346419179948533,0,2012-03-05
-0.015370160722531612,1363.4179931640624,1358.1149963378907,1321.3548046875,0.006222801672030497,0.22206865180727098,46.0751828843591,11.940566836105972,15.465248711180022,1,2012-03-06
0.0069006220464606915,1360.8079833984375,1358.393994140625,1323.3274047851562,0.006688675435043869,-0.14571015447166114,55.055959933134346,10.454795823995937,14.463158133743207,1,2012-03-07
0.009817931917032618,1359.1719970703125,1359.1914978027344,1325.3390063476563,0.007315154572176325,-0.010423474603254435,54.30384529628448,10.230962800309953,13.616719067056557,1,2012-03-08
0.0036312500921620305,1359.4199951171875,1360.1375,1327.4478051757812,0.007384751947286444,0.027210941954129986,55.171691161543066,10.334669277618104,12.960309109168868,1,2012-03-09
0.00016046065922270536,1360.7719970703124,1361.5599975585938,1329.8768041992187,0.007377245333610808,-0.1532091211082932,54.80312756266944,10.315694302793872,12.43138614789387,1,2012-03-12
0.018131549330308916,1371.289990234375,1363.768994140625,1332.5354028320312,0.009292715171084024,0.4233144162472784,66.98002591899287,12.166402834292285,12.378389485173553,0,2012-03-13
-0.0011962619960680376,1379.6199951171875,1365.9579956054688,1335.26900390625,0.00908284136918446,0.02640163958718511,64.18712225251569,13.344526544619612,12.571616897062766,1,2012-03-14
0.005967198922915307,1386.9579833984376,1368.926495361328,1337.7798022460938,0.00907359090818997,-0.05122515703154851,66.07363197639074,14.779182984093268,13.013130114468867,1,2012-03-15
0.0011193985360786751,1393.6179931640625,1371.2329956054687,1340.3172021484374,0.008891400899359983,0.2088888368663162,65.9906083244397,15.86002544272992,13.582509180121079,1,2012-03-16
0.00397384638616094,1401.35,1373.6589965820312,1342.8910009765625,0.008605564575990071,-0.2384569951296972,66.28240763763756,16.97122300365686,14.260251944828235,0,2012-03-19
-0.003000518154814724,1403.264013671875,1375.8244995117188,1345.4452001953125,0.00616429188893566,-0.060339676089681826,67.61275880640639,17.31098079315916,14.870397714494421,0,2012-03-20
-0.0018711970276237277,1404.9860107421875,1378.0859985351562,1347.8890014648437,0.006411863368018912,-0.03293119871836503,63.41786060393738,17.17009569977381,15.3303373115503,0,2012-03-21
-0.0072065416718331,1403.022021484375,1379.552001953125,1349.9030029296875,0.006844635796236366,0.0467317179642881,60.24610756508463,16.057550476629103,15.475779944566062,1,2012-03-22
0.003108858515779689,1401.610009765625,1381.1205017089844,1351.9956030273438,0.006832538733018232,-0.07155020999361061,64.63397354992142,15.34831580785385,15.45028711722362,1,2012-03-23
0.013885824750712539,1402.96201171875,1383.56650390625,1354.4158032226562,0.007756251557265149,0.02994572337638024,83.12059701030574,16.165318333350115,15.59329336044892,0,2012-03-26
-0.0028167751776319028,1404.36201171875,1385.5835021972657,1356.884404296875,0.005912545670842964,-0.017699436670906787,78.47843071697159,16.30291005590152,15.735216699539441,0,2012-03-27
-0.00494150905632218,1404.8920166015625,1387.5765014648437,1359.1218041992188,0.006192917552976497,0.10791088443892938,70.04558044992633,15.668114130981394,15.721796185827833,0,2012-03-28
-0.001607929836799582,1406.9920166015625,1389.0360046386718,1361.0266040039062,0.0059522277587987045,-0.015618577887381857,66.85393044451978,14.811927209857686,15.539822390633804,1,2012-03-29
0.0036984360198231148,1409.264013671875,1390.9780029296876,1362.9060034179688,0.0060579559261534684,-0.04047755741127346,68.48303843799835,14.38634101961975,15.309126116430994,1,2012-03-30
0.007504645877610239,1409.77001953125,1393.7135070800782,1364.9792041015626,0.006388318102499521,-0.028524105969990998,63.296171851935156,14.732153975940719,15.19373168833294,0,2012-04-02
-0.003988635996082901,1409.9420166015625,1397.2145080566406,1366.9268041992189,0.0064587456121183145,0.07001100220884049,60.51529777673835,14.38368956013801,15.031723262693955,0,2012-04-03
-0.010202524371008104,1408.6260009765624,1399.531005859375,1368.6130029296876,0.007293024764841232,0.030402214495210744,48.122155902812324,12.796442542887235,14.584667118732613,0,2012-04-04
-0.0006290422223540482,1407.585986328125,1401.139501953125,1370.0534008789064,0.006881575761252554,-0.16112322860937112,46.83565981154766,11.33684471771835,13.935102638529761,0,2012-04-05
-0.011358438273891824,1402.331982421875,1401.7059997558595,1371.328798828125,0.007718882256428088,0.05001604242464608,37.06935076899807,8.797309340193806,12.90754397886257,0,2012-04-09
-0.017081454337735447,1390.2419677734374,1401.0809997558595,1372.1739990234375,0.007261271328285392,0.33518498232909955,31.363656194404996,4.823972998245836,11.290829782739223,1,2012-04-10
0.007448895819775148,1381.307958984375,1399.7190002441407,1373.287998046875,0.008141767641352115,-0.1918699924218381,37.188887760303004,2.4632792012446316,9.525319666440305,1,2012-04-11
0.013779387810288313,1379.0299560546875,1399.38349609375,1374.7911962890626,0.009681946094351341,-0.03333119603317092,48.16739988990917,2.090161477208767,8.038288028593998,0,2012-04-12
-0.012475001040294531,1373.465966796875,1397.7664978027344,1375.7145971679688,0.010316446403786794,0.003559702400035336,41.34597603918714,0.39316363482998895,6.509263149841196,0,2012-04-13
-0.000503600390907244,1370.9399658203124,1396.0364929199218,1376.5951953125,0.010127445910264665,-0.01552671873450906,32.79576002211975,-0.9959213752476899,5.008226244823419,1,2012-04-16
0.015486673802446171,1377.377978515625,1395.0879943847656,1377.5127954101563,0.011275060408708838,-0.033171272078281744,42.92502900001589,-0.38091387681902233,3.930398220494931,0,2012-04-17
-0.004055288780130728,1380.6639892578125,1394.068994140625,1378.3289965820313,0.01127641751812362,0.0020079856489787495,43.302691555196475,-0.34464519471384847,3.0753895374531752,0,2012-04-18
-0.005934396967956612,1378.5340087890625,1392.7704956054688,1378.926396484375,0.011007295857442029,0.20700289332802013,41.67194382888265,-0.9680261386733946,2.2667064022278613,1,2012-04-19
0.0011692656800530443,1380.1880126953124,1392.0579956054687,1379.4977978515626,0.01103833716199478,-0.08294218687948862,40.32198494246886,-1.3169664953413758,1.549971822714014,0,2012-04-20
-0.008407570124922548,1379.66201171875,1390.549493408203,1379.79759765625,0.01077748590256215,-0.04655494453893749,33.2690968846629,-2.499910065255108,0.7399954451201897,1,2012-04-23
0.003679773444691614,1375.9,1388.322491455078,1380.3841967773437,0.00923731366489276,-0.010331449084233002,36.64797081084911,-2.996972803582139,-0.007398204620276062,1,2012-04-24
0.013644592157896263,1377.0099853515626,1387.2309875488281,1381.1625952148438,0.009900490061889202,0.10542423488429953,47.40540457734612,-1.8589248894456887,-0.3777035415853586,1,2012-04-25
0.006680165568110796,1381.62197265625,1386.9529846191406,1382.1521948242187,0.009160015873014895,0.009071060391203645,50.566224430774376,-0.2050218418808072,-0.34316720164444836,1,2012-04-26
0.002414323726029899,1386.5879638671875,1386.956982421875,1383.354794921875,0.00785662354214876,-0.09638139142935043,56.81350256081696,1.3627375944913638,-0.001986242417285926,0,2012-04-27
-0.0038835019016946193,1392.781982421875,1386.4289855957031,1384.1521948242187,0.008066153617179356,-0.019699218010713615,64.33781897429688,2.140755434411176,0.42656209294840647,1,2012-04-30
0.005658384242170911,1399.5519775390626,1385.7679809570313,1385.043994140625,0.006740921379152837,0.0654558884838039,63.7536046066579,3.3569076375531495,1.012631201869355,0,2012-05-01
-0.002496683664631072,1401.8760009765624,1385.2144836425782,1385.84599609375,0.0066255991151489705,-0.0010740687246418856,56.164319224859234,3.9914870388211057,1.6084023692597054,0,2012-05-02
-0.0076588713308223255,1400.193994140625,1384.8449829101562,1386.5241943359374,0.006852011213749533,0.05285420599075685,59.430000594199534,3.586416505095258,2.004005196426816,0,2012-05-03
-0.016147208958519288,1393.3419921875,1383.3959838867188,1386.6369946289062,0.008751716190951891,-0.0074333755315350025,49.82563974363155,1.435706412552463,1.8903454396519455,1,2012-05-04
0.00035058102206497743,1387.6759765625,1382.7649841308594,1386.7137939453125,0.008316734435927097,-0.10458751138324685,40.70497690574439,-0.22739514862837495,1.4667973219958814,0,2012-05-07
-0.004278673417828949,1379.2559814453125,1383.021484375,1386.6363940429687,0.008330086895845785,0.19730347053849107,40.62661255084042,-1.9952667684972312,0.7743845038972589,0,2012-05-08
-0.006702266480503982,1369.7099609375,1382.3149841308593,1386.2843920898438,0.0068198646407533845,0.0063050400429878195,40.30209187815429,-4.0867312657799175,-0.19783865003817638,1,2012-05-09
0.002517410777005402,1362.9939697265625,1380.835986328125,1386.1305908203126,0.006297049350368219,-0.13070881931846268,41.22070332881143,-5.40674509671544,-1.2396199393736294,0,2012-05-10
-0.0033873413051768164,1359.8519775390625,1379.9924865722655,1385.716591796875,0.006000757845465626,0.037843449150883,43.840375034543534,-6.746278257760196,-2.340951603050943,0,2012-05-11
-0.01111286391927968,1353.6059814453124,1378.4314880371094,1385.0909912109375,0.00645649977589391,-0.046768344847728294,35.99165445114589,-8.918664582564134,-3.6564941989535815,0,2012-05-14
-0.005745837446504476,1346.993994140625,1375.42548828125,1384.4175927734375,0.005421208489849709,0.11548431179028884,22.455726065638217,-11.132482076483939,-5.151691774459653,0,2012-05-15
-0.004403818556987793,1341.0380126953125,1372.4084899902343,1384.0463940429688,0.005338044977988406,0.04044199861936204,14.383135434232955,-13.20755179832372,-6.762863779232467,0,2012-05-16
-0.015051375861739213,1330.41201171875,1368.805487060547,1383.0909936523437,0.006103150880839933,0.08967811569892681,9.664161272971938,-16.273465597914537,-8.664984142968882,0,2012-05-17
-0.007387777046316768,1318.7780029296875,1364.6399841308594,1381.6771923828126,0.005093168401246314,-0.032547359935509834,9.343522459154414,-19.259086232250866,-10.78380456082528,1,2012-05-18
0.016035901237667627,1314.306005859375,1362.0924865722657,1380.5795922851562,0.008426543146072801,-0.1608254459309425,17.721904314086018,-19.72190327680505,-12.571424304021235,1,2012-05-21
0.0004863370186602989,1311.5,1359.32548828125,1379.4903930664063,0.008539958703352396,0.0889760348583879,18.564734904026935,-19.80870288930919,-14.018880021078827,1,2012-05-22
0.0016937032123527374,1310.3119873046876,1355.7339904785156,1377.94859375,0.008599947059863678,-0.003722403290264964,21.54654855487574,-19.473077900011276,-15.109719596865318,1,2012-05-23
0.001380031526917458,1313.4760009765625,1351.768994140625,1376.4765942382812,0.008531473072883948,-0.04153999313589707,27.39923968238051,-18.84301779254838,-15.856379236001931,0,2012-05-24
-0.002165632329979128,1317.99599609375,1347.4919921875,1374.7809936523438,0.008530068510551521,-0.27046705285105155,26.365345040166062,-18.362802428132454,-16.357663874428038,1,2012-05-25
0.011078977592776207,1321.2820068359374,1344.2174926757812,1373.3459936523439,0.008953340060432385,0.19806729651263977,36.76427926184024,-16.612622458611213,-16.408655591264676,0,2012-05-29
-0.014334892170861036,1320.6199951171875,1339.5924926757812,1371.417392578125,0.009885737144037166,0.026920305435780723,33.90800767078835,-16.575735714799748,-16.44207161597169,0,2012-05-30
-0.0022766655169013106,1318.9139892578125,1334.9934875488282,1369.5135913085937,0.009833485235431231,0.28954330289817753,31.35080346625881,-16.59645631068338,-16.47294855491403,0,2012-05-31
-0.024642584749729912,1310.385986328125,1329.3169921875,1367.016591796875,0.011650321343809774,0.024514988085887035,25.76708937487291,-18.999390824662214,-16.97823700886367,1,2012-06-01
0.00010955419561042845,1302.4580078125,1324.77099609375,1364.7245922851562,0.011506374067429617,-0.14078833242314237,28.59792697160006,-20.65434529158324,-17.713458665407583,1,2012-06-04
0.005726850663809513,1293.0739990234374,1320.5669982910156,1362.492392578125,0.010168236533493443,-0.15172883079592014,33.894460789136645,-21.131657545552343,-18.397098441436537,1,2012-06-05
0.023049400920118535,1293.4360107421876,1318.1375,1360.4647924804688,0.012970930386446335,0.254208501923173,47.05128252850374,-18.901156414328852,-18.497910036015,0,2012-06-06
-0.00010646449242102118,1294.368017578125,1316.1580017089843,1358.5141918945312,0.012956708662853568,-0.0023943622374870133,53.51320824051284,-16.949384258809005,-18.188204880573803,1,2012-06-07
0.008114163624478143,1303.8920166015625,1314.54150390625,1356.916591796875,0.013221300176131885,-0.17870478659696487,60.48209261013837,-14.37589106715086,-17.425742117889214,0,2012-06-08
-0.012620113782869202,1310.0420166015624,1312.318505859375,1355.0295922851562,0.013849957621694765,0.01153497522296476,47.499318998430454,-13.530378990656345,-16.64666949244264,1,2012-06-11
0.011650737147309576,1317.77802734375,1311.610009765625,1353.3437939453124,0.013904555827667388,-0.026744649515339836,52.42345639345804,-11.497224184392508,-15.616780430832614,0,2012-06-12
-0.007023250955987548,1317.72802734375,1310.8210083007812,1351.2605932617187,0.013276190868707988,0.018469787273593274,48.77795002653697,-10.515158368801167,-14.596456018426325,1,2012-06-13
0.010814652782245693,1320.5500244140626,1311.0360046386718,1349.5749926757812,0.013645357457081307,0.05167816432863437,52.4023940349743,-8.491546082617788,-13.375474031264618,1,2012-06-14
0.010337815429059649,1323.9860107421875,1312.9350036621095,1348.4525927734376,0.010260826770638318,0.1935748918030653,56.721471034225836,-5.713257508277593,-11.843030726667214,1,2012-06-15
0.0014447466011910937,1331.156005859375,1315.4130065917968,1347.3865942382813,0.0101985398820498,-0.2594846838741631,53.56277511726021,-3.316664444686694,-10.137757470271112,1,2012-06-18
0.009815695418065262,1337.9159912109376,1317.5125061035155,1346.9021948242187,0.01030613185141951,0.17055742875288016,63.326584834746775,-0.34820751283837126,-8.179847478784565,0,2012-06-19
-0.0016863570122068738,1346.077978515625,1319.4655029296875,1346.8441943359376,0.008437912792146618,-0.03136016354987092,63.59222981351465,1.7987936055651517,-6.1841192619146215,0,2012-06-20
-0.022261677039013494,1345.3599853515625,1319.7980041503906,1345.9801953125,0.011659466265207554,0.10790107422139239,64.40666789169195,1.0529020021497217,-4.736715009101753,1,2012-06-21
0.007174604262178752,1343.79599609375,1320.5150024414063,1344.9291967773438,0.011598126711368704,0.2874657770114324,66.322067371429,1.2151483682171147,-3.54634233363798,0,2012-06-22
-0.015954853497705423,1337.583984375,1320.3100036621095,1343.7983959960939,0.012064304423653404,-0.3357058440782398,57.501317398222874,-0.3707325719306027,-2.9112203812965047,1,2012-06-25
0.004772721486371312,1329.985986328125,1319.6885009765624,1342.806796875,0.011538184007613105,-0.02538108754876034,51.4750461449771,-1.1088345131781807,-2.55074320767284,1,2012-06-26
0.008984905521485453,1325.2179931640626,1320.6150024414062,1341.6281958007812,0.011605356289366072,-0.03692710683457667,54.7772802392981,-0.7283875215732678,-2.1862720704529255,0,2012-06-27
-0.002109799583246086,1325.9239990234375,1321.5505065917969,1340.5061962890625,0.011143985912644374,0.20762965825045399,51.002374072435636,-0.646170284759819,-1.8782517133143042,1,2012-06-28
0.02492023877666627,1331.352001953125,1325.7565063476563,1340.21099609375,0.01337106662235405,0.1564757127705405,64.38725965694407,2.067659585735555,-1.0890694535043324,1,2012-06-29
0.0024593113157624913,1341.710009765625,1330.1230041503907,1339.950595703125,0.013374365022289933,-0.28076148899461495,61.93886539257648,4.43755101721581,0.01625464063969617,1,2012-07-02
0.0062321108631679945,1352.516015625,1334.549005126953,1340.092197265625,0.013176661276022615,-0.3589902018687626,67.16193841787455,6.922594359169352,1.3975225843456276,0,2012-07-03
-0.0046870230309741245,1359.66201171875,1337.1715026855468,1340.0043969726562,0.01328476152494353,0.4371264275487978,61.69461946892149,8.276938416881194,2.773405750852741,0,2012-07-05
-0.00943264946713962,1364.7900146484376,1339.156005859375,1339.28419921875,0.011258797576391175,-0.09744469870327999,53.616841653080925,8.214658065252252,3.8616562137326436,0,2012-07-06
-0.0016388318166757898,1362.85,1340.4960021972656,1338.333798828125,0.01117388217589133,0.0581828249196763,52.34201435420948,7.895147163214688,4.668354403629053,0,2012-07-09
-0.008125926498228409,1358.0419921875,1342.122998046875,1337.0959985351562,0.010043431098005026,0.19475637380114708,44.89644211263524,6.67815054419566,5.0703136317423745,0,2012-07-10
-1.4923577632885987e-05,1351.527978515625,1342.9864929199218,1335.966796875,0.01001793397171655,-0.012767244856797144,45.53549285856436,5.646961885272503,5.1856432824484004,0,2012-07-11
-0.004987097282612596,1344.9639892578125,1343.9804931640624,1334.5455981445311,0.009855645929544648,0.06658805880412921,53.400985610800426,4.24102716128391,4.9967200582155025,1,2012-07-12
0.01649736234989274,1345.383984375,1345.3644958496093,1333.6349975585938,0.011043146706039775,-0.12081468022460351,57.326602614688554,4.847763312660163,4.966928709104435,0,2012-07-13
-0.002314313728559836,1345.6199951171875,1345.9044982910157,1332.8763989257814,0.007625417388612309,-0.10900019608270328,65.31381556457768,5.0173957292456635,4.977022113132681,1,2012-07-16
0.007409672577889825,1350.060009765625,1346.8489990234375,1332.7678002929688,0.007997774944046531,0.24590599150458314,66.28637645908641,5.893236618010633,5.160265014108272,1,2012-07-17
0.006680490923747229,1356.326025390625,1347.5890014648437,1332.8318017578124,0.008038411168447777,0.021294312918456404,65.58053342924242,7.23899983106503,5.576011977499624,1,2012-07-18
0.002717099891568653,1364.676025390625,1348.6300048828125,1333.0876025390626,0.00790488548319729,0.11001117324570431,67.94434251667657,8.508425293716527,6.162494640743005,0,2012-07-19
-0.010061659913606968,1365.8520263671876,1350.4875061035157,1333.2492041015626,0.007996261603410031,-0.029267737723081777,50.2212389380531,8.301185933739589,6.590232899342323,0,2012-07-20
-0.00890905606969361,1365.22802734375,1351.2625061035155,1333.0998046875,0.00853633625893198,-0.05295259641989081,43.845970347918815,7.075784287343822,6.687343176942623,0,2012-07-23
-0.009040932945028057,1360.1560302734374,1352.492010498047,1332.7982055664063,0.008636116438089637,0.04683927062988613,35.77178910014844,5.061062076067174,6.362086956767533,0,2012-07-24
-0.000313861457302278,1353.17802734375,1353.38701171875,1332.7890063476561,0.00863591301516356,-0.04423211839775498,37.57430790703567,3.3913923128930037,5.767948027992627,1,2012-07-25
0.016540974699349675,1349.880029296875,1354.7955139160156,1333.3762060546876,0.009908451882782488,0.19093776299550713,52.074577615143916,3.809954656466516,5.376349353687406,1,2012-07-26
0.01908056557933535,1354.5420166015624,1357.6420104980468,1334.5996044921876,0.010354344274344836,-0.00683855236719122,60.9919388551028,6.164551404812073,5.53398976391234,0,2012-07-27
-0.0004833595887074882,1361.4980224609376,1358.7990112304688,1336.2084057617187,0.010281998470096627,-0.2698220736029243,65.42119495191399,7.885628577677608,6.004317526665393,0,2012-07-30
-0.0043168283608459035,1369.7,1359.4895080566407,1337.8904052734374,0.010311007843540176,0.18975672932635135,62.78787359159893,8.667140934183408,6.536882208168997,0,2012-07-31
-0.0028999798130677767,1377.185986328125,1359.5545043945312,1339.0770043945313,0.010188464411759354,0.1620668992063472,63.94962689543584,8.861577784047768,7.0018213233447515,0,2012-08-01
-0.0075036694675360005,1378.181982421875,1359.4255065917969,1340.044404296875,0.010421384664492632,-0.05565963809300778,53.07449689801718,8.089684127303599,7.2193938841365215,1,2012-08-02
0.01904028588598905,1379.185986328125,1361.2410034179688,1341.4870043945311,0.011547375856311586,-0.10553110111737973,61.93061960098043,9.46600958157319,7.668717023623856,1,2012-08-03
0.0023292692665812798,1380.97197265625,1363.3295043945313,1342.9580029296876,0.010882523693603319,-0.1677130068751883,60.204342002610325,10.694913251545586,8.273956269208202,1,2012-08-06
0.005106758007594747,1385.377978515625,1366.323504638672,1344.628603515625,0.009991217228967019,0.17951025768325302,59.668348525695095,12.10382698236458,9.039930411839478,1,2012-08-07
0.0006208264404641284,1390.7579833984375,1369.3620056152345,1346.0246020507811,0.009943796314907995,-0.12510556715700516,58.87224101006119,13.139142741131081,9.8597728776978,1,2012-08-08
0.0004136855394443195,1398.3179931640625,1372.7640075683594,1347.8142041015626,0.00909045429671374,-0.03171528870596785,65.24844861629836,13.846827784425386,10.657183859043318,1,2012-08-09
0.002188441817939202,1401.293994140625,1375.218505859375,1349.7250048828125,0.00716437662445631,-0.1127160125784954,72.5826228747252,14.488379271211443,11.423422941476943,0,2012-08-10
-0.0012519007957618733,1403.2699951171876,1377.7420043945312,1352.2464038085936,0.0071914861106512394,-0.09681789608306424,79.34876944168882,14.685509950253618,12.07584034323228,0,2012-08-13
-0.00012814640056846294,1403.7860107421875,1379.7550048828125,1354.7614038085937,0.006940898492912084,0.17236468945875782,79.5190951988092,14.658247303524604,12.592321735290746,1,2012-08-14
0.0011396405267545262,1404.4480224609374,1381.3925048828125,1357.1620043945313,0.0067525079355931494,-0.09387901327237369,74.91519352450098,14.597475506777073,12.993352489588013,1,2012-08-15
0.007100510313353237,1406.9900146484374,1383.3425048828126,1359.1696044921875,0.0059537452688067875,0.17258778122940788,69.59931837472544,15.179633076556001,13.430608606981611,1,2012-08-16
0.0018721339981915275,1409.4480224609374,1386.1175048828125,1361.2330053710937,0.00249561760732818,-0.06136925596480525,71.24385820644633,15.67415012207357,13.879316910000004,0,2012-08-17
-2.1174829462955458e-05,1412.2520263671875,1389.4980041503907,1363.0824047851563,0.0025645240970389063,-0.053599225450651544,77.18176004486804,15.880573958872901,14.279568319774583,0,2012-08-20
-0.003497536135912971,1414.1000244140625,1393.2410034179688,1365.1672045898438,0.0027338661259374178,0.18675713583388753,76.15768783006294,15.465660434754227,14.516786742770513,1,2012-08-21
0.0002264032488046297,1415.6920166015625,1397.0210021972657,1366.9534033203124,0.002740275749677414,-0.06709209704686336,88.88540830510797,14.989861674703207,14.611401729157052,0,2012-08-22
-0.008072242646582573,1413.006005859375,1399.1239990234376,1368.69740234375,0.003930220981548984,-0.017778488844773732,61.60769272048471,13.53605807714166,14.396332998753975,1,2012-08-23
0.006454730908207917,1411.6,1400.3820007324218,1370.3380029296875,0.004402683780495795,-0.13610948594527028,65.7708457214981,12.964722309476429,14.110010860898466,0,2012-08-24
-0.0004890148137838279,1410.0619873046876,1401.6389953613282,1371.6900024414062,0.00437776054840397,-0.048595692610791996,59.63940733146409,12.314300649391953,13.750868818597164,0,2012-08-27
-0.0008081822874276279,1409.28798828125,1403.1380004882812,1372.9804028320314,0.004393141286632919,0.06333265925176956,57.465299229787064,11.573445517459731,13.315384158369678,1,2012-08-28
0.0008443492265819419,1408.68798828125,1404.896502685547,1374.0306030273437,0.004388536544473218,-0.022011418399522253,58.00538809535912,10.956036446302278,12.843514615956199,0,2012-08-29
-0.00780580496271055,1408.1679931640624,1406.6205017089844,1374.9064038085937,0.00437656751501049,-0.015922402594877094,44.291556253475974,9.469164897040173,12.168644672172995,1,2012-08-30
0.0050732955705157234,1407.2579833984375,1407.4,1376.527802734375,0.004723817529045162,0.16123512022384867,52.01433549029368,8.762706152798046,11.487456968298005,0,2012-08-31
-0.0011659590635981765,1406.1579833984374,1407.935498046875,1377.926201171875,0.004716455606149558,0.08918914319748139,50.804436311164096,7.978525556119848,10.785670685862375,0,2012-09-04
-0.0010676612969652277,1404.9859619140625,1408.0399963378907,1379.7206005859375,0.004630954827638614,0.058994284928647556,48.332463302895256,7.1535575609318585,10.059248060876271,1,2012-09-05
0.020435540463669577,1409.311962890625,1409.5349975585937,1381.9632006835936,0.008146273922689896,0.16634455653549152,60.20645591021673,8.71356062356972,9.790110573414962,1,2012-09-06
0.0040499740579702515,1416.9999755859376,1411.290997314453,1384.0846020507813,0.007463370879348368,-0.059513720410739546,61.6895440128945,10.299167366927577,9.891921932117485,0,2012-09-07
-0.006147829935223559,1421.4999755859376,1412.4514953613282,1386.085400390625,0.007788122137335992,-0.13286726454021658,55.86624986920582,10.718890227378324,10.057315591169653,1,2012-09-10
0.0031349558295050706,1427.2239990234375,1413.9239990234375,1387.5134008789062,0.007780357826127978,0.08870635021574791,60.980057294686375,11.282967426262076,10.302445958188137,1,2012-09-11
0.002092692232889659,1433.8480224609375,1415.5554992675782,1388.9344018554686,0.007732275499532701,0.037488282240577986,62.074742136307414,11.83564366554424,10.609085499659358,1,2012-09-12
0.01630974737217783,1439.422021484375,1418.278497314453,1390.6538012695312,0.008940105544775164,0.26511864220586623,76.92233480241212,14.002827360922765,11.28783387191204,1,2012-09-13
0.003958951318527193,1444.9920166015625,1420.7914978027343,1392.6176025390625,0.008014515174693001,0.09452627237303401,76.19866481399757,16.002271882569175,12.230721474043468,0,2012-09-14
-0.003124690820504483,1451.414013671875,1422.9429931640625,1394.7478002929688,0.008379358436604513,-0.30931437785477556,73.45840903704874,17.0210638153967,13.188789942314116,0,2012-09-17
-0.0012797755200721905,1456.5659912109375,1425.002490234375,1396.885,0.008386998759540562,-0.030162846058642945,72.96592016015944,17.47611698629339,14.046255351109972,1,2012-09-18
0.001185553958514829,1461.4639892578125,1427.3964904785157,1399.2766015625,0.008270067499707505,0.021901527510888696,73.09935128093016,17.771495975310927,14.791303475950164,0,2012-09-19
-0.0005407337436069692,1461.5179931640625,1429.7349914550782,1401.652802734375,0.006005715735561337,-0.019945760511798194,80.62877853973971,17.7373710303782,15.380516986835772,0,2012-09-20
-7.531901909729743e-05,1460.393994140625,1432.638494873047,1404.1606030273438,0.005988158410215018,0.42907359010441914,79.04141607725212,17.499725919774846,15.804358773423587,0,2012-09-21
-0.002232653981520283,1459.5340087890625,1434.926495361328,1406.162802734375,0.005540064019214565,-0.37753394278290475,77.67704660240393,16.854051895465773,16.014297397832024,0,2012-09-24
-0.0105018557847808,1455.9880126953126,1436.4839965820313,1407.9218017578125,0.006758408158356207,0.24293766534171723,67.71938816586969,14.935596250296612,15.798557168324942,0,2012-09-25
-0.0057367349435899495,1450.4419921875,1437.684991455078,1409.3147998046875,0.0070123302394276684,-0.04666434931415275,50.68772615206374,12.602609827795959,15.159367700219146,1,2012-09-26
0.009648981834660786,1447.8199951171875,1439.5179931640625,1410.8021997070311,0.0054006081241865555,-0.11641115393029633,54.84409114671422,11.734406072813272,14.474375374737972,0,2012-09-27
-0.004477753072888002,1443.9239990234375,1441.5774963378906,1412.085400390625,0.0052183579163771,0.11392457298124326,56.237239233657675,10.403542511455953,13.66020880208157,1,2012-09-28
0.002651506710448004,1441.443994140625,1443.472998046875,1413.7219995117186,0.0053624899948854065,-0.001182595612142845,55.92406651193441,9.547009311098918,12.83756890388504,1,2012-10-01
0.0008722869484341089,1442.2760009765625,1445.5135009765625,1415.6265991210937,0.005399131357268046,-0.05229267234984647,55.07674048498908,8.867652063506057,12.043585535809244,1,2012-10-02
0.0036244096381636837,1445.810009765625,1447.8910034179687,1417.8801977539063,0.005557600929830671,0.0631737707681701,43.777681754348066,8.65234116669808,11.365336661987012,1,2012-10-03
0.007174435557619541,1448.660009765625,1449.3550048828124,1420.3503979492189,0.0060887249824448705,0.023847277751979146,47.16050871145362,9.215478191604916,10.935364967910594,0,2012-10-04
-0.00032158936312698394,1452.71201171875,1450.5055053710937,1422.3685986328126,0.006089987115778115,-0.12249368061816557,49.82160423792582,9.514172178486433,10.651126410025762,0,2012-10-05
-0.0034567355331607263,1454.9900146484374,1451.8455078125,1423.7667993164061,0.006153387064221155,-0.26606869338846617,47.73748390225417,9.236915171338296,10.368284162288269,0,2012-10-08
-0.00989094181235195,1454.1360107421874,1452.24150390625,1424.8903979492188,0.006040105703170361,0.38115359510804225,38.96717362879362,7.765707133603655,9.847768756551346,0,2012-10-09
-0.006188030354815854,1450.4500244140625,1452.04150390625,1425.9552001953125,0.006089289759303508,0.0027173913043478937,35.6951396331085,5.812992457217888,9.040813496684654,1,2012-10-10
0.00019538952303133073,1444.7380126953126,1450.6840026855468,1427.1056005859375,0.005066515250481398,0.13875090695987047,35.92119736905035,4.239171649550599,8.080485127257843,0,2012-10-11
-0.0029661372528556607,1438.2699951171876,1448.825,1428.3773999023438,0.004972293272745627,-0.1464354370544637,35.5582494032283,2.6187801717537695,6.988144136157029,1,2012-10-12
0.008077922524027725,1435.1199951171875,1447.7720031738281,1429.3602001953125,0.005645103742249944,0.11135178243879107,49.22523806439075,2.2399719571351397,6.038509700352652,1,2012-10-15
0.010269933278491461,1437.8080078125,1447.5520080566407,1430.5740014648438,0.006566708814697338,0.02438709344080192,60.720716572433965,3.097490324375258,5.450305825157173,1,2012-10-16
0.004117058019306619,1443.4780029296876,1447.5450073242187,1431.7652026367186,0.006593281530755936,0.024252053228423165,57.40582574280324,4.2118701427684755,5.202618688679434,0,2012-10-17
-0.0024437290975140025,1448.3780029296875,1447.3990051269532,1432.8676025390625,0.0062358979188062375,0.06147478196163392,59.26209783531697,4.752169445972413,5.1125288401380296,0,2012-10-18
-0.016571304555192734,1449.297998046875,1446.0510009765626,1433.475400390625,0.008093928104935876,-0.0012525676347863168,44.87851621369816,3.194827414643214,4.7289885550390665,1,2012-10-19
0.00043958226653084687,1448.035986328125,1444.8974975585938,1434.0343994140626,0.00810367114516082,-0.17004415290167918,44.56192596994595,1.9885361566507527,4.180898075361404,0,2012-10-22
-0.01444390628760639,1439.673974609375,1443.4734985351563,1434.2143994140624,0.008731331961939707,0.11549272126906751,34.86737194860876,-0.6313018684902545,3.2184580865910726,0,2012-10-23
-0.0030853828766044256,1429.2419677734374,1442.2450012207032,1434.3107983398438,0.008618450337107514,-0.05622033241630364,27.898568176856955,-3.024492293799767,1.9698680105129047,1,2012-10-24
0.002995542646406335,1420.36796875,1440.5359985351563,1434.4595971679687,0.008729519606950484,0.03741025466852932,30.481813150727945,-4.528396049062849,0.6702151985977541,0,2012-10-25
-0.0007289817322603254,1416.11796875,1439.0994934082032,1434.3881958007812,0.008712464230052534,-0.0648315796665756,31.51292657598016,-5.737230148247136,-0.6112738707712237,1,2012-10-26
0.00015587969925845435,1411.785986328125,1437.4829956054687,1434.2681958007813,0.00812156927088702,0.08895220873631238,35.99276862516402,-6.6013835927667515,-1.8092958151703293,1,2012-10-31
0.010926475234507071,1414.681982421875,1436.5749938964843,1434.4573950195313,0.008233035416358734,0.09862151289728294,47.76464387480029,-5.972319709388785,-2.6419005940140203,0,2012-11-01
-0.009379454163327194,1415.77197265625,1434.7354919433594,1434.4779931640626,0.008249865929815971,-0.050232958174401876,42.50080787503818,-6.479552083718545,-3.4094308919549254,1,2012-11-02
0.002163809008205897,1416.62998046875,1432.5284912109375,1434.5533935546875,0.008424453901880982,-0.21739969135802473,45.39770219813458,-6.559008077965927,-4.039346329157126,1,2012-11-05
0.007853184882181896,1419.9199951171875,1430.9014892578125,1435.0795947265624,0.007458193289525282,0.13212075151315972,45.21520483663616,-5.6586497571322525,-4.363207014752152,0,2012-11-06
-0.023705000038029778,1416.393994140625,1427.8339904785157,1434.7475952148438,0.01048318331460483,0.3173660480742191,28.698425875611548,-7.589836231736172,-5.008532858148956,0,2012-11-07
-0.01220484261628385,1406.3780029296875,1424.6354919433593,1434.0889965820313,0.01022581989311899,-0.1324391884292171,22.705870603040168,-10.374102563542692,-6.081646799227704,1,2012-11-08
0.001698692425988746,1399.5080078125,1421.9999877929688,1433.4999951171876,0.010307023123041702,-0.03497004910676493,24.434191597570035,-12.250620478140718,-7.315441535010307,1,2012-11-09
0.00013048788935265954,1392.06201171875,1419.3594909667968,1432.8907958984375,0.010191207849425215,-0.2960532989704854,29.166060684925213,-13.566855351917411,-8.565724298391729,0,2012-11-12
-0.0039854205221913075,1381.2900146484376,1416.656494140625,1432.391796875,0.010187138453075614,0.3458602397625743,27.618012757239185,-14.882231901435716,-9.829025819000526,0,2012-11-13
-0.013852035718884714,1373.4820068359375,1412.424493408203,1431.3699975585937,0.01071043882916442,0.18924917885720083,27.97066507615152,-17.26206300474564,-11.31563325614955,0,2012-11-14
-0.0015935449138314572,1368.64599609375,1407.344989013672,1430.3377978515625,0.009421317995999962,-0.04395657876486492,28.449230962026107,-19.10219479512307,-12.872945563944254,1,2012-11-15
0.00483994963594836,1364.652001953125,1402.2934875488281,1429.4665991210939,0.009800513625691624,0.029789735980065624,29.72276642388175,-19.80369364408557,-14.259095179972519,1,2012-11-16
0.019862053761098286,1366.0239990234375,1398.7709899902343,1428.5619995117188,0.012291691269425151,-0.1658736847829042,42.016736108679666,-17.97297323226462,-15.00187079043094,1,2012-11-19
0.0006633863793055195,1368.6800048828125,1396.5019958496093,1427.5597998046876,0.01184733795689662,-0.04967405475880049,42.27427401994921,-16.26043409651379,-15.253583451647511,1,2012-11-20
0.002320181125065268,1375.7880126953125,1394.3625,1426.7988012695312,0.009342033639477594,-0.16839509098392347,37.42609922289255,-14.476533303336964,-15.098173421985402,1,2012-11-21
0.013026314842639719,1386.9520263671875,1394.164501953125,1426.3106005859374,0.009148353957315452,-0.43572957792950373,48.317927174285174,-11.468445797302138,-14.37222789704875,0,2012-11-23
-0.0020295818770267315,1396.234033203125,1394.04150390625,1425.7052001953125,0.009251469535457248,0.9594939400382734,46.34115160121947,-9.209134522358909,-13.339609222110782,0,2012-11-26
-0.0052265872985560735,1398.6440185546876,1393.3400024414063,1424.48419921875,0.009519007308411901,0.12687862839780806,39.923348027189064,-7.920404025710013,-12.255768182830629,1,2012-11-27
0.007856028682432292,1403.068017578125,1393.2395080566407,1423.3673999023438,0.00951081564557197,0.01087231276631595,56.24694849908244,-5.943749760147057,-10.993364498293914,1,2012-11-28
0.004269642628790704,1408.052001953125,1393.42900390625,1422.4626000976561,0.0075561917005812955,-0.0007144451886581527,67.12090435781113,-3.8471342302991616,-9.564118444694964,1,2012-11-29
0.00016250753698754394,1409.4580078125,1392.8585083007813,1421.5998022460938,0.007420646546706244,0.18146476607533857,66.4911254144724,-2.142288991771693,-8.07975255411031,0,2012-11-30
-0.004745224843287543,1410.0919921875,1392.6215087890625,1420.5680004882813,0.007980469839142414,-0.22484114977307113,62.61025935007657,-1.3182462598460916,-6.727451295257467,0,2012-12-03
-0.0017098123935156417,1411.714013671875,1392.1110107421875,1419.5038012695313,0.005687032473883962,0.05641320894648505,64.31334581254956,-0.8498496864660865,-5.551930973499191,1,2012-12-04
0.0015848622233496368,1411.5840087890624,1391.1555114746093,1418.4864013671875,0.005680175597560942,0.3098213818352007,77.7869003387539,-0.29529723760470006,-4.500604226320293,1,2012-12-05
0.0033065906083264984,1411.1820068359375,1392.1260070800781,1417.6273999023438,0.005703537314911174,-0.24077086546056348,80.52164719044487,0.514277267950547,-3.4976279274661253,1,2012-12-06
0.0029209195962771606,1411.5599853515625,1394.15400390625,1417.1569995117188,0.004146554210464351,-0.03236833142397122,80.03503200766167,1.4721576573367656,-2.503670810505547,1,2012-12-07
0.0003385605486661003,1413.3780029296875,1396.0890075683594,1416.8616015625,0.004043563354940222,-0.04023154014514452,72.50493295177074,2.2441557984925566,-1.5541054887059265,1,2012-12-10
0.0065488820784729285,1417.535986328125,1398.4795043945312,1416.475400390625,0.0037746730624098586,0.21697455849944824,75.42870347537891,3.564499221299002,-0.5303845467049407,1,2012-12-11
0.0004482397633895907,1421.3759765625,1401.177001953125,1416.2315991210937,0.003191140006782238,0.016114053087065816,74.59601255816489,4.609390544782855,0.49757047159261836,0,2012-12-12
-0.0063214251654488685,1422.477978515625,1404.375,1415.7307983398437,0.003800084434929743,-0.09681454819967372,57.68190781747037,4.655164708505026,1.3290893189750999,0,2012-12-13
-0.004135401260425775,1421.57998046875,1407.3875,1415.0873974609376,0.004046561975470513,-0.04172885646395774,55.2033541807891,4.169715628471749,1.8972145808744298,1,2012-12-14
0.011870590853387819,1423.9419677734375,1410.9114990234375,1414.6747973632812,0.005207031935505551,0.07645701006488759,69.7659810075549,5.080437738983164,2.5338592124961767,1,2012-12-17
0.011486656421599406,1427.731982421875,1413.9065002441407,1414.38259765625,0.005929445950791962,0.24500160608401989,71.7027592303767,7.046729286963,3.4364332273895415,0,2012-12-18
-0.007589201039747917,1429.197998046875,1416.3065002441406,1413.8801977539063,0.006786886883059781,-0.10051508051619618,61.048108238783755,7.631070612950452,4.275360704501724,1,2012-12-19
0.00548810949285139,1434.04599609375,1418.9394958496093,1413.636396484375,0.006872096773201309,-0.047346116078350264,64.10330865557316,8.630518763790178,5.146392316359415,0,2012-12-20
-0.009378687628036508,1437.360009765625,1419.9894958496093,1413.4097973632813,0.007754047975167165,0.418431174693076,59.91380772618746,8.235101358219026,5.764134124731338,0,2012-12-21
-0.002440296594621194,1436.62001953125,1421.0079956054688,1413.291796875,0.007824903792580764,-0.7611547552570586,59.30001933584275,7.553050308283218,6.121917361441714,0,2012-12-24
-0.00478746019469678,1431.2280029296876,1422.0524963378907,1413.0315966796875,0.007686895410606835,0.8295461824237766,54.79411781021006,6.387755643139371,6.175085017781246,0,2012-12-26
-0.001218442012279497,1427.685986328125,1422.4609924316405,1412.821796875,0.007681253086015305,0.23857454825538404,51.94212657702684,5.26397641632434,5.992863297489865,0,2012-12-27
-0.011049941573072375,1419.4340087890625,1421.7849975585937,1412.0677978515625,0.008194006306896016,-0.14257043721600748,43.40867045718789,3.073512013078016,5.408993040607495,1,2012-12-28
0.016941941334216226,1418.6419921875,1422.2854919433594,1411.4931958007812,0.009884482657598578,0.32045840407470294,52.69162553780043,3.2176860772481177,4.97073164793562,1,2012-12-31
0.025403420320955883,1425.793994140625,1424.93349609375,1411.5233959960938,0.012202923256686989,0.3115378253800327,60.239282874286125,6.184124807822172,5.213410279912931,0,2013-01-02
-0.0020856174946130013,1433.702001953125,1427.549493408203,1411.5639965820312,0.011814443762290664,-0.08872364726597826,59.01793458931765,8.194474621181598,5.809623148166665,1,2013-01-03
0.004865096315322948,1443.3760009765624,1430.4089904785155,1412.2295971679687,0.01146815527026581,-0.10586647100448332,63.88333025766418,10.242530508917525,6.696204620316838,0,2013-01-04
-0.0031231161538831653,1455.2679931640625,1432.806494140625,1412.7909985351562,0.011514844672058428,-0.034845179584673036,64.37373244306526,11.365056086012828,7.629974913456036,0,2013-01-07
-0.003242371304872038,1461.460009765625,1434.760498046875,1413.6717993164064,0.011035309113205452,0.08975270577342598,58.58601349574972,11.736892504231264,8.451358431611082,1,2013-01-08
0.002655865938542279,1461.1800048828125,1436.8839965820312,1414.7171997070313,0.010928404486911542,0.02021046201688148,54.959919669145805,12.203181131793599,9.201722971647586,1,2013-01-09
0.007597415119266371,1463.7300048828124,1439.097998046875,1415.9002001953124,0.01071859798323105,0.1108891543902526,62.64540358448904,13.314907526262914,10.024359882570652,0,2013-01-10
-4.7513986152325494e-05,1464.8460205078125,1441.2765014648437,1417.10240234375,0.010665472117450465,-0.1815823256178586,60.44496036484484,14.02860163532364,10.82520823312125,0,2013-01-11
-0.0009306715612543703,1466.6040283203124,1443.8380065917968,1418.272802734375,0.009519342016436701,-0.10107015101851435,66.39699026517906,14.318606222700055,11.523887831037012,1,2013-01-14
0.0011286697641588184,1469.6420166015625,1446.7760070800782,1419.167802734375,0.008542155408323083,0.044069117318956685,68.75822091400524,14.515057435521157,12.122121751933841,1,2013-01-15
0.00019699191031485874,1471.964013671875,1448.8895080566406,1420.3364038085938,0.0035011199434214044,0.07933085620425162,72.91276433444929,14.52669546268271,12.603036494083616,1,2013-01-16
0.005642922184040833,1473.7280029296876,1450.5970031738282,1421.6100024414063,0.0036666295924317784,0.09533758067185172,75.79644070905196,15.033168107340543,13.089062816735002,1,2013-01-17
0.0034032703971196288,1476.5139892578125,1453.1054992675781,1422.7618017578125,0.0035434975035566136,0.024018604099052876,87.5776186089208,15.66071340250187,13.603392933888376,1,2013-01-18
0.004428106846314561,1480.889990234375,1455.549005126953,1424.72240234375,0.0032846662800396927,-0.05922165374867616,85.30701355644275,16.49881679298437,14.182477705707576,1,2013-01-22
0.001507477027169024,1485.3840087890626,1458.7820068359374,1427.0684033203124,0.002724666817963065,-0.00530391072403702,76.98723151498878,17.146916978769923,14.775365560320047,1,2013-01-23
6.614683421224399e-06,1489.8219970703126,1462.1900024414062,1429.367802734375,0.002840456965195864,0.041503261533610614,81.11297289884635,17.460070080321657,15.31230646432037,1,2013-01-24
0.005445481690718124,1494.2260009765625,1466.346502685547,1431.8264013671876,0.002448432921492413,-0.06031740024814636,81.45159253897175,18.15578869217825,15.881002909891947,0,2013-01-25
-0.0018496216125600817,1497.066015625,1470.450506591797,1434.3394018554689,0.0026778420575895774,-0.025242427990760263,84.05998219210807,18.272204820805428,16.359243292074645,1,2013-01-28
0.005105995170664235,1500.1219970703125,1475.7210021972655,1437.3864013671875,0.0026496157882303006,0.1655875391761643,92.86339519808419,18.76623090385874,16.840640814431467,0,2013-01-29
-0.0038996213232838084,1501.5519775390626,1479.509503173828,1440.3590014648437,0.0033291041143806723,-0.05641780010330055,83.48068107400131,18.470367976523903,17.166586246849956,0,2013-01-30
-0.0025633010773032927,1502.2099853515624,1481.2940002441405,1443.1236010742186,0.0035986190020364955,0.07327177935016804,74.11408404762336,17.720957454218023,17.27746048832357,1,2013-01-31
0.010052705569688847,1504.252001953125,1483.9840026855468,1445.6492016601562,0.004328541897458078,-0.04089122673680212,79.84911291365906,18.13323642052569,17.448615674763996,0,2013-02-01
-0.011538744820964397,1503.3579833984375,1485.4460021972657,1447.8071997070313,0.006078384954698273,-0.11634065979897401,64.72869943238712,16.856773303243017,17.3302472004598,1,2013-02-04
0.010416510240551347,1504.047998046875,1487.9160034179688,1450.2123999023438,0.006747935883822855,0.06736283185840719,69.6936330632867,16.907450616731012,17.245687883714044,1,2013-02-05
0.0005491705981217621,1506.0800048828125,1490.664501953125,1452.2717993164063,0.006750966593608558,-0.0018765407532694844,69.85820043460646,16.820684885316496,17.160687284034534,0,2013-02-06
-0.0018053993582290984,1508.3360107421875,1493.0830017089843,1454.333798828125,0.006809799104534406,0.000833432551494262,65.15720865379237,16.343241099546503,16.99719804713693,1,2013-02-07
0.005657940611518475,1509.2880126953125,1495.3735046386719,1456.7136010742188,0.0068255529148564574,-0.17385975687355104,66.40990305846711,16.4641843709569,16.890595311900924,0,2013-02-08
-0.000606117484177382,1513.5480224609375,1497.6215026855468,1458.8552001953126,0.006778781829674637,-0.10115031060060609,63.332951683077624,16.297920643564794,16.7720603782337,1,2013-02-11
0.001595272232703504,1515.176025390625,1500.0590026855468,1460.9248022460938,0.006639870446435178,0.27207257553742403,63.40082682517471,16.174977688754552,16.65264384033787,1,2013-02-12
0.000592263093356804,1516.818017578125,1502.4585021972657,1463.0078002929688,0.006436502879924006,-0.008344145479253884,63.752026827830186,15.966111712393058,16.51533741474891,1,2013-02-13
0.0006906716689645265,1519.216015625,1504.8960021972657,1465.246201171875,0.006304031314455633,0.11041738041513582,60.75183084019854,15.7042848657793,16.353126904954987,0,2013-02-14
-0.0010450813177572682,1519.5880126953125,1506.8385070800782,1467.5010009765624,0.0055779436020702644,0.02095091681871608,61.60764994313411,15.19334878244399,16.12117128045279,1,2013-02-15
0.007336475471722448,1522.3739990234376,1509.0865051269532,1469.93419921875,0.0040560347147991765,-0.023342390667212,63.130942352501975,15.509350057595157,15.998807035881264,0,2013-02-19
-0.012404137955230099,1520.877978515625,1510.0559997558594,1471.8943994140625,0.005249980414151189,0.1311474535264916,54.942111149491645,14.065313658374862,15.612108360379985,0,2013-02-20
-0.006303057332801343,1517.29599609375,1510.4364990234376,1473.5814013671875,0.005613091727102575,0.008024864581884117,52.01876280737705,12.013437114890849,14.892374111282159,1,2013-02-21
0.008772467921830174,1516.139990234375,1511.4755004882813,1475.5223999023438,0.006319091185105196,-0.20008421840640056,51.158546096236265,11.320326824349195,14.177964653895566,0,2013-02-22
-0.018309580659152336,1509.7519775390624,1510.7200012207031,1476.7226000976561,0.00833807041953745,0.17305487640817474,46.587356859153545,8.434609909259734,13.029293704968401,1,2013-02-25
0.006109463971145868,1502.9519775390625,1510.5579956054687,1478.0917993164062,0.008721573946207626,-0.008917864399596076,43.39737728341919,6.802725156217548,11.783979995218232,1,2013-02-26
0.012725994077109837,1503.7599853515626,1510.9654968261718,1480.0226000976563,0.009777933809539282,-0.10651576744279645,51.52494369786461,6.966321052160538,10.820448206606693,0,2013-02-27
-0.0008640799292052304,1506.2119873046875,1511.6015014648438,1482.0446020507814,0.009775941744442592,0.10148795698016522,52.108093803753086,6.910609839965218,10.038480533278399,1,2013-02-28
0.002323855425648391,1506.731982421875,1512.6059997558593,1483.8014013671875,0.009808458922088044,-0.055391685751676745,50.11203752218201,7.068997606895891,9.444583948001897,1,2013-03-01
0.00461072337316093,1514.2019775390625,1513.2074951171876,1485.369599609375,0.009914611347025211,-0.07608486826261429,53.236375213452575,7.670936767802914,9.0898545119621,1,2013-03-04
0.00956601649469957,1522.7719970703124,1515.4114990234375,1487.44919921875,0.01011105325274393,0.05747957931484904,57.339598513325235,9.219005095767898,9.11568462872326,1,2013-03-05
0.001084512714484509,1527.8659912109374,1516.9199951171875,1489.404599609375,0.009021081359581956,0.01833444577075305,57.57512898948391,10.46003239578863,9.384554182136334,1,2013-03-06
0.0018164914425815581,1533.781982421875,1518.5269958496094,1491.6867993164062,0.008546474674621865,-0.011471651314018061,58.10085999216852,11.536510302084935,9.814945406126055,1,2013-03-07
0.004481139122655131,1540.3780029296875,1520.6164978027343,1494.1771997070311,0.008317007328142108,0.004828445735698406,60.70968359939527,12.800460767874029,10.41204847847565,1,2013-03-08
0.0032490857396794137,1546.5820068359376,1522.5309936523438,1496.905,0.004080767126095555,-0.15365280675526938,59.000314650728996,14.046905812893328,11.139019945359188,0,2013-03-11
-0.0024032529493148713,1549.1199951171875,1524.3044921875,1499.5926000976563,0.00456882603114208,0.059471123361414024,66.18744600479351,14.56503982305344,11.824223920898039,1,2013-03-12
0.00131405176760091,1551.7320068359375,1526.0589904785156,1502.6343994140625,0.0033020836476071063,-0.061400160615100896,72.13256212164112,14.967740071634125,12.452927151045257,1,2013-03-13
0.005602990523162488,1555.5260009765625,1528.2039916992187,1505.3752001953126,0.0031977786359718456,0.1253907991007961,71.0324403635701,15.807485126685833,13.123838746173373,0,2013-03-14
-0.0016184626244926115,1557.42998046875,1530.169989013672,1507.3407983398438,0.0035378656260565385,0.4962304076594417,91.3873812895557,16.083437062070516,13.715758409352802,0,2013-03-15
-0.005510332450180511,1556.6059814453124,1531.7854858398437,1509.1953979492187,0.004315182184157523,-0.38859124588231886,81.51285352242724,15.43031375032183,14.058669477546609,0,2013-03-18
-0.0024225306518709244,1555.777978515625,1532.6554870605469,1510.8327978515624,0.0034917638740189915,0.19960120838284,72.39376921347896,14.442819621633134,14.135499506363916,1,2013-03-19
0.006697492376419811,1556.615966796875,1534.9934875488282,1512.7691967773437,0.0039997494394390315,-0.11778062857428861,77.08202250396815,14.331787426207029,14.17475709033254,0,2013-03-20
-0.008282433828555424,1553.12998046875,1537.1624877929687,1514.542197265625,0.004963391193041224,-0.03159664267009843,65.21841556168809,13.05162063843045,13.950129799952123,1,2013-03-21
0.007174256352702191,1552.3679931640625,1539.2269897460938,1516.4595971679687,0.005289241376319003,-0.0909236665464177,66.71947755859111,12.784574181953303,13.71701867635236,0,2013-03-22
-0.0033400389194234714,1552.285986328125,1542.4189880371093,1518.05099609375,0.005302527575209802,0.07793771494854806,56.96879753857415,12.014835939673276,13.376582129016544,1,2013-03-25
0.0077851108025177584,1555.3719970703125,1545.7604919433593,1519.8853955078125,0.005804067542048278,-0.09719744381200501,61.64529152096565,12.238496415782265,13.14896498636969,0,2013-03-26
-0.0005883499068413123,1556.2,1548.1034912109376,1521.7287939453124,0.005814330041140583,0.015666060238528345,59.8977526643971,12.20086511891077,12.959345012877906,1,2013-03-27
0.00405666949441863,1560.877978515625,1550.8289855957032,1523.6657934570312,0.005684111388571291,0.13390592990896333,59.64850325481748,12.538092970345133,12.875094604371352,0,2013-03-28
-0.0044735804606589324,1561.933984375,1553.027490234375,1525.4565942382812,0.005865310099367417,-0.16684521431770583,53.12143385003951,12.099426754837395,12.71996103446456,1,2013-04-01
0.005172264111710456,1565.64599609375,1555.2799926757812,1527.2427954101563,0.005698453413896852,0.203061265260015,58.91622526129075,12.2624120917244,12.62845124591653,0,2013-04-02
-0.010546128701639845,1563.62998046875,1555.9749877929687,1528.5969946289063,0.006750650807309521,0.22597036375054347,49.63647250021384,10.929334253126171,12.288627847358459,1,2013-04-03
0.004048451943253761,1563.0559814453125,1556.9009887695313,1529.9453930664063,0.006522695262521425,-0.1748358005324323,48.545861297539155,10.26211872926001,11.88332602373877,0,2013-04-04
-0.00429489561132812,1559.8739990234376,1557.3519897460938,1531.1147924804689,0.006058647489563376,0.04916628614575602,46.7995484490573,9.08795526261406,11.324251871513829,1,2013-04-05
0.006302737952936344,1560.0539794921874,1557.946484375,1532.4797924804689,0.005957384887411848,-0.17872452999792343,54.68362373405715,8.845422218178555,10.828485940846775,1,2013-04-08
0.0035443321494683655,1559.7259765625,1558.565985107422,1533.79279296875,0.005872772194555641,0.12665216547978608,58.52470260158161,8.996541356804073,10.462097024038234,1,2013-04-09
0.01218913260513399,1566.533984375,1560.3284851074218,1535.5437915039063,0.006555217347456914,0.061661102195660344,61.367926964325676,10.537656630240008,10.47720894527859,1,2013-04-10
0.0035522505198095633,1573.2119873046875,1562.2709838867188,1537.2543920898438,0.006536511862968615,-0.01720068918586304,69.75988544435441,12.074911569927053,10.796749470208283,0,2013-04-11
-0.002836767069231527,1580.3259765625,1563.551983642578,1538.9921923828124,0.006652715882615857,-0.05529250578234801,64.04215607401449,12.781136399725483,11.193626856111724,0,2013-04-12
-0.022966290584432447,1578.183984375,1563.1349853515626,1540.0771923828124,0.010101609341543041,0.45343371934541166,50.23090636954947,10.277910063637819,11.010483497616944,1,2013-04-15
0.014307223290395576,1579.3759765625,1564.2584838867188,1541.3051904296874,0.011048592236917999,-0.21575149191116982,53.47891292670977,9.971300444182816,10.80264688693012,0,2013-04-16
-0.014327681394279534,1572.231982421875,1564.4419860839844,1542.43119140625,0.011516992195921227,0.16297096888937523,46.935434331721694,7.81779312286335,10.205676134116766,0,2013-04-17
-0.006701003439812281,1561.87998046875,1563.5869873046875,1543.0375903320312,0.011593548024413688,-0.08458441854829413,42.37785027275579,5.211849050361707,9.206910717365755,1,2013-04-18
0.008847902373522176,1555.1599853515625,1564.0594848632813,1543.9001904296874,0.011933986891830442,-0.08248432199033617,48.15504772096044,4.198853021919831,8.20529917827657,1,2013-04-19
0.004661629963028435,1557.18798828125,1564.3399841308594,1544.9623901367188,0.011851604949327108,-0.16526932353278967,47.92458850050473,3.935692566338048,7.351377855888867,1,2013-04-22
0.01041921875000007,1558.0300048828126,1565.6944885253906,1546.1793896484376,0.012270307593007703,0.19640723787535075,56.72909324962645,4.983353320646074,6.877772948840309,1,2013-04-23
6.340190171760796e-06,1563.3860107421874,1566.445489501953,1547.414990234375,0.01159040689608798,0.009281516906721965,55.220668551309544,5.748178299533947,6.651854018979036,1,2013-04-24
0.0040347322693841114,1572.0960205078125,1567.5609924316407,1548.72958984375,0.011610154364230109,0.0862477211080972,58.86442398096512,6.790041602318297,6.679491535646889,0,2013-04-25
-0.0018421130247733286,1577.4940185546875,1568.2134948730468,1549.9677905273438,0.011591732819679765,-0.18164141452906168,55.54207453802812,7.295998899719052,6.802793008461322,1,2013-04-26
0.007186011722218666,1583.716015625,1569.7854919433594,1551.4123901367188,0.00858975646945014,-0.09611019752268168,56.99183239266787,8.51626706059551,7.14548781888816,1,2013-04-29
0.002484899676771457,1587.4739990234375,1571.1514892578125,1552.96798828125,0.007560372291849651,0.29533411732152737,53.00695700829991,9.691160457314936,7.6546223465735155,0,2013-04-30
-0.009307883608932754,1588.2559814453125,1572.6019897460938,1554.0031884765624,0.006484503316781513,-0.05734205235149148,46.913495674748425,9.315009970099482,7.986699871278709,1,2013-05-01
0.009407983261396247,1590.7419677734374,1574.482489013672,1555.7159887695314,0.006076706810135998,-0.04627625824287884,52.38510851214373,10.101958648993104,8.409751626821588,1,2013-05-02
0.010534666895180678,1597.177978515625,1577.5394897460938,1557.9559887695314,0.006259535531656997,0.07037823549503264,68.97164232127557,11.945962180616107,9.116993737580493,1,2013-05-03
0.0019077786269059427,1601.9559814453125,1580.2609924316407,1559.9939892578125,0.006275946051106705,-0.15030064568760038,64.8618838697027,13.50025247122926,9.993645484310248,1,2013-05-06
0.005230269513137653,1607.633984375,1583.1284912109375,1562.7561889648437,0.005837983735356861,0.08077093892052867,78.37025506151748,15.239020922179861,11.042720571884171,1,2013-05-07
0.004139081299929126,1617.631982421875,1585.3764892578124,1565.4711889648438,0.005750955251457266,0.07406377848548762,85.9544968721057,16.964504379295704,12.227077333366479,0,2013-05-08
-0.0036871039064235722,1623.447998046875,1587.0414916992188,1567.6847900390626,0.006156983698025661,-0.027372211438377314,79.99835926884919,17.642831457026205,13.310228158098425,1,2013-05-09
0.004321655306021466,1627.3039794921874,1589.2839904785155,1570.0651879882812,0.005967900201668979,-0.10728582171574019,79.96130975618777,18.5340167074296,14.354985867964661,1,2013-05-10
4.2889368592202715e-05,1630.5579833984375,1593.3544921875,1572.3765893554687,0.0058673262681094174,-0.056980952350095704,76.79566489804658,19.026614402853284,15.289311574942387,1,2013-05-13
0.010142153479971716,1635.433984375,1597.1429931640625,1574.8793896484376,0.006344331648521652,0.18799903799903794,80.02015899795029,20.517544330841247,16.33495812612216,1,2013-05-14
0.0051141362697153525,1640.652001953125,1602.481494140625,1577.259189453125,0.004552926809573919,0.0577391917959158,80.36129790967955,22.125115072200515,17.492989515337833,0,2013-05-15
-0.005009741163373271,1645.4119873046875,1607.924493408203,1579.4393896484376,0.005145999799375297,-0.0394565597795179,76.94071057847287,22.469559097727824,18.488303431815833,1,2013-05-16
0.010300096519028301,1652.1659912109376,1613.5354919433594,1581.9035888671874,0.005109630057405277,-0.020614096261738157,77.92229247983106,23.839484655075466,19.55853967646776,0,2013-05-17
-0.000707617924973758,1658.6699951171875,1618.7249938964844,1584.2057885742188,0.005250953999359755,-0.048138320288545144,76.5369817450568,24.546987514656166,20.55622924410544,1,2013-05-20
0.001722386289245481,1662.4340087890625,1623.243994140625,1586.46458984375,0.005201497908848998,0.07281654188599984,86.79783249081719,25.05050660185634,21.455084715655623,0,2013-05-21
-0.008273657594813577,1661.747998046875,1627.0719909667969,1588.5219897460938,0.006190481196932551,0.24119696262480228,74.81102157416302,24.057868658687312,21.97564150426196,0,2013-05-22
-0.002923832356719225,1661.756005859375,1630.3394897460937,1590.4417895507813,0.006125198152595469,-0.09527816886875085,67.28284570192616,22.619902983544762,22.104493800118522,0,2013-05-23
-0.0005513654411685165,1658.1820068359375,1633.7074890136719,1592.169189453125,0.006066937393573772,-0.300957290692458,65.6983651105786,21.162919708246818,21.91617898174418,1,2013-05-24
0.006340981548631053,1656.9360107421876,1637.0299926757812,1594.1563916015625,0.006281322151441831,0.25355319642649965,66.35653340890514,20.614658297075266,21.6558748448104,0,2013-05-28
-0.007047981897774669,1652.7760009765625,1639.5694946289063,1596.081591796875,0.006035930145754522,0.037525308034939586,57.17426610883151,19.016844701514856,21.12806881615129,1,2013-05-29
0.00367034439193481,1652.5880126953125,1643.1549987792969,1598.2029931640625,0.005913274459363951,-0.024677040762278613,62.69678264289928,18.03090524169238,20.50863610125951,0,2013-05-30
-0.014307241527974024,1648.6340087890626,1644.8125,1599.64359375,0.007310907793001137,0.17177630036986002,48.82429607103098,15.164756515519457,19.4398601841115,1,2013-05-31
0.005935988427895333,1646.7980224609375,1646.1125,1601.5359936523437,0.0066500107429558804,-0.035986437701239105,52.454058203303426,13.518578675481422,18.255603882385486,0,2013-06-03
-0.005510807488524838,1641.06201171875,1646.8065002441406,1603.0257934570313,0.0067499661361750925,-0.07546172006062646,42.59147609544271,11.353637608636973,16.875210627635784,0,2013-06-04
-0.013779732742503992,1633.17001953125,1645.9535034179687,1604.1699951171875,0.0075129686677119145,-0.005881483589867065,32.43666329398151,7.734797731309982,15.047128048370624,1,2013-06-05
0.008490293972530871,1626.8000244140626,1645.4470092773438,1605.3457958984375,0.008203868521302103,-0.02339256954863933,40.52940367527302,5.901067816327441,13.217916001961989,1,2013-06-06
0.012831541229424204,1629.32802734375,1646.2825073242188,1606.956396484375,0.009422380683884776,-0.049442123482682954,42.032175725358876,6.057986614641322,11.785930124497856,0,2013-06-07
-0.00034681344994402785,1629.8060302734375,1646.7380126953126,1608.428798828125,0.009422220229877465,-0.11662549414440726,42.202466373166644,6.066426007758309,10.642029301149947,0,2013-06-10
-0.010153367167240024,1628.7560302734375,1646.3560119628905,1609.707998046875,0.009559157726605082,0.15341437458245633,36.91064832212173,4.67330243274364,9.448283927468687,0,2013-06-11
-0.008369555515669425,1629.480029296875,1644.4650146484375,1610.5533984375,0.0096451160182718,-0.06786370211688408,36.955631084637105,2.4428700033881796,8.047201142652586,1,2013-06-12
0.014784291377196501,1632.2400146484374,1643.344012451172,1612.2067993164062,0.010943712895109241,0.054978064354967104,46.13746733656286,2.5693048890930186,6.951621891940673,0,2013-06-13
-0.005885016114436148,1628.910009765625,1642.1570129394531,1613.5417993164062,0.010101086588610869,-0.12999982241270103,44.040866049816636,1.8708782147161855,5.9354731564957754,1,2013-06-14
0.007567364431436019,1628.156005859375,1640.7355163574218,1615.2569995117187,0.010223633006272962,0.06725182009933994,44.57520540349817,2.2843562554926393,5.205249776295148,1,2013-06-17
0.007791157767295331,1633.2920166015624,1640.0115173339843,1617.0318017578124,0.010297421990621131,-0.0051321611179823146,50.885496135373174,3.6009647542578023,4.884392771887679,0,2013-06-18
-0.013851474486292426,1636.5740234375,1638.000018310547,1618.238203125,0.010309108268784388,0.13588039654211181,43.98035248327908,2.7662734192851985,4.460768901367183,0,2013-06-19
-0.02501035094286319,1626.9400146484375,1634.6420166015625,1618.24740234375,0.01284028273946143,0.3705973946844341,40.69782460874661,-1.1691350004466585,3.334788121004415,1,2013-06-20
0.002669776576555538,1620.080029296875,1631.738018798828,1618.228603515625,0.011897976372655703,0.19313829404077087,39.25293734930537,-3.9008661425925766,1.8876572682850168,0,2013-06-21
-0.012145015629135836,1606.8900146484375,1627.9125183105468,1617.9134033203125,0.012178449130094261,-0.1834687991609858,37.52195036291266,-7.539456058425003,0.0022346029430127816,1,2013-06-24
0.009497272121224087,1594.1340087890626,1624.311016845703,1618.6268041992187,0.01269626459478439,-0.20544145544884929,45.38336534997875,-9.112483480865194,-1.8207090138186286,1,2013-06-25
0.009590486444071455,1589.0,1622.0560180664063,1619.20060546875,0.01300798914184513,-0.05392736834548828,45.760101088655304,-9.026139190616277,-3.2617950491781587,1,2013-06-26
0.0061998311850259835,1594.002001953125,1619.9955139160156,1620.424404296875,0.012141725541019681,-0.05446359819466384,43.03709699313891,-8.062698746297201,-4.221975788601967,0,2013-06-27
-0.004289562412875814,1596.7719970703124,1618.7725158691405,1621.7178051757812,0.012085978292966475,0.47930772111492215,41.811992172451234,-7.768000442385755,-4.931180719358725,1,2013-06-28
0.005403747467634501,1605.14599609375,1617.49951171875,1622.9120043945313,0.011929985335873692,-0.3762162987549199,47.40316314339149,-6.7561710370221135,-5.296178782891403,0,2013-07-01
-0.0005449081736377259,1610.3559814453124,1616.6345092773438,1623.943603515625,0.011498721928005582,0.06842551108162165,50.385473684083514,-5.956633618490969,-5.428269750011316,1,2013-07-02
0.0008240472350893313,1612.785986328125,1616.960009765625,1624.6762036132814,0.010766438567195382,-0.4073039042786988,44.175078232654755,-5.15623045020061,-5.3738618900491755,1,2013-07-03
0.010201732142340214,1616.5239990234375,1617.4265075683593,1625.738203125,0.007092861674094518,0.339813331298797,51.38205108923452,-3.1557311732613016,-4.930235746691601,1,2013-07-05
0.0052515464964768555,1623.3599853515625,1617.2805053710938,1626.8442016601562,0.007136842881383455,0.33424571207301046,50.3880836435022,-0.8687832474918196,-4.117945246851645,1,2013-07-08
0.007229670722828763,1630.831982421875,1617.7559997558594,1628.24580078125,0.004823938508922774,-0.10221106871640784,50.14005583456445,1.8789814317683522,-2.9185599111276455,1,2013-07-09
0.00018159245054127915,1638.539990234375,1619.080499267578,1629.4260009765626,0.004744138387641804,-0.045747553369504534,57.42863354912205,4.034311141902208,-1.5279857005216748,1,2013-07-10
0.013554249906357896,1650.4619873046875,1622.205499267578,1630.9750024414063,0.005384983794860899,0.14457939362539474,80.7667819518432,7.463881253904901,0.2703876903636404,1,2013-07-11
0.003086483632862347,1660.12197265625,1624.3969970703124,1632.9248022460938,0.005359379451404994,-0.1181746432447176,80.89268480075903,10.478223328791273,2.311954818049167,1,2013-07-12
0.001374879432867404,1668.52998046875,1627.185498046875,1634.6230029296876,0.0046242638201427376,-0.13684120471065164,93.76055214382455,12.90475557353102,4.4305149691455386,0,2013-07-15
-0.003708760911961373,1673.3179931640625,1629.0464965820313,1635.8598022460938,0.0053079207442518275,0.17479033241842035,87.92886304719724,14.161045084775424,6.3766209922715165,1,2013-07-16
0.0027740472164057284,1678.9760009765625,1630.5014953613281,1637.1280029296875,0.005109943906740044,0.023276038303409408,86.72095356518989,15.35488018120509,8.172272830058231,1,2013-07-17
0.0050329647425946256,1681.84599609375,1633.5234924316405,1638.3962036132812,0.00498402826292469,0.09479489065908986,86.53243795483685,16.790105357966695,9.895839335639925,1,2013-07-18
0.0016100503211176065,1684.2260009765625,1638.7184936523438,1639.5842041015626,0.004618658939046943,-0.04338758591923808,92.88355789162881,17.94020701570207,11.504712871652355,1,2013-07-19
0.0020330263437824403,1686.8320068359376,1643.8734924316407,1640.9614038085938,0.004605901320565351,-0.15849729605338858,92.49025343640399,18.911258027548683,12.986021902831622,0,2013-07-22
-0.0018519369130487462,1690.0580078125,1649.8384948730468,1642.135205078125,0.004643837461281211,0.1140824646562053,90.33687207462796,19.206054568834816,14.230028436032262,0,2013-07-23
-0.0038112215188927934,1691.0639892578124,1654.7339904785156,1643.178603515625,0.005013535835710669,0.0774954944479973,84.50918065176594,18.703612346034333,15.124745218032677,1,2013-07-24
0.0025564722015867236,1691.239990234375,1659.0834899902343,1643.9768041992188,0.0030025917031795495,-0.00408258695730368,82.4149597597109,18.4406367903955,15.787923532505243,1,2013-07-25
0.0008282942843145236,1691.152001953125,1663.0059936523437,1644.6342041015625,0.0029039792781773866,-0.16846651617757713,80.89313682299777,18.136134963134737,16.257565818631143,0,2013-07-26
-0.003736037754951127,1689.1119873046875,1666.9584899902343,1645.3314038085937,0.003203173764313515,0.028142045845293007,71.34903667305622,17.186720557403305,16.443396766385575,1,2013-07-29
0.00037381693747806644,1687.8259765625,1670.5084899902345,1645.7012036132812,0.0028992517765970443,0.16898666441355803,71.47079771519853,16.297274098465778,16.41417223280162,0,2013-07-30
-0.00013640921141577778,1687.783984375,1674.0909912109375,1646.0900024414063,0.0027989836826411664,0.15866744164335223,59.65379435402234,15.396344395541064,16.21060666534951,1,2013-07-31
0.01254056989753427,1691.1079833984375,1678.6639892578125,1646.8442016601562,0.004624266836693359,-0.018771166946943252,68.67296950476643,16.201413809414817,16.208768094162572,1,2013-08-01
0.0016404581697111453,1694.7119873046875,1682.5529907226562,1647.9306030273438,0.004624692829268992,-0.1691420518811073,68.88636969179622,16.870900421281476,16.341194559586352,0,2013-08-02
-0.0014798348405500317,1699.0739990234374,1685.8869934082031,1649.063203125,0.0046743450971049256,-0.19362500518071946,72.63255084895886,17.0013402966822,16.473223707005523,0,2013-08-05
-0.005723033522392118,1701.356005859375,1688.1394958496094,1650.018603515625,0.005053395441847098,0.24192859684497692,61.22162968289159,16.130414535068212,16.404661872618064,0,2013-08-06
-0.0038058649299111957,1702.3920166015625,1690.0539978027343,1650.6356030273437,0.005052910867798913,-0.04169730772536695,51.0793607337189,14.748918384543686,16.07351317500319,1,2013-08-07
0.003885449938943575,1700.514013671875,1691.1769958496093,1651.6180029296875,0.005135484502358084,0.08684718443441208,53.5842483022409,14.022569043122758,15.663324348627103,0,2013-08-08
-0.003569960525698801,1696.864013671875,1691.7385009765626,1652.358203125,0.005284592703552361,-0.09597268664836811,47.35896683667466,12.810276827397729,15.092714844381229,0,2013-08-09
-0.0011529207361400395,1693.3300048828125,1692.0869995117187,1653.532802734375,0.005142976681968961,-0.05697390175374539,48.09446957253219,11.558927774932727,14.38595743049153,1,2013-08-12
0.002776056134700333,1692.6880126953124,1692.982000732422,1654.6076025390626,0.005204759717753649,0.0883420097807226,55.490293597280086,10.820936540790854,13.672953252551395,0,2013-08-13
-0.005176618120080079,1691.5840087890624,1693.2059997558595,1655.687802734375,0.005508161872079641,-0.05406910092371753,46.93647649782776,9.419820066639204,12.822326615368958,0,2013-08-14
-0.014281601380197961,1684.352001953125,1691.8034973144531,1656.736201171875,0.0052436368511253285,0.1933740331472471,35.13089105497998,6.2946114492010565,11.516783582135378,0,2013-08-15
-0.0033045953891290836,1677.233984375,1689.990496826172,1657.4015991210938,0.005018333585600628,-0.06281280185835314,35.419160520523604,3.3364047763955114,9.880707820987405,0,2013-08-16
-0.005900302398330837,1668.552001953125,1687.5169982910156,1657.4552001953125,0.005046223788087318,-0.09557053667346527,31.91301691718921,0.20133473926330225,7.944833204642585,1,2013-08-19
0.0038211953199089876,1660.189990234375,1685.5149963378906,1657.6459985351562,0.0054885810056058085,0.03083459286011858,35.65657911439216,-1.7554513672528174,6.0047762902635045,0,2013-08-20
-0.005779602928505545,1651.6719970703125,1683.3580017089844,1657.9793994140625,0.005568831449831574,-0.020677401146926067,19.42349480061752,-4.030358270505303,3.9977493781097433,1,2013-08-21
0.008619376484360286,1650.8,1681.6934997558594,1658.8681982421874,0.006352772147032465,-0.13461656514947917,27.305523290954284,-4.637197091730059,2.270760084141783,1,2013-08-22
0.003947010921615535,1652.3340087890624,1680.2859985351563,1659.4109985351563,0.006636665550916809,0.017817029628053316,31.837815044935667,-4.538082543923565,0.9089915585287135,0,2013-08-23
-0.00403965777164117,1654.4780029296876,1678.8585021972656,1660.0119995117188,0.006675637934795394,-0.058853821820054386,32.66715248869109,-4.944778694536126,-0.2617624920842544,0,2013-08-26
-0.015874194741040237,1650.10400390625,1676.0845031738281,1659.8407983398438,0.007735328733254009,0.3244043823307976,27.933930566117127,-7.305074118547054,-1.6704248173768144,1,2013-08-27
0.002747645185721348,1648.535986328125,1673.5460021972656,1659.5037963867187,0.007980294023843574,-0.1351830740030877,26.81693415220603,-8.713682357874177,-3.079076325476287,1,2013-08-28
0.0019634016027962886,1644.7780029296875,1670.1110046386718,1659.6885961914063,0.007025999059099157,-0.09211892198663074,29.82801578155896,-9.461916580565457,-4.355644376494121,0,2013-08-29
-0.0031743183568806455,1638.6719970703125,1666.2760009765625,1660.5841967773438,0.0070221536072228126,0.08179857965223247,29.111208192900705,-10.355132522728354,-5.555542005740968,1,2013-08-30
0.004164221602432239,1635.2699951171876,1662.9075012207031,1661.53099609375,0.007021465304642869,0.36474051859708156,30.200209568145638,-10.394484337020003,-6.5233304719967755,1,2013-09-03
0.008116953209842404,1639.789990234375,1660.6929992675782,1663.1307958984376,0.007425511522835143,-0.11240724513011813,38.6143903534355,-9.245098550484045,-7.0676840876942295,1,2013-09-04
0.0012098628337211537,1643.8139892578124,1658.9014953613282,1664.4717944335937,0.007137171657948443,-0.10719321286777472,47.39609439629,-8.079681212879223,-7.270083512731229,1,2013-09-05
5.443114110303959e-05,1647.2139892578125,1656.7859985351563,1665.5099951171876,0.006582660117300051,0.056396278799232924,49.71162709318403,-7.067342313647259,-7.229535272914435,1,2013-09-06
0.009992880823750605,1654.9619873046875,1655.8004943847657,1666.6801953125,0.007239367180684626,-0.006754420784409132,60.582521142479564,-4.874236210158415,-6.758475460363232,1,2013-09-09
0.007345789391592916,1663.8059814453125,1655.5264953613282,1668.23439453125,0.0073378948588854334,0.18983621139752094,62.43906325136127,-2.120840359410522,-5.8309484401726905,1,2013-09-10
0.0030522833735622257,1671.0159912109375,1655.2749938964844,1669.7177954101562,0.003992680506675217,-0.1506961373855572,68.86857645120524,0.4705773914429301,-4.570643273849567,0,2013-09-11
-0.0033804153149811222,1676.6840087890625,1655.176495361328,1671.1045971679687,0.004559143957178886,-0.009303260127700552,61.57279519407674,2.0400322793889245,-3.2485081632018686,1,2013-09-12
0.002714679741101511,1683.247998046875,1656.5099975585938,1672.5561962890624,0.004547538723755009,-0.11904554951405055,60.89896259338616,3.6109680661732,-1.876612917326855,1,2013-09-13
0.0056931530442476674,1688.4260009765626,1658.5984985351563,1673.8703955078124,0.004044443765528087,0.1254522199890371,67.71082371958175,5.567216097354731,-0.3878471143905379,1,2013-09-16
0.004217739327674108,1692.5800048828125,1661.53349609375,1675.156396484375,0.004044872944096732,-0.09921423469056434,88.64721842561212,7.607615815921008,1.2112454716717713,1,2013-09-17
0.012177672896303449,1699.8580078125,1665.1919982910156,1676.6203979492188,0.004670511596119902,0.4381452217544264,90.29184743292006,10.775592262586315,3.12411482985468,0,2013-09-18
-0.0018429538196846895,1707.6419921875,1669.168994140625,1678.0147973632813,0.00498470709279431,-0.06256767324350332,87.45876667260629,12.881146820638833,5.075521228011511,0,2013-09-19
-0.007216886263627376,1712.0260009765625,1671.8164978027344,1678.71259765625,0.00604268425393039,0.3566453572469406,82.1709699581155,13.392442633300789,6.738905509069367,0,2013-09-20
-0.004719586526811925,1712.8739990234376,1673.73349609375,1679.1455981445313,0.006016419396514355,-0.3837344280581707,75.68057874572096,12.996643954914362,7.990453198238367,0,2013-09-23
-0.0025971430708935372,1711.406005859375,1675.7654968261718,1679.4439990234375,0.0058171307944845955,0.04540526711332138,69.80176105785586,12.1858490122479,8.829532361040274,0,2013-09-24
-0.00273946595048713,1704.856005859375,1678.8799987792968,1679.77419921875,0.005857244769767528,-0.03677044170416621,66.44274857943199,11.040798616589655,9.27178561215015,1,2013-09-25
0.0034854258676535466,1700.122021484375,1682.0655029296875,1680.1293994140624,0.005788928499626129,-0.10632858327008032,68.06179547481956,10.488515512092135,9.515131592138548,0,2013-09-26
-0.004073801130465626,1696.4900146484374,1684.7445007324218,1680.1769995117188,0.0059505080328833195,0.048959995451201666,59.04333494184036,9.384261534160714,9.488957580542982,0,2013-09-27
-0.0060292307798877065,1692.43203125,1687.1735046386718,1679.966201171875,0.00591105096068141,0.12092353558966029,48.877878006004714,7.598490813703847,9.110864227175155,1,2013-09-30
0.007998543475556064,1691.9480224609374,1689.9350036621095,1679.9556005859374,0.006379514429096894,-0.021138658598876314,52.50790385820932,7.185720789293782,8.725835539598881,0,2013-10-01
-0.0006666695473820372,1692.168017578125,1691.9745056152344,1679.9852001953125,0.004566284196353045,-0.02781680247260465,54.6464898663685,6.690294075365955,8.318727246752296,0,2013-10-02
-0.008979414583967338,1688.166015625,1693.1535095214845,1679.8396020507812,0.005093943722363244,0.04162167312456333,46.21010697642591,5.012566357754395,7.657495068952716,1,2013-10-03
0.0070532243451535415,1687.916015625,1694.9200073242187,1679.8446020507813,0.005614682672151074,-0.12177518942570087,47.16726036190571,4.585482754320083,7.04309260602619,0,2013-10-04
-0.008506361953748875,1686.8300048828125,1695.1405090332032,1679.5340014648436,0.005998497192129117,-0.07005593225635098,39.19570220866908,3.051493983150749,6.244772881451102,0,2013-10-07
-0.012332078852067663,1678.9199951171875,1693.7135070800782,1678.9364013671875,0.006915234006994021,0.332553042945839,23.548473314101912,0.16598367411120307,5.029015039983122,1,2013-10-08
0.0005739063518743759,1671.4260009765626,1692.0770080566406,1678.3452026367188,0.006980437666788288,0.002412285002647563,24.681325356546267,-2.0208460093676877,3.61904283011296,1,2013-10-09
0.02183049604365883,1674.206005859375,1692.5340087890625,1678.4818041992187,0.010263766991426119,-0.06024305167363553,44.36506419888373,-0.8265833936641229,2.7299175853575437,1,2013-10-10
0.006286271807078414,1676.74599609375,1693.2945068359375,1678.4084033203126,0.010364365987590433,-0.12420961841596523,50.43444487685724,0.9672785581328753,2.37738977991261,1,2013-10-11
0.004074720335558668,1683.55,1693.9215087890625,1678.417802734375,0.010122668848297012,-0.12364373597041434,53.9989837710384,2.9153261360684155,2.484977051143771,0,2013-10-14
-0.007063723409320266,1692.072021484375,1693.5865112304687,1678.2362036132813,0.010207088419031646,0.28953181067821965,51.588886884570314,3.444707930532104,2.676923227021438,1,2013-10-15
0.013827532394934838,1705.1000244140625,1693.3875122070312,1678.7196044921875,0.011059578347344725,0.047611892756044716,56.21298674768875,5.693256690874932,3.280189919792137,1,2013-10-16
0.0067439531397044394,1713.218017578125,1693.9280151367188,1679.564404296875,0.010478750666880894,-0.009348341164254315,60.96748260364245,8.316212452056106,4.287394426244931,1,2013-10-17
0.006548755402622897,1721.47802734375,1695.6575134277343,1680.5048046875,0.010459597113468213,0.06118271132357922,66.57538226948441,11.18187427804719,5.666290396605383,1,2013-10-18
9.173641713244862e-05,1728.38203125,1697.798516845703,1681.5696044921874,0.009717605054055839,-0.16703911986444342,64.06003427093393,13.312388414988845,7.195510000282076,1,2013-10-21
0.005737513079636436,1739.7040283203125,1700.6610168457032,1682.8736059570313,0.007827416371747997,0.26144966275866355,66.38992215614576,15.628405815092947,8.88208916324425,0,2013-10-22
-0.004724557241463034,1744.672021484375,1703.3415161132812,1683.9180053710938,0.008384860254199558,-0.03569610786218069,68.96279919385492,16.60353421400532,10.426378173396465,1,2013-10-23
0.003258134764679621,1748.456005859375,1706.0115112304688,1685.2516040039063,0.0060597183103465405,-0.011224275457938582,67.8556737089019,17.63220809497375,11.867544157711922,1,2013-10-24
0.004394843515520774,1751.510009765625,1709.4125122070313,1687.22060546875,0.005991459317351145,-0.13508184219843666,75.23682274146492,18.85146318234615,13.264327962638768,1,2013-10-25
0.001329699787098182,1755.0,1713.4405090332032,1689.3462060546874,0.006014294551476257,0.03356089327774492,86.18046693129033,19.778552468006183,14.567172863712251,1,2013-10-28
0.00558419502875096,1758.4559814453125,1717.2880065917968,1691.86400390625,0.00488289787834796,0.023203241629345284,86.96653276858177,21.064462401491255,15.866630771268053,0,2013-10-29
-0.004875923596155185,1761.8419921875,1720.760009765625,1694.0832055664061,0.004374766159268952,0.04900460330032219,77.4715086616323,21.14266864056526,16.921838345127494,0,2013-10-30
-0.0038393812241105385,1762.7360107421875,1724.6540100097657,1696.3580053710937,0.0044881754674148825,0.08614435260456887,71.3531343458629,20.422940704121174,17.62205881692623,1,2013-10-31
0.002903421198789946,1763.110009765625,1728.2110107421875,1698.4516064453126,0.004154707393447078,-0.036649392530569425,70.92478370330105,20.033146889498767,18.104276431440738,1,2013-11-01
0.003570558689741876,1764.2740234375,1732.801513671875,1700.5402075195314,0.004216694057778595,-0.13331018449443754,79.79025164597809,20.001224402805974,18.483666025713784,0,2013-11-04
-0.0028055878101066467,1762.47802734375,1738.1775146484374,1702.6640063476561,0.004088857833109606,0.10072710313721678,70.97718057753164,19.35260358893015,18.65745353835706,1,2013-11-05
0.004265540341705787,1763.914013671875,1743.882012939453,1705.4642065429687,0.0037952866214550516,-0.05533059590295397,69.72319476952241,19.223769995492603,18.77071682978417,0,2013-11-06
-0.013182771972194418,1762.0360107421875,1746.6115112304688,1707.7080078125,0.005879405907218222,0.24716293910478315,51.242392783603094,17.04188007769767,18.424949479366873,1,2013-11-07
0.013427559516743681,1763.8300048828125,1749.9820129394532,1710.356806640625,0.0072167208568987735,-0.07386319752848036,59.984594429571175,17.009662580676604,18.14189209962882,1,2013-11-08
0.000722931253898329,1764.6219970703125,1753.069512939453,1713.1352075195311,0.007212806210009895,-0.33960184198250276,57.10277795120811,16.89268924252565,17.892051528208185,0,2013-11-11
-0.0023703916199453445,1765.5659912109375,1756.551007080078,1715.6936059570312,0.007035699385627941,0.2710946070732343,59.0967026530725,16.273485607930525,17.568338344152654,1,2013-11-12
0.008095344244797742,1767.8679931640625,1759.5740051269531,1718.2720068359374,0.0072733161342578585,0.03304843481743425,61.900606225337214,16.744444863428043,17.403559648007732,1,2013-11-13
0.00483725876385388,1776.5619873046876,1762.4475036621093,1720.9828076171875,0.007137698001834122,-0.056625434262565055,62.177297261875275,17.6102450887538,17.444896736156945,1,2013-11-14
0.004222034052096646,1782.0760009765625,1765.1315063476563,1723.8430078125,0.007169452000602427,0.03687728173402238,63.67428575659636,18.69097364212871,17.6941121173513,0,2013-11-15
-0.00369819718572606,1786.00400390625,1767.4750061035156,1726.2394091796875,0.0073670906204746775,-0.026514523076544894,57.60685641442002,18.79420946553546,17.91413158698813,0,2013-11-18
-0.0020429655768170463,1790.0400146484376,1769.1350036621093,1728.3170092773437,0.007323093391694615,0.017651774329971115,59.92558585598466,18.368944669363145,18.005094203463134,0,2013-11-19
-0.0036356111002209257,1789.914013671875,1770.884503173828,1730.1618090820311,0.007408622554644128,-0.035761137558343314,60.05665946475099,17.307908778694127,17.865657118509333,1,2013-11-20
0.00812856425584818,1790.960009765625,1773.073504638672,1732.4104077148438,0.005903738957422826,0.04743755507953962,62.877316095450425,17.43446988432447,17.77941967167236,1,2013-11-21
0.004961457973002625,1792.2760009765625,1775.3230041503907,1734.7458081054688,0.00468704853030962,-0.06187070683497975,63.595374586904036,18.045715985584366,17.832678934454762,0,2013-11-22
-0.0012633420978621634,1794.4659912109375,1777.34150390625,1736.843408203125,0.004784582815047435,-0.018526155920841614,64.8790883865641,18.137080639691703,17.893559275502152,1,2013-11-25
0.00014980445507073448,1797.4419921875,1778.8815063476563,1738.8032080078126,0.0046081082192751385,0.14292955905207205,62.85051864213595,18.023512275576877,17.9195498755171,1,2013-11-26
0.0024850813860768373,1802.6139892578126,1781.0775024414063,1740.4374072265625,0.00409296001417103,-0.2373800742314246,78.16416617358752,18.086515420566002,17.95294298452688,0,2013-11-27
-0.0007856896412440362,1804.606005859375,1783.5410034179688,1742.1068090820313,0.003954374062564512,-0.38846567365194995,70.79884998607923,17.816492602018116,17.92565290802513,0,2013-11-29
-0.002719020284730922,1803.8340087890624,1785.50400390625,1743.9266088867187,0.0039060135773909678,0.9367014953387975,66.43622068591569,17.010215671704827,17.74256546076107,0,2013-12-02
-0.0031928479771501372,1802.368017578125,1786.8650024414062,1745.7928100585937,0.003853495641666856,0.12284238377220613,65.28954941459375,15.725979151696492,17.339248198948155,0,2013-12-03
-0.0013034931835718133,1800.380029296875,1788.3570068359375,1747.7006103515625,0.0038123649461566564,0.038801040371956086,56.944653567216236,14.353933560306587,16.742185271219842,0,2013-12-04
-0.004339572538419101,1795.9400390625,1789.0840087890624,1749.545810546875,0.0038982835052244293,-0.07579475646302214,46.3696858901892,12.49476235749762,15.892700688475399,1,2013-12-05
0.011237870620775636,1795.7960205078125,1791.981005859375,1751.674208984375,0.004651164696394018,-0.055995420872192,53.86071788100428,12.495979145115143,15.213356379803349,1,2013-12-06
0.0018171001772671058,1797.2900146484376,1793.8690063476563,1754.0066088867188,0.004418222885588489,-0.006517398247000816,59.77703598182836,12.616182906730046,14.69392168518869,0,2013-12-09
-0.003179659038540561,1798.7840087890625,1795.4055053710938,1756.4280078125,0.004529320014011161,-0.003946317303083591,58.360733778382986,12.107896020169392,14.17671655218483,0,2013-12-10
-0.01131687458772268,1796.6659912109376,1796.1320068359375,1758.1724072265624,0.00577275482481314,0.1139149543653657,50.41620590925122,9.94433145755238,13.330239533258341,0,2013-12-11
-0.0037705618911193506,1794.7599853515626,1795.8070068359375,1759.8050073242186,0.0056756434068125925,-0.047692555814114246,39.21569642198689,7.599839263143849,12.184159479235444,0,2013-12-12
-0.00010141014414954963,1788.8059814453125,1795.0420043945312,1761.7382055664064,0.005692731250907942,-0.07426571988483777,32.807717148156755,5.662015290434056,10.879730641475167,1,2013-12-13
0.006320039831068547,1784.439990234375,1794.4600036621093,1763.6590063476563,0.006205186844979359,0.04861698687060412,41.57152520667772,4.974302880175628,9.69864508921526,0,2013-12-16
-0.003100987910356179,1780.1159912109374,1793.9335021972656,1765.7566064453124,0.0062012896509923915,0.018735844530497925,39.106489542777766,3.9368692103985268,8.546289913451913,1,2013-12-17
0.01664796429762072,1785.802001953125,1795.0725036621093,1768.8606079101562,0.008280594003100968,0.323464922340162,51.368016242171635,5.44444455958228,7.925920842677987,0,2013-12-18
-0.0005799292044108562,1792.6219970703125,1796.4840026855468,1771.9246069335939,0.008093378218056411,-0.19191408046176206,51.52046434227808,6.479783806304795,7.636693435403348,1,2013-12-19
0.0048187283492318045,1801.2219970703125,1797.6075012207032,1774.4398046875,0.007455605279454356,0.45764766771226206,56.781336308737465,7.912713542233632,7.691897456769405,1,2013-12-20
0.00531812014989308,1809.5119873046874,1798.7690002441407,1776.93560546875,0.0075919523002494944,-0.44062224140298567,62.405526171383244,9.716605433060522,8.09683905202763,1,2013-12-23
0.0029157468493599126,1819.9759765625,1800.3109985351562,1779.3992041015624,0.007453098847799914,-0.541430244709876,64.96484001915604,11.44436217886232,8.766343677394568,1,2013-12-24
0.004745529147706984,1826.2499755859376,1802.2744995117187,1782.2784033203125,0.005901880372558115,0.515925758815567,70.91064796484181,13.361620603823212,9.685399062680297,0,2013-12-26
-0.00033658435338035364,1832.6099853515625,1803.9830017089844,1784.6756030273436,0.005531686056053765,0.035640957084554614,65.53965524086956,14.662018669828058,10.680722984109849,0,2013-12-27
-0.00017925389411521664,1837.1599853515625,1805.74599609375,1786.8340014648438,0.005537626336061208,0.1173645344192662,64.35714990116924,15.487429513053257,11.642064289898531,1,2013-12-30
0.003959675229718407,1841.233984375,1808.118994140625,1788.911201171875,0.005461279379234818,0.008274262596671189,69.81451554905004,16.53916557454818,12.621484546828462,0,2013-12-31
-0.008861912729460575,1840.9659912109375,1809.9604919433593,1790.6576000976563,0.006441564710331502,0.3319555178914235,72.33385784666095,15.86802773379054,13.270793184220878,0,2014-01-02
-0.00033296507498215,1838.835986328125,1811.8884887695312,1792.1915991210938,0.004271088047805967,-0.09943842108680123,76.53138003035225,15.112715463171753,13.639177640011054,0,2014-01-03
-0.0025117674736410134,1835.9099853515625,1813.97548828125,1793.7993994140625,0.004399617832233454,0.1876457590645466,73.44814502857868,13.981772293145923,13.707696570638028,1,2014-01-06
0.006081764662643874,1835.2719970703124,1815.614990234375,1795.5156005859376,0.004538835336887111,0.06583000743584688,73.42147029832543,13.82263590828552,13.730684438167527,0,2014-01-07
-0.0002122089839386998,1833.097998046875,1817.0709899902345,1797.07,0.004295438165859717,0.03997721933508935,77.04159148068851,13.50932120849643,13.686411792233308,1,2014-01-08
0.0003483091890779111,1834.3280029296875,1818.8464904785155,1798.590400390625,0.004212715298057446,-0.01943791859019639,68.21309178228043,13.160949649750592,13.581319363736766,1,2014-01-09
0.002306686808393188,1836.5280029296875,1821.8539916992188,1799.9988012695312,0.003989513394803603,-0.06853664325705433,70.83808128071935,13.076259476840278,13.480307386357469,0,2014-01-10
-0.012576216507389826,1835.0139892578125,1824.0389892578125,1801.1165991210937,0.005646569811958363,0.07663735756405687,50.47271325210193,11.012566981323289,12.986759305350633,1,2014-01-13
0.010817971767347556,1835.2139892578125,1827.2169921875,1802.7633984375,0.006816654025301875,-0.06629261976694001,55.2817889557912,10.840133362273946,12.557434116735296,1,2014-01-14
0.005166188100786506,1837.3919921875,1830.3089904785156,1804.4981982421875,0.00690653868668793,0.126601794666102,57.0203351405979,11.33933627199599,12.313814547787436,0,2014-01-15
-0.0013471203041567348,1838.943994140625,1833.5534912109374,1806.0573974609374,0.006205705906975327,-0.07583514214622267,51.91488796247416,11.402594757816587,12.131570589793267,0,2014-01-16
-0.0038951743709020326,1838.2099853515624,1834.955987548828,1807.5719970703126,0.00637620937439883,0.038613013453402845,48.74555508294343,10.748645832533612,11.854985638341336,1,2014-01-17
0.0027737519941737343,1843.1300048828125,1836.6659912109376,1809.0381982421875,0.006325244210300771,0.04311771259638397,51.21456368571339,10.52064639262494,11.588117789198057,1,2014-01-21
0.0005748652214816463,1844.3260009765625,1837.9929931640625,1810.9923974609376,0.006062744612551468,-0.10794533730604605,48.35154726423079,10.306674287527585,11.331829088863962,0,2014-01-22
-0.00888957673985069,1840.3419921875,1838.0164916992187,1812.1493969726562,0.006742313167611152,0.1772524798691233,48.34243091737677,8.713313291386385,10.808125929368448,0,2014-01-23
-0.02087544856898549,1829.2219970703125,1835.8649963378907,1812.5173974609374,0.009307767140246974,0.1626785826672541,35.71033673342002,4.32076246630254,9.510653236755266,0,2014-01-24
-0.004876293940238585,1817.7940185546875,1832.8419982910157,1812.7947998046875,0.009163560229672574,-0.12412172915155517,34.71294883733218,0.13365711049550555,7.635254011503314,1,2014-01-27
0.00614065260021901,1807.5340087890625,1830.3969970703124,1813.0047998046875,0.008970685238463543,-0.1501458518738258,34.63778524726871,-2.2756598180340006,5.653071245595851,0,2014-01-28
-0.010209232261157553,1793.402001953125,1827.0534973144531,1812.6763989257813,0.008210042260580712,0.15305876090440762,30.891854957477022,-5.597200795985827,3.4030168372795155,1,2014-01-29
0.011267044743841437,1786.547998046875,1824.3449951171874,1812.5965966796875,0.009106881299325468,-0.1050726282914819,38.121744226643074,-6.5411188563568885,1.4141896985522349,0,2014-01-30
-0.0064652996420466735,1785.0079833984375,1821.8754943847657,1812.4177954101563,0.00915152353662042,0.1443773238130408,34.45819258311403,-8.131467311008919,-0.494941703359996,0,2014-01-31
-0.02283191982018462,1777.073974609375,1817.4014953613282,1811.4981958007813,0.01102283274560191,0.1641381484793174,31.579712766805244,-12.531520269977136,-2.9022574166834243,1,2014-02-03
0.007641088938743268,1769.61396484375,1813.8229919433593,1810.974794921875,0.011517252085716438,-0.13915032458464172,29.437755075718087,-14.774284543424528,-5.276662842031645,0,2014-02-04
-0.0020282227794392593,1765.1019775390625,1809.5109924316407,1810.090595703125,0.011409873700396495,-0.020676382173871355,25.51379703703887,-16.647051665021763,-7.550740606629669,1,2014-02-05
0.012439792925644788,1760.95,1806.3079956054687,1809.4639965820313,0.012560957388900945,-0.03987661540701104,33.29182504368504,-16.18637262806783,-9.277867010917301,1,2014-02-06
0.013301886798946505,1763.8360107421875,1804.2524963378905,1809.3547973632812,0.01177581234788349,-0.012918876669428925,41.0650023551578,-13.75916103649115,-10.174125816032072,1,2014-02-07
0.0015692347655638095,1775.4260009765626,1802.125994873047,1809.2965966796876,0.011628088329307652,-0.12283666005471416,40.48316588452242,-11.475746996823545,-10.434450052190368,1,2014-02-10
0.011062113608869106,1788.3360107421875,1802.153497314453,1809.5469970703125,0.01196521634711494,0.1169086034491087,44.97417712018084,-7.967704814695026,-9.9411010046913,0,2014-02-11
-0.00026926239009483766,1801.860009765625,1801.1724975585937,1809.81599609375,0.011270203966619556,-0.10082770626429294,48.03335514841037,-5.167526202781573,-8.986386044309354,1,2014-02-12
0.005810025082904069,1813.139990234375,1800.2449951171875,1810.3945947265624,0.010929186028583348,-0.011084121477401898,59.58312598705213,-2.0715782848867548,-7.603424492424835,1,2014-02-13
0.004809216724759979,1821.4619873046875,1799.8819946289063,1811.2641943359374,0.010530514045320141,-0.053126453483953506,63.82711032479366,1.0796278625437026,-5.866814021431128,1,2014-02-14
0.0011584739056558213,1829.64599609375,1799.9849975585937,1812.223193359375,0.005470716824318894,0.09835781362870222,62.21402487626745,3.706133035796938,-3.9522246099855147,0,2014-02-18
-0.006524484290135191,1831.44599609375,1799.2324951171875,1813.0975927734376,0.006588684244219211,0.07028712903122081,64.2599761819971,4.763637642817002,-2.2090521594250117,1,2014-02-19
0.006031458262132583,1835.55,1798.978497314453,1813.7913940429687,0.0062347275453391365,-0.07007649724025489,62.50346505682693,6.4177688014258365,-0.483687967254842,0,2014-02-20
-0.0019187235651341172,1836.8340087890624,1799.3679992675782,1814.348994140625,0.005962771455109846,-0.0003230562294052053,65.3983226528735,7.359005761822573,1.0848507785606412,1,2014-02-21
0.00618651346579302,1838.6300048828125,1802.2339965820313,1815.2487939453124,0.005012339353407272,0.17939821615333096,86.48034573975164,8.918788470955178,2.651638317039549,0,2014-02-24
-0.0013476817370097205,1839.502001953125,1805.4119934082032,1816.5067944335938,0.005173648096790312,-0.12429101289565658,83.5322469484688,9.840570136382894,4.089424680908218,1,2014-02-25
2.1699977565736717e-05,1842.7840087890625,1808.0449951171875,1817.8999951171875,0.004236581809363603,0.05722274687389772,85.81494238687745,10.45381449876777,5.3623026444801285,1,2014-02-26
0.004948082937896281,1845.6860107421876,1812.0494995117188,1819.4793969726563,0.0043290060281535895,-0.045542721693531685,84.2917593755468,11.543464294720934,6.59853497452829,1,2014-02-27
0.0027826887923012578,1850.3260009765625,1815.3125,1820.9375952148437,0.004127720766238721,0.10429715909411241,81.38129588222733,12.677245992073267,7.814277178037286,0,2014-02-28
-0.007378510346287226,1849.95,1818.469500732422,1822.2321948242188,0.004820812869957847,-0.12488481027198817,70.78917127780647,12.32659585850115,8.716740914130058,1,2014-03-03
0.01526770113133269,1855.7080078125,1825.0705017089845,1823.4973950195313,0.006748189807903466,0.0984621757063433,72.82536559868875,14.159377436107661,9.80526821852558,0,2014-03-04
-5.335132643191631e-05,1861.4380126953124,1831.0010070800781,1824.7815966796875,0.006143686337156414,-0.09899170687535352,73.06555975819239,15.425981731523962,10.929410921125257,1,2014-03-05
0.0017184082710823834,1865.9860107421875,1837.2705078125,1825.9557983398438,0.006014671675216411,-0.009590361303746797,71.28046115930448,16.499404620415362,12.04340966098328,1,2014-03-06
0.0005380892952486782,1869.7040283203125,1842.5010070800781,1826.9567993164062,0.005884558127827171,0.06079245339165884,69.1106778093875,17.232948635802813,13.081317455947186,0,2014-03-07
-0.0004632463094992323,1875.992041015625,1846.5085083007812,1827.8338012695312,0.0057671491993831515,-0.15243467966808244,67.87434605174056,17.541874409042293,13.97342884656621,0,2014-03-10
-0.005082138985368356,1874.73603515625,1849.8980102539062,1828.3460009765624,0.006091277287048713,0.12280934019560785,69.56128143113861,16.822974113471673,14.543337899947304,1,2014-03-11
0.00030517087837123036,1873.614013671875,1852.3205078125,1828.8819995117187,0.006085686740778602,-0.03582714302558665,65.98062688075208,16.11348413728342,14.857367147414529,0,2014-03-12
-0.011701095130556172,1867.4760009765625,1853.6745056152345,1828.9873999023437,0.007148673591906909,0.12233174149917758,54.703952123342944,13.630169978181812,14.611927713567987,0,2014-03-13
-0.0028217776974703845,1860.093994140625,1854.2395080566407,1828.8428002929688,0.0070903064103039,-0.1050207164824748,46.79525724152087,11.113614479846774,13.912265066823744,1,2014-03-14
0.009613634629240364,1856.4259765625,1855.2495056152343,1829.3797998046875,0.007411879501073739,-0.12934870611725602,55.89372487694294,10.427265228709757,13.215265099200947,1,2014-03-17
0.0072196189337276895,1857.3499755859375,1856.8240051269531,1830.1973999023437,0.005951202436967713,0.024366454698320883,60.4441373883562,10.841242794211894,12.740460638203137,0,2014-03-18
-0.006131649335692324,1855.8639892578126,1858.4250061035157,1830.8773999023438,0.0062518228096457885,0.12252447793487797,52.45379829337968,10.126255347520328,12.217619580066575,1,2014-03-19
0.006040504799839086,1860.997998046875,1860.0365051269532,1831.56,0.006577036450141091,0.011653254124850632,54.54679631420143,10.347318473822952,11.843559358817851,0,2014-03-20
-0.0029326714097337447,1866.0760009765625,1861.5500061035157,1832.1406005859376,0.006622349172460302,0.583965932791191,58.002947207765,9.96464998173019,11.467777483400319,0,2014-03-21
-0.004864709743258144,1865.797998046875,1862.04150390625,1832.5267993164061,0.006757482589599226,-0.35321806739509476,42.56697124585855,8.826944503802906,10.939610887480837,1,2014-03-24
0.004403939814465518,1864.4719970703125,1863.06650390625,1832.9917993164063,0.006792037841449814,-0.061144030507480185,46.55503330824219,8.487527750130766,10.449194260010824,0,2014-03-25
-0.007000319763734719,1862.8300048828125,1863.436505126953,1833.6590014648436,0.0071296765253265875,0.08757529932261865,40.49414259592258,7.083060681992265,9.775967544407113,0,2014-03-26
-0.0019000838946738874,1858.2360107421875,1863.174005126953,1833.8622021484375,0.006060830688526127,0.07256273611330566,38.94985273788459,5.621176826319697,8.94500940078963,1,2014-03-27
0.0046402218845611465,1856.456005859375,1863.0825073242188,1834.047001953125,0.006111707668580254,-0.2083633548774183,42.964061596641464,5.096208170809859,8.175249154793676,1,2014-03-28
0.007924102207026662,1859.4360107421876,1864.4130065917968,1834.5760009765625,0.00586261002722911,0.10785919229103502,51.63415634095353,5.801074172915378,7.700414158418017,1,2014-03-31
0.0070393485966973035,1863.416015625,1864.993505859375,1835.51240234375,0.005840707821720882,0.018901749992364714,55.52580130077501,7.338610804805967,7.628053487695607,1,2014-04-01
0.002853326841976367,1871.0840087890624,1865.8480041503906,1836.4544018554689,0.0053387913976757255,-0.06130646036346854,65.88707276693307,8.888776808422563,7.8801981518409985,0,2014-04-02
-0.0011264502910314222,1879.0300048828126,1866.4350036621095,1837.3326025390625,0.005157465888664164,-0.0242874386108326,67.36658018983371,9.832082811391729,8.270575083751146,0,2014-04-03
-0.012537288005457836,1880.5239990234375,1865.7875,1838.0652026367188,0.006634188122320879,0.17284657677706505,52.18667171525937,8.570086559724132,8.330477378945744,0,2014-04-04
-0.010750112394172895,1875.064013671875,1864.1809997558594,1839.1602026367189,0.007332418950356158,0.06077153819323344,40.91608553478803,5.884253896857217,7.841232682528039,1,2014-04-07
0.0037505537703756975,1868.352001953125,1863.3974975585938,1840.5682006835937,0.007285184998354704,-0.021067777795314546,46.96644137328088,4.264928582396124,7.125971862501657,1,2014-04-08
0.010918212704340347,1864.6080078125,1863.596502685547,1842.1618017578126,0.007754777209490229,-0.11092450523317521,50.05514101929738,4.5606220919398766,6.612901908389301,0,2014-04-09
-0.020884795550912827,1853.4699951171874,1862.9335021972656,1843.3394018554689,0.010428611632558388,0.13604642376800213,41.096902809889635,1.621221785335365,5.614565883778514,0,2014-04-10
-0.009486773662544357,1843.589990234375,1861.6614990234375,1843.7694018554687,0.01056315310549045,-0.0040757905490611535,39.35546960101685,-2.087440270544448,4.074164652913922,1,2014-04-11
0.008217286225508769,1840.7039794921875,1860.2505004882812,1844.7298022460936,0.01059482696962552,-0.16880639835873767,41.37047253855578,-3.7790957515017,2.5035125720307976,1,2014-04-14
0.006757307791485534,1838.9079833984374,1858.7869995117187,1846.7516015625,0.010567837447521307,0.2008330280182804,47.630572140745464,-4.074619999296601,1.1878860577653179,1,2014-04-15
0.010488490558689278,1836.933984375,1858.8640014648438,1848.8938037109374,0.011230839025410888,-0.15559195383841307,53.04399836022607,-2.7177211407395134,0.40676461806435166,1,2014-04-16
0.001363852909705754,1843.28798828125,1858.5059997558594,1851.1580029296874,0.011266741204457312,0.05906347858057481,51.70574587646561,-1.4210381024277012,0.04120407396594108,1,2014-04-17
0.003775123551313042,1854.5280029296875,1858.7744995117187,1853.1272021484374,0.010607104776051637,-0.20917092382602653,49.889852965961396,0.1726743810352218,0.06749813537979724,1,2014-04-21
0.004092139025126507,1864.316015625,1859.8800048828125,1854.777802734375,0.009885067047654392,0.21681740775780511,48.497971127728654,2.0303985760763226,0.4600782235191023,0,2014-04-22
-0.002213313863220212,1870.7980224609375,1860.368505859375,1856.2888037109376,0.009940706009744463,-0.040342845769163804,46.07361910106526,3.130887471519827,0.9942400731192474,1,2014-04-23
0.0017169605671216726,1874.0580078125,1861.6710021972656,1857.4660034179688,0.009360715319720884,0.034387436319562426,47.44208888749567,4.214278001572438,1.6382476588098858,0,2014-04-24
-0.008096390978489132,1873.768017578125,1862.3890014648437,1858.3488037109375,0.006598342023443616,0.006638824749438443,49.55558294907502,3.801732068547153,2.0709445407573392,1,2014-04-25
0.0032360358580392212,1873.276025390625,1862.9795043945312,1859.1408056640626,0.005310911569401561,0.2557282556597842,56.924644502129695,3.9162157165710596,2.4399987759200834,1,2014-04-28
0.004760757069291355,1873.0320068359374,1863.27900390625,1859.9348046875,0.005034100050991824,-0.09588368842138661,57.40354989838339,4.671245363195794,2.886248093375226,1,2014-04-29
0.002992016977140688,1874.743994140625,1863.2005004882812,1860.798603515625,0.004824043434100872,0.036024255582786324,53.5995747066962,5.657877940546996,3.44057406280958,0,2014-04-30
-0.0001432614814260713,1875.7580078125,1862.839501953125,1861.8972045898438,0.0038755200007248285,-0.0959163639154007,70.29525643009202,6.344873148818124,4.021433880011289,0,2014-05-01
-0.0013484450597095465,1879.306005859375,1862.4580017089843,1862.724404296875,0.003952903478001803,-0.07527057955829242,79.80152585199703,6.608186812434269,4.538784466495885,1,2014-05-02
0.001871216126306141,1882.352001953125,1863.436505126953,1863.6926049804688,0.00384211298776105,-0.1347750952664295,77.46168941196318,7.019978997960607,5.03502337278883,0,2014-05-05
-0.008988392160571124,1880.2300048828124,1864.5705017089845,1864.0948046875,0.004687557077298488,0.21711361399991946,62.0120387097386,5.911264347487986,5.210271567728661,1,2014-05-06
0.005616468420812426,1879.0820068359376,1865.8830017089845,1864.7566040039062,0.005033257540163282,0.09187439514795948,58.44482711224413,5.8120567699738785,5.330628608177705,0,2014-05-07
-0.0013736249452109828,1877.4719970703125,1866.0554992675782,1865.3660034179688,0.005022021805568815,-0.06593264426980827,55.723103164912985,5.462287310066586,5.356960348555481,1,2014-05-08
0.001519476431128819,1876.939990234375,1868.3255004882812,1865.8498022460938,0.004181056824475666,-0.10856304259419702,53.661504319740864,5.35335159978581,5.356238598801547,1,2014-05-09
0.009672737603931392,1879.33798828125,1872.3735046386719,1866.5938037109374,0.005008837676982703,-0.006373511580088698,58.5074608736844,6.656458448054764,5.616282568652191,1,2014-05-12
0.0004217577030636299,1885.283984375,1875.7155029296875,1867.628203125,0.004877135817999164,-0.029962671422012588,61.35473988054323,7.665365851760043,6.026099225273762,0,2014-05-13
-0.004701005088166399,1887.347998046875,1877.9930053710937,1867.9206030273438,0.005132276299725463,-0.032109147780277625,54.82306047862043,7.656905054357821,6.352260391090574,0,2014-05-14
-0.00936180703333589,1886.3919921875,1878.4200012207032,1867.8614013671875,0.005971068046527134,0.25888180974181974,53.53715900581663,6.152643392223126,6.3123369913170855,1,2014-05-15
0.00374696520677964,1886.2679931640625,1879.0705017089845,1867.8780004882813,0.00612197256084578,-0.10667841379931542,53.96554139878676,5.463178271942752,6.1425052474422195,1,2014-05-16
0.0038447864907102947,1883.9539794921875,1879.729998779297,1868.018798828125,0.006225579125815474,-0.16050919288516374,53.22627321567767,5.436692683688079,6.0013427346913915,0,2014-05-19
-0.00649839809746755,1879.02998046875,1879.393994140625,1867.9319970703125,0.005863641361116222,0.1289105752087829,45.00179418552207,4.376777277691417,5.676429643291397,1,2014-05-20
0.008116098951240547,1878.92998046875,1880.0259948730468,1868.3399975585937,0.00616169776841471,-0.07665658144096821,51.723854351601474,4.709022876043264,5.4829482898417705,1,2014-05-21
0.0023622298736216685,1883.2579833984375,1880.7199951171874,1868.8257983398437,0.006146103530165394,-0.006243833584190894,54.430470221945214,5.271445537845466,5.44064773944251,1,2014-05-22
0.004248391856225497,1887.7919921875,1882.5764953613282,1869.909599609375,0.0062359845641388354,-0.13171968983259652,55.98371045555677,6.293387257486984,5.611195643051405,1,2014-05-23
0.005987805879090757,1893.1580078125,1884.7004943847655,1871.3252001953124,0.005770193613965678,0.2148079523261055,67.3908260336109,7.930140991362123,6.074984712713549,0,2014-05-27
-0.0011140717108722997,1900.5480224609375,1886.272998046875,1872.3442016601562,0.005802223504259106,0.02247665766638507,63.29938661411816,8.952211008830773,6.650429971936994,1,2014-05-28
0.0053671102654548886,1906.9480224609374,1888.077001953125,1873.2998022460938,0.005639243253388554,-0.0898385660770381,67.56886259939466,10.468622435522093,7.414068464654014,1,2014-05-29
0.0018436779311643559,1913.164013671875,1890.0714965820312,1874.55580078125,0.004109402218221059,0.20466215093852091,67.74497906884463,11.819780066231942,8.2952107849696,1,2014-05-30
0.0007278261010281728,1918.052001953125,1892.2629943847655,1875.615,0.004142097074770686,-0.23118501971815453,62.840029975216204,12.855363860460102,9.207241400067701,0,2014-06-02
-0.00037921654875650024,1920.5179931640625,1894.2419921875,1876.7693994140625,0.004203347410933828,0.14274896174602025,62.15409153338355,13.461986751759014,10.058190470405965,1,2014-06-03
0.001891663548679423,1924.13798828125,1897.2499938964843,1878.1782006835938,0.0029562154752810123,-0.02555123849915253,68.75057440375436,14.074219681264367,10.861396312577646,1,2014-06-04
0.006525279593556643,1928.223974609375,1900.3624938964845,1879.675,0.0026739727673092354,0.11430176955675186,84.86427726835305,15.39702864542437,11.768522779146991,1,2014-06-05
0.004627758701298612,1933.3979736328124,1904.0529907226562,1881.61259765625,0.0027331571434415706,-0.07997057755992898,85.15717463381878,16.974304439405387,12.80967911119867,1,2014-06-06
0.0009387712266117898,1938.6579833984374,1907.6924926757813,1883.657197265625,0.002761741335257209,-0.018196417972977663,84.32737268467227,18.162611599197817,13.880265608798501,0,2014-06-09
-0.00024598362294592224,1943.9679931640626,1910.3994934082032,1885.5205981445313,0.002622567091338161,-0.03905155431017926,96.05391630166245,18.848351113218087,14.87388270968242,0,2014-06-10
-0.0035370410325543666,1947.1699951171875,1912.7214965820312,1886.9515991210938,0.0030251467795781124,0.0030565875753045813,86.58633112506536,18.620386094155265,15.62318338657699,0,2014-06-11
-0.00708889350376507,1945.1,1914.8004943847657,1887.8433984375,0.0038375092473138346,0.12169171628631092,71.95889569590453,17.13032129378098,15.924610968017788,1,2014-06-12
0.003134561695468774,1942.4440185546875,1918.0659973144532,1888.7485986328124,0.003907665640499526,-0.1454540072620113,71.2919721340774,16.250299247938983,15.989748624002027,1,2014-06-13
0.0008367051734305964,1939.7460205078125,1921.0619995117188,1889.728798828125,0.003908028922569426,0.12620129857633855,67.50100335111013,15.5048650703975,15.892771913281123,1,2014-06-16
0.0021725690603942027,1937.9860107421875,1923.9075012207031,1891.2667993164061,0.003915185081718302,0.015423101502667347,71.19355512361247,15.079979164826227,15.730213363590146,1,2014-06-17
0.007718881307192449,1940.60400390625,1928.1150024414062,1893.5055981445312,0.004469383793177092,0.03162294784031028,72.88490035382708,15.771022429416234,15.738375176755364,1,2014-06-18
0.0012774785766593855,1946.4780029296876,1931.6875,1895.6559985351562,0.004108356867453892,-0.036888053712294755,72.53106134759759,16.332141540654447,15.857128449535182,1,2014-06-19
0.0017300583227324307,1951.8199951171875,1935.2065002441407,1897.4697973632813,0.0039206620038796805,0.46884135291228435,73.20029351853097,16.856072023800152,16.056917164388178,0,2014-06-20
-0.00013246407875799893,1956.785986328125,1938.310498046875,1900.0603979492187,0.003927850282518674,-0.37327500322860363,73.62391078549709,17.05372536092932,16.256278803696407,0,2014-06-23
-0.006435310620591883,1958.383984375,1940.2139953613282,1902.7461987304687,0.004517068474251971,0.13690973384897864,62.250530843028805,16.006715758502196,16.206366194657566,1,2014-06-24
0.0048975112174378665,1958.893994140625,1942.7014953613282,1905.324599609375,0.004577015013337407,0.0055053888727061295,60.93841461536091,15.76582363168177,16.118257682062406,0,2014-06-25
-0.00117888399729138,1958.4419921875,1944.5609924316407,1907.6093994140624,0.0037505377506640678,-0.10553608157826122,54.8323016780447,15.213144799695101,15.937235105588947,1,2014-06-26
0.001910868625069062,1958.0599853515625,1946.4304931640625,1909.5823974609375,0.0037074475554835264,0.5440219660002015,55.8790941840072,14.90511194661076,15.73081047379331,0,2014-06-27
-0.0003722566922789161,1957.583984375,1948.1934936523437,1911.4899975585938,0.003743040416106756,-0.29209036519453035,55.710091678087046,14.435684779916528,15.471785335017955,1,2014-06-30
0.006677770440579822,1962.2519775390624,1950.6474914550781,1913.5185961914062,0.004129761629650924,0.04967817340774028,66.56156403704009,14.947604532076639,15.366949174429692,1,2014-07-01
0.0006588129971369927,1965.269970703125,1952.9844909667968,1915.4199951171875,0.003529042797290438,-0.10562567435324821,79.14098563993709,15.282045788211008,15.349968497185957,1,2014-07-02
0.005479508115899812,1970.91396484375,1955.2334899902344,1917.6209936523437,0.003816961589949435,-0.29927967231051944,80.36720380202166,16.233047663931302,15.526584330535027,0,2014-07-03
-0.003923521850109468,1974.2519775390624,1956.643994140625,1919.6017944335938,0.004153888518186852,0.341911525506859,72.83244995057623,16.17172472770949,15.655612409969919,0,2014-07-07
-0.00704880201475111,1974.9479736328126,1957.2659912109375,1921.6079931640625,0.004838107763197122,0.2316709308310272,61.19124173535006,14.827358677237953,15.489961663423527,1,2014-07-08
0.004644267890169251,1974.8499755859375,1958.367987060547,1923.6759912109376,0.004435597783840739,-0.13433441435548976,58.692534795444956,14.332628662117259,15.258495063162274,0,2014-07-09
-0.004131071874054704,1972.8619873046875,1959.407489013672,1925.4029931640625,0.0045118115911903746,0.10734923744228353,52.68543489306549,13.131550216442747,14.833106093818369,1,2014-07-10
0.0014709227452411877,1969.28798828125,1961.2804870605469,1927.0753930664061,0.004494934823535794,-0.1519605520439462,52.43976315882857,12.271419785563012,14.320768832167298,1,2014-07-11
0.004843552990250188,1969.177978515625,1963.3274841308594,1928.9437915039061,0.004686159590140144,0.022457470861906526,56.86145074174096,12.217913439917538,13.900197753717347,0,2014-07-14
-0.0019320956634630848,1971.0919921875,1965.1024841308595,1930.786591796875,0.004756060600497874,0.2126910802500619,62.037663025655256,11.732031972949017,13.466564597563682,1,2014-07-15
0.004201084929208676,1972.839990234375,1967.0814819335938,1932.7247900390626,0.004464207760389193,0.018688753101774314,61.536849342553396,11.87896115948206,13.149043909947359,0,2014-07-16
-0.01183402645755216,1971.527978515625,1967.1384826660155,1934.5327905273436,0.005906831668992783,-0.0027337471799938617,50.38574829309127,9.988052466736008,12.51684562130509,1,2014-07-17
0.010264935568841116,1973.6579833984374,1968.0754821777343,1936.5329907226562,0.006624422756763326,-0.08150386789997865,56.48777273661644,9.99616419332915,12.012709335709902,0,2014-07-18
-0.0023202504717819705,1972.9639892578125,1968.6134826660157,1938.4929907226563,0.006547127083175996,-0.15933368962608574,54.89482456789651,9.522452014044347,11.51465787137679,1,2014-07-21
0.005016150134305564,1975.0139892578125,1969.6594848632812,1940.5939916992188,0.006246307193377917,0.10697161414850109,53.81857859631022,9.832537558871309,11.178233808875696,1,2014-07-22
0.0017544380056517817,1976.102001953125,1971.510986328125,1942.40119140625,0.0061258080328273545,-0.007182198112424265,54.55952734979691,10.241035643534815,10.99079417580752,1,2014-07-23
0.00048815592189166424,1982.0739990234374,1972.9334838867187,1944.2117919921875,0.00588777811956833,0.11632145296405216,51.00779579058305,10.52175362187063,10.896986065020144,0,2014-07-24
-0.004849150767687549,1982.097998046875,1973.989483642578,1946.0079907226564,0.006186529252299015,-0.176233717180735,50.269783142467645,9.852779318162902,10.688144715648697,1,2014-07-25
0.0002881549022029084,1983.15400390625,1974.8869873046874,1948.1691918945312,0.006001278421086612,0.0622821111346894,56.637607798025755,9.261847304687535,10.402885233456466,0,2014-07-28
-0.004527786939807377,1980.43798828125,1975.3729858398438,1950.0109912109374,0.0061535130103627595,0.13554642352639013,48.740593015050116,7.978553808553215,9.918018948475817,1,2014-07-29
6.091277451791832e-05,1977.0499755859375,1975.2104858398438,1951.710791015625,0.0059644762634372735,0.0832312380234348,52.53499293825856,6.8917730011744425,9.312769759015543,0,2014-07-30
-0.019999240340662028,1965.58798828125,1973.01298828125,1952.8675927734375,0.007917579841401652,0.2159791198433989,37.081659515547265,2.818755680209051,8.013966943254244,0,2014-07-31
-0.002859121137017251,1954.95,1969.9984924316407,1953.6099926757813,0.00677814842533764,-0.09619365609348918,31.287363801852038,-0.8448207666892813,6.24220940126554,1,2014-08-01
0.007189032358413172,1946.9659912109375,1968.0654907226562,1954.5399926757811,0.007468425202047385,-0.18913042330974283,38.48011915873669,-2.60147374920075,4.473472771172282,0,2014-08-04
-0.009685469956760784,1937.0179931640625,1965.8904907226563,1954.9335913085938,0.00743680389410266,0.1267849472163285,30.743156528488313,-5.44624439166887,2.4895293386040516,1,2014-08-05
1.563854864095049e-05,1927.052001953125,1963.2609924316407,1955.1001904296875,0.0073272496725383975,0.02213128010812926,36.06328253209173,-7.610592336966874,0.4695050034898664,0,2014-08-06
-0.0055566200056119674,1922.831982421875,1960.5054870605468,1955.0959887695312,0.007220518962453056,-0.08720455476597488,22.859186346512644,-10.070747738898035,-1.638545544987714,1,2014-08-07
0.011531402436471216,1924.119970703125,1958.7064880371095,1955.3271875,0.00870915271981648,-0.10160593341010116,35.39263507036637,-10.126870809269576,-3.3362105978440866,1,2014-08-08
0.0027594252503462258,1923.7059814453125,1956.697491455078,1955.594189453125,0.008826733498655958,-0.04044751023333382,33.27355258004911,-9.630244523272722,-4.595017382929814,0,2014-08-11
-0.00163664161317445,1926.4139892578125,1954.7209899902343,1955.7697900390624,0.00878589292377234,-0.062189170846963404,30.844515627112884,-9.38428447690967,-5.552870801725786,1,2014-08-12
0.006707160027472625,1931.7099853515624,1952.9784912109376,1956.2193896484375,0.009186094057905377,0.04070911666730481,36.33957829153592,-8.049995786468116,-6.052295798674252,1,2014-08-13
0.004345814053963171,1940.8320068359376,1952.831494140625,1956.765390625,0.0064572828938216625,-0.039940839287422425,42.27180299342073,-6.237996649043453,-6.089435968748092,0,2014-08-14
-6.137292417629503e-05,1945.526025390625,1951.6734985351563,1957.057392578125,0.006317056249813627,0.1586228568362804,42.01755998708945,-4.756823184352015,-5.8229134118688775,1,2014-08-15
0.008531672245722488,1952.4900146484374,1951.5789978027344,1957.5033935546876,0.006462563047648917,-0.12741368931460817,50.56967660829527,-2.2115579949929725,-5.100642328493697,1,2014-08-18
0.005000651911710952,1962.060009765625,1951.4824951171875,1958.1099926757813,0.005117763725688292,0.0069252812566333866,53.455206037886036,0.5943501215240303,-3.9616438384901516,1,2014-08-19
0.002477812999687634,1970.018017578125,1951.4574951171876,1958.8243920898437,0.005007521073988235,-0.028937333187774583,71.09393661319106,3.177621598980977,-2.533790750995926,1,2014-08-20
0.0029498896671826813,1977.456005859375,1951.6769958496093,1959.7939916992189,0.00391938126814063,0.023011676409930404,75.32775876660412,5.632803250686038,-0.9004719506595333,0,2014-08-21
-0.0019925870761225983,1984.1239990234376,1952.179998779297,1960.9597924804686,0.0034351353537539616,-0.12772649417185822,70.11314566821535,7.175494309172109,0.7147213013067951,1,2014-08-22
0.004787778824361766,1989.360009765625,1953.1304992675782,1962.1949926757814,0.0034848995852606625,-0.029532638822517443,84.21235920878534,9.061815137439908,2.3841400685334175,1,2014-08-25
0.0010510808940034089,1993.0440185546875,1954.6340026855469,1963.4397924804687,0.003167217687797577,0.0976193886869483,84.49495631906296,10.603952697639897,4.0281025943547135,1,2014-08-26
4.9987292607633904e-05,1995.766015625,1956.1365051269531,1964.602392578125,0.0030887935734754397,-0.043883439711250194,93.0903159396515,11.699312625476523,5.562344600579076,0,2014-08-27
-0.0016899010514689339,1996.6400146484375,1959.4400024414062,1965.3975927734375,0.0033158748133950196,-0.026425235139804215,87.6894503802778,12.154545083979201,6.880784697259101,1,2014-08-28
0.00332041473363498,1999.6340087890626,1963.3510009765625,1966.2753930664062,0.00324137207306462,-0.01019540834209609,87.87186023342664,12.901584635178779,8.084944684843038,0,2014-08-29
-0.0005440661600049079,2000.506005859375,1966.5155029296875,1967.06359375,0.0025446080073850915,0.24825928565421207,90.00590042813735,13.252896586946235,9.118535065263679,0,2014-09-02
-0.0007791410646480479,2000.64599609375,1970.5410034179688,1967.8257934570313,0.0023177997084186655,-0.0035461244405988745,86.36853926672302,13.252661714476972,9.945360395106338,0,2014-09-03
-0.0015344207755288997,2000.152001953125,1974.4115051269532,1968.7791943359375,0.0023730764811128093,0.09339212378735784,80.84245538262962,12.856554213392428,10.527599158763556,1,2014-09-04
0.005035885365550108,2002.34599609375,1979.318505859375,1969.74279296875,0.002678356165462932,-0.08270706058110733,83.41162544968905,13.202202199159956,11.062519766842836,0,2014-09-05
-0.003073114142502442,2001.9800048828124,1982.8160095214844,1970.6291943359374,0.002820250147479275,-0.010364404073377576,71.82201420224976,12.830369078901867,11.416089629254643,0,2014-09-08
-0.006545009043329442,1999.2119873046875,1985.3920043945313,1971.1787939453125,0.0032261126726864766,0.03360952855590882,54.7818621552473,11.347809766190721,11.40243365664186,1,2014-09-09
0.0036460744169486414,1998.2059814453125,1988.4890014648438,1971.8879931640624,0.0034581547509450242,0.010267688347908033,56.21442501570092,10.635288256047488,11.249004576522985,1,2014-09-10
0.0008819054148185845,1998.165966796875,1991.0255004882813,1972.3705932617188,0.003475104716398942,0.010046593394519299,53.64102940996337,10.096244680901691,11.018452597398728,0,2014-09-11
-0.005962558462297207,1993.731982421875,1992.5434997558593,1972.588994140625,0.003922343118464096,0.09004347840866989,48.15959353795735,8.608781715229043,10.536518420964791,0,2014-09-12
-0.0007101514711097545,1990.2499755859376,1993.9969970703125,1972.5627954101562,0.0036793782335602615,-0.13411215098999862,40.0919169239405,7.232803369211524,9.875775410614139,1,2014-09-15
0.007484376300642026,1992.3579833984375,1995.3589965820313,1972.98939453125,0.004552222715125759,0.1382228897220632,49.368447269794586,7.256945983953983,9.352009525282108,1,2014-09-16
0.0012956437010964716,1993.533984375,1996.3574951171875,1973.7465942382812,0.004567901051554252,0.015539614784625622,50.85462336997033,7.399767858845962,8.96156119199488,1,2014-09-17
0.0048911800862372345,1996.3159912109375,1997.5999938964844,1974.5171948242187,0.004767544644970889,0.008076225610857968,58.01184581442985,8.208309277392573,8.81091080907442,0,2014-09-18
-0.00047726958102545236,2001.28798828125,1998.5014953613281,1975.4315942382811,0.004522172783456607,0.5084102443638072,54.10777359954807,8.671661832209566,8.783061013701449,0,2014-09-19
-0.00801332329681892,2003.3199951171875,1998.79599609375,1975.96599609375,0.005140180902400385,-0.3136231563331161,46.02843093472098,7.6507379444663,8.556596399854419,0,2014-09-22
-0.0057765015647701645,2000.0780029296875,1998.0384948730468,1976.0793969726562,0.005042092409436972,-0.020993112754390753,41.88150932395785,5.844704987821615,8.014218117447859,1,2014-09-23
0.00783249148610099,1999.4240234375,1997.9524963378906,1976.5797973632812,0.00555178047143162,0.010520377513836499,50.26421632693161,5.601978313416794,7.531770156641646,0,2014-09-24
-0.016168772358634453,1990.3500244140625,1996.24599609375,1976.2681982421875,0.007556524977291249,-0.012311963426226313,35.63955393833457,2.7705270617359474,6.579521537660507,1,2014-09-25
0.008575824615237426,1984.8400146484375,1995.551495361328,1976.7627978515625,0.00800097072877904,-0.10498159209300195,44.00767723669575,1.8655367124044915,5.636724572609304,0,2014-09-26
-0.002546802239196233,1981.5420166015624,1994.272998046875,1976.7543994140624,0.008037361320595748,0.05632475831558259,46.40300892376667,0.7323958516221865,4.655858828411881,0,2014-09-29
-0.002785928622506484,1979.4460205078126,1992.7734985351562,1976.7276000976562,0.007576476264912168,0.2768384586548778,41.995102485338364,-0.6032839021074778,3.6040302823080093,0,2014-09-30
-0.013248560995234304,1969.018017578125,1990.0455017089844,1975.9802001953126,0.008373235979190248,0.06010731188782881,34.96160649285852,-3.727326447366522,2.137758936373103,1,2014-10-01
5.143341477165109e-06,1965.0540283203125,1987.471502685547,1975.1634008789063,0.00801112332057847,-0.04203801279189412,37.59062160205064,-6.131662973632274,0.4838745543720275,1,2014-10-02
0.0111655096821337,1962.0640380859375,1985.481005859375,1974.7618017578125,0.009215975234189988,-0.11253305287712678,45.46521796668117,-6.212080180764815,-0.855316392655341,0,2014-10-03
-0.0015651598591330806,1959.468017578125,1983.645001220703,1974.4914013671876,0.008978481541623345,-0.056936733530470685,39.78345998178949,-6.449996416486783,-1.9742523974216297,0,2014-10-06
-0.015126053030587783,1952.0300048828126,1980.9780029296876,1973.6152001953126,0.009916701529607726,0.09816212160013338,32.895900710396106,-8.93371766675773,-3.36614545128885,1,2014-10-07
0.017461650296527242,1956.5760009765625,1979.638006591797,1973.5940014648438,0.011378892505814083,0.20445948474322573,40.2730155960984,-8.082342679314706,-4.309384896894021,0,2014-10-08
-0.02066141501469354,1952.983984375,1976.176007080078,1972.7568017578126,0.012092101868263897,-0.022033413704526716,34.073554380936926,-10.568337014477493,-5.561175320410715,0,2014-10-09
-0.011451012338901223,1940.62998046875,1972.2055053710938,1972.2660009765625,0.011824833418139039,0.04754121758187124,33.303031550074934,-14.156980500640202,-7.280336356456613,0,2014-10-10
-0.016467929557809624,1922.6139892578126,1966.7360046386718,1971.2578002929688,0.012453784949690122,-0.04350252937014065,30.971926462847847,-19.311309409040405,-9.686530966973372,1,2014-10-13
0.0015788647774723774,1911.133984375,1960.6720031738282,1970.0319995117188,0.01262571943959327,0.10555348781642149,27.77366827297311,-22.893407146715163,-12.327906202921731,0,2014-10-14
-0.008100314924121665,1889.8539794921876,1953.7180053710938,1968.8776000976563,0.012346212633179882,0.26574965554934415,29.642010251603196,-26.652330666725902,-15.192791095682566,1,2014-10-15
0.0001449777086941495,1876.7639892578125,1946.2880065917968,1967.7280004882812,0.012351728644066598,-0.1670798581467131,24.729604557100146,-29.27208593299656,-18.008650063145367,1,2014-10-16
0.012884107385910504,1872.889990234375,1940.106005859375,1967.2718017578125,0.012600309437234065,-0.11650158185742587,32.257558023352075,-29.076485803345577,-20.22221721118541,1,2014-10-17
0.00914265720638352,1878.743994140625,1935.5920043945312,1966.7202026367188,0.01327919995702751,-0.25677804253344394,37.27543479863179,-27.215813498879925,-21.620936468724313,1,2014-10-20
0.019574487182363987,1891.460009765625,1933.5175048828125,1966.80740234375,0.014272403801445786,0.1968894185596224,49.12682440339808,-22.474763115408223,-21.791701798061094,0,2014-10-21
-0.0072993302004167315,1904.3840087890626,1929.9580017089843,1966.6746020507812,0.013083951342261726,-0.056472264232811376,46.754078294608455,-19.63451617111309,-21.360264672671494,1,2014-10-22
0.012303377138681793,1921.99599609375,1929.1994995117188,1966.7566015625,0.011984695144347614,0.007262229759724459,47.110752823169484,-15.294103405826263,-20.147032419302448,1,2014-10-23
0.007053449392805167,1937.5599853515625,1928.2859985351563,1966.944599609375,0.01121270438584873,-0.18760176815992613,49.96081920154077,-10.621538740542519,-18.241933683550464,0,2014-10-24
-0.0015015683952100956,1949.083984375,1927.4774963378907,1967.0759985351563,0.00911622325128393,0.1495851714213321,54.7461501706425,-7.0749780422440836,-16.00854255528919,1,2014-10-27
0.011939073060167393,1957.83798828125,1928.115496826172,1967.3421997070313,0.009323837221248608,0.03232679450444498,53.002384526027264,-2.3474414762331435,-13.27632233947798,0,2014-10-28
-0.0013853554985293615,1968.8760009765624,1929.9224975585937,1967.356201171875,0.008424855493121783,0.023838982169350098,61.698192309235715,1.163847189174021,-10.388288433747581,1,2014-10-29
0.0062301242403934864,1977.6420166015625,1932.3464965820312,1967.5190014648438,0.008147234005586215,-0.04122608846765674,69.98555837283651,4.8867768491070365,-7.333275377176658,1,2014-10-30
0.011731393541549506,1988.33603515625,1934.8539978027343,1968.0326025390625,0.008060763320890636,0.19690754709089142,83.5667958640077,9.61458093081319,-3.943704115578689,0,2014-10-31
-0.00011892184463624389,1999.5720458984374,1937.5035034179687,1968.6208032226561,0.008287854425733578,-0.1716682703172432,83.24083212855872,13.18998854387155,-0.5169655836886412,0,2014-11-03
-0.0028298416808328897,2004.98203125,1941.3535034179688,1968.9044018554687,0.007111018478308546,0.11273428886438808,87.17016015008726,15.385415367794167,2.663510606607921,1,2014-11-04
0.005700497411807115,2013.2360107421875,1944.0875,1969.375400390625,0.005995351512388256,-0.04794174295925946,87.84652414313796,17.84513016777987,5.699834518842311,1,2014-11-05
0.0037755130048497954,2020.547998046875,1949.2375,1969.9971997070313,0.005404613839268695,-0.025704947976817216,86.83254791859908,20.17835369906561,8.595538354886973,1,2014-11-06
0.00034958621780534216,2023.3219970703126,1955.527001953125,1970.70080078125,0.005407744982498493,0.009403859097436573,85.61958018186454,21.833069882900418,11.243044660489662,1,2014-11-07
0.003120184693883088,2027.4119873046875,1963.7030029296875,1971.3986010742187,0.00513388992883159,-0.11320418542874733,82.62680123795069,23.38644228743533,13.671724185878796,1,2014-11-10
0.0006966942090356198,2032.9280029296874,1971.8020080566407,1972.1466015625,0.004334744761555688,-0.09942951773852793,91.42561686468149,24.450239645173497,15.827427277737737,0,2014-11-11
-0.0007011166816754955,2035.864013671875,1980.5900085449218,1972.8972021484376,0.004267497633846405,0.0974641012466535,88.48485434660425,24.89098554514794,17.640138931219777,1,2014-11-12
0.0005298447465655887,2037.4880126953126,1989.418505859375,1973.73080078125,0.0041364241779076605,0.06425700337270723,87.03789726319049,25.038791670058572,19.11986947898754,1,2014-11-13
0.00024027020881067784,2039.0679931640625,1997.0715026855469,1974.3730004882811,0.002457684049056211,-0.06602667808883245,89.71040441212939,24.908339374425395,20.27756345807511,1,2014-11-14
0.0007353590216279127,2039.67998046875,2003.9369995117188,1975.1685986328125,0.0024261687533445875,-0.02300496106447525,86.76322106757479,24.641935560189268,21.150437878497943,1,2014-11-17
0.005133983312177293,2042.1039794921876,2009.4630004882813,1976.43580078125,0.00227256698570821,0.08351068384878646,91.24127140497784,24.988414420411573,21.91803318688067,0,2014-11-18
-0.0015011590075549863,2044.1979736328126,2015.5434997558593,1977.4964013671874,0.0020884691497123752,-0.007417620214332343,86.05126635749063,24.72939972348695,22.480306494201926,1,2014-11-19
0.0019670962134916703,2046.881982421875,2020.6400024414063,1978.60240234375,0.0019154517453833307,-0.07743191235236002,81.19356863502486,24.56613527837112,22.897472251035765,1,2014-11-20
0.0052368773596394025,2051.6179931640627,2025.586004638672,1980.1616015625,0.0022998128263161883,0.25193636139871933,84.54535385978514,25.015815439281823,23.321140888684976,1,2014-11-21
0.0028640233144536786,2057.235986328125,2030.975,1981.8671997070312,0.002281683509745282,-0.20129608162556623,93.20048511438651,25.55449441807332,23.767811594562644,0,2014-11-24
-0.0011500296768531815,2060.281982421875,2035.0739990234374,1983.2282006835937,0.0024259155329542847,0.08467868263396472,87.96296098833254,25.495468841849515,24.11334304402002,1,2014-11-25
0.0028059818899186517,2065.10400390625,2039.6005004882813,1984.6534033203125,0.0023511232922897225,-0.19089049614788356,87.56318333854811,25.621359036603053,24.41494624253663,0,2014-11-26
-0.002542427180532325,2068.066015625,2043.2460021972656,1985.7774047851562,0.002694653626585598,-0.08764925726524997,79.71978428031343,25.007609237559564,24.533478841541218,0,2014-11-28
-0.006829362527492333,2066.05400390625,2045.0154968261718,1986.638203125,0.0037480799224201542,0.6605220710361568,61.20451662197618,23.115373018365517,24.24985767690608,1,2014-12-01
0.006384461097458161,2065.48203125,2047.4524963378906,1988.0834033203125,0.004161590277377885,-0.11357510561407647,66.91419763237042,22.415249244749248,23.882935990474714,1,2014-12-02
0.0037647427417917267,2066.942041015625,2050.564001464844,1989.9146044921874,0.004039868990564285,-0.020064286004909615,71.03052175001991,22.231903904546925,23.552729573289156,0,2014-12-03
-0.0011618962070774064,2066.760009765625,2052.9815002441405,1991.387001953125,0.00401695705223343,-0.0565618875737679,68.7061121706705,21.64263906359588,23.1707114713505,1,2014-12-04
0.0016652165347093018,2068.322021484375,2055.1895080566405,1993.5746044921875,0.004011130237342126,0.003309528978916454,69.7345969893977,21.209553824946397,22.77847994206968,0,2014-12-05
-0.007256565211683386,2069.696044921875,2056.6090087890625,1995.1238061523438,0.004496989464793578,0.11152408747170739,59.16239370605565,19.427165515677416,22.10821705679123,0,2014-12-08
-0.00023782354133117245,2068.350048828125,2057.68701171875,1996.7642065429689,0.004371560175688149,0.04450419495973423,54.28233981311531,17.770227698942108,21.240619185221405,0,2014-12-09
-0.01635096881921505,2058.7120361328125,2057.010009765625,1997.8412060546875,0.006675521893226739,0.03634371497298594,40.91281113090366,13.582819396081277,19.709059227393382,1,2014-12-10
0.0045356892119050585,2051.39404296875,2056.8640075683593,1999.6246044921875,0.006833726978258113,-0.04775619525378905,43.26894322809606,10.880397169596563,17.94332681583402,0,2014-12-11
-0.016213587335965784,2036.7860107421875,2055.0140075683594,2000.747802734375,0.008224148368566447,0.06117995380237118,29.831903348651437,6.006643035802654,15.555990059827748,0,2014-12-12
-0.006342586611898127,2022.65,2052.504510498047,2001.18240234375,0.008201491959623053,0.049147956177167496,24.82339390343968,1.1066214068880527,12.66611632923981,0,2014-12-15
-0.008489022887163578,2005.233984375,2049.0755126953127,2001.3408032226562,0.007613658700485299,0.13679306921840717,22.740772946587114,-4.092389543925037,9.314415154606841,1,2014-12-16
0.020352415732846962,2002.583984375,2047.1300109863282,2002.8966040039063,0.010786499785307237,-0.0032891817983817795,35.54272241252097,-4.9162008536234225,6.468291952960789,1,2014-12-17
0.02401520473971619,2007.7639892578125,2047.7555114746094,2004.7434033203126,0.013774651129545089,-0.04835534369138694,48.735858366211026,-1.6494323743750101,4.844747087493629,1,2014-12-18
0.004570048934014581,2021.427978515625,2048.650506591797,2007.5922021484375,0.013854195807261192,0.3746560983803138,53.50265238018575,1.6802453287327808,4.211846735741459,1,2014-12-19
0.003810463907886641,2039.2099853515624,2049.402508544922,2011.0404028320313,0.013663412156292331,-0.4788486017387592,52.49323525081608,4.899231696723291,4.349323727937826,1,2014-12-22
0.0017463617463617798,2061.0959716796874,2050.0405090332033,2015.1890014648438,0.01365841049193775,-0.09662207079940166,51.65887304909876,7.654961164417045,5.01045121523367,0,2014-12-23
-0.00013929653841071588,2074.8939453125,2050.7830017089846,2019.2726000976563,0.012236700742033662,-0.5344930107261946,52.12655936914227,9.70363542426935,5.9490880570408065,1,2014-12-24
0.003309574570383944,2080.401953125,2051.579998779297,2023.7982006835937,0.012223340509098376,0.22459738316701716,52.81960603806463,11.747779891184564,7.108826423869559,1,2014-12-26
0.0008617745425745227,2084.385986328125,2052.730499267578,2028.3544018554687,0.01034133100188132,0.4132766261533054,56.74362526238359,13.35903338413209,8.358867815922066,0,2014-12-29
-0.0048886047197381766,2084.747998046875,2054.076007080078,2032.2262036132813,0.010182994850296799,-0.004925867327798539,54.385070184276096,13.653903462013659,9.417874945140385,0,2014-12-30
-0.010310858415930158,2080.093994140625,2053.693499755859,2035.3240014648438,0.010454183753855496,0.06793892504138865,57.38300139919087,12.018200296256964,9.9379400153637,0,2014-12-31
-0.0003399636723855348,2075.3580078125,2052.886993408203,2037.6623999023439,0.008856855526924876,0.03938113711450586,55.359227977795435,10.543870368676835,10.059126086026328,0,2015-01-02
-0.018278105145113743,2061.7199951171874,2050.3199951171873,2039.5317993164062,0.007272023947749326,0.40256211466755265,54.18596733296897,6.2675852551710705,9.300817919855277,0,2015-01-05
-0.008893471722946522,2044.127978515625,2046.6819885253906,2040.5676000976562,0.0071731601397375475,0.1739850281117732,52.906916981784065,1.4122920160766625,7.723112739099554,1,2015-01-06
0.01162984267174294,2033.2379638671875,2044.9614868164062,2041.7940014648439,0.008363321132787076,-0.1467744069092466,61.57362399986818,-0.5499123003487512,6.068507731209894,1,2015-01-07
0.017888280629516196,2033.8859619140626,2045.0774780273437,2043.80419921875,0.010551871293947657,0.0337749771382323,60.90805122894862,0.8099445964551251,5.01679510425894,0,2015-01-08
-0.008403811034715436,2031.2079833984376,2046.0109802246093,2044.9993994140625,0.010804887514459988,-0.1448572830267335,45.7841422670202,0.4836925072036138,4.110174584847875,0,2015-01-09
-0.008093685160912578,2032.743994140625,2045.6574829101562,2045.9185986328125,0.010814189389538691,0.027442377546713193,39.5007014488547,-1.0976620847065988,3.06860725093698,0,2015-01-12
-0.0025785552362955766,2036.8280029296875,2046.6924865722656,2046.4861987304687,0.010736267479969207,0.1882966966202415,36.067461309567584,-2.741312562089661,1.906623288331652,0,2015-01-13
-0.005813067327385291,2033.902001953125,2047.7744873046875,2046.3505981445312,0.010756127468046384,0.06607260243955881,32.90250981731262,-4.93595331556412,0.5381079675524977,0,2015-01-14
-0.009247875921837956,2020.0080322265626,2048.7709899902343,2045.8477978515625,0.010684369253104904,-0.023285556377721117,30.23269904383224,-8.082909755305991,-1.1860955770192,1,2015-01-15
0.013424199395820402,2014.930029296875,2049.097491455078,2045.99419921875,0.011911710850520393,-0.0515137769131484,35.87633756079032,-8.322457851909348,-2.6133680319972297,1,2015-01-16
0.0015499523698385698,2013.788037109375,2047.1634948730468,2045.9738012695314,0.010428759084398075,-0.027627877852583915,36.22183143169122,-8.165608160853935,-3.723816057768571,1,2015-01-20
0.004731623968765364,2015.6060302734375,2045.2369995117188,2045.992001953125,0.009997654117147576,-0.05432341025367993,40.204691918383055,-7.18625034382444,-4.416302914979745,1,2015-01-21
0.015269721916580492,2025.9820068359375,2044.4674926757812,2046.6165991210937,0.010462532003709349,0.11956343982820705,50.830826091604685,-3.8617323854136885,-4.305388809066534,0,2015-01-22
-0.005491522439307173,2037.81201171875,2042.95,2046.8878002929687,0.008995379070255665,-0.14427269788436436,48.80257191350218,-2.1168491474018083,-3.8676808767335893,1,2015-01-23
0.002568460857030219,2045.3460205078125,2041.7105102539062,2047.2360009765625,0.008579020383896933,-0.030165996933030348,57.799662343473976,-0.3052513299721795,-3.1551949673813073,0,2015-01-26
-0.013387862410411011,2046.7460205078125,2038.74951171875,2047.062001953125,0.009309562911142455,-0.03922660541987899,55.52912692141376,-1.0793558560035308,-2.7400271451057523,0,2015-01-27
-0.013495609366348305,2040.7540283203125,2034.3290100097656,2046.318603515625,0.010251363771458927,0.2215501785387155,45.208291652663604,-3.8585060878860986,-2.963722933661822,1,2015-01-28
0.009534685287099887,2032.3740478515624,2031.374005126953,2045.9472045898438,0.010592141649425945,0.01465508551872996,41.132851834949335,-4.4690851375937655,-3.2647953744482106,0,2015-01-29
-0.012991965252009852,2021.0080322265626,2028.1785095214843,2045.02060546875,0.011033749714366766,0.10697722878312832,39.59914005327266,-6.991344885618901,-4.010105276682348,1,2015-01-30
0.01296246371066978,2013.760009765625,2026.3110107421876,2044.4016040039062,0.010972925164685494,-0.12264454488743937,48.51090323115576,-6.8248960574726425,-4.573063432840407,1,2015-02-02
0.014439495293299576,2017.856005859375,2027.783514404297,2044.4278051757813,0.01187858094308394,0.1515768412281424,54.949410324160596,-4.2889572658020825,-4.516242199432742,0,2015-02-03
-0.0041560462088314765,2025.7260009765625,2029.728515625,2044.2030053710937,0.011935125475691621,-0.1026842002643038,55.609976149346934,-2.93289330597986,-4.199572420742166,1,2015-02-04
0.010291406686777416,2033.9800048828124,2031.5595153808595,2044.1834057617189,0.011340802967331615,-0.07724195542164025,62.84338331577371,-0.16101457204104008,-3.3918608510019412,0,2015-02-05
-0.0034181723141418763,2046.0760009765625,2031.2260192871095,2043.9046069335936,0.01124726187855301,0.10753037030447499,57.146244894778846,1.4501231571152857,-2.423464049378496,0,2015-02-06
-0.004247194360987749,2051.25400390625,2031.3225158691407,2043.4988061523438,0.011296526131210047,-0.1614540145571549,54.69106717256699,1.9994762333674316,-1.5388759928293105,1,2015-02-09
0.010675561019232394,2054.966015625,2033.3390197753906,2043.4140063476561,0.010784960476599078,0.033894532812702494,56.75097085470012,4.150122744509417,-0.401076245361565,0,2015-02-10
-2.903358867545336e-05,2060.37001953125,2035.6140197753907,2043.4334057617189,0.009391475790311807,-0.019889096284589236,51.12488999691685,5.783016359783005,0.835742275667349,1,2015-02-11
0.009644506431775834,2065.56201171875,2039.4745178222656,2044.1342065429687,0.009399629239902105,0.05323810212240687,57.39826334760836,8.587894740334605,2.3861727686008,1,2015-02-12
0.004074738491730789,2073.866015625,2044.6905151367187,2044.7430053710937,0.0074583164956747725,-0.06886903269233302,57.94817998690785,11.366442458647725,4.1822267066101855,1,2015-02-13
0.0015975744623728527,2084.58603515625,2048.7365173339845,2045.2632055664062,0.006963701992830519,-0.04697444329473133,65.60556072829826,13.681079458865497,6.081997257061248,0,2015-02-17
-0.0003143092177338991,2090.80400390625,2052.5930114746093,2045.8184057617189,0.005971925471900206,0.002460028259091196,74.37017215365645,15.285969721613128,7.9227917499716245,0,2015-02-18
-0.0010620573331896477,2096.58798828125,2055.859509277344,2046.2600024414062,0.005666158904512172,-0.03647456098183388,70.79460765306054,16.191273112622184,9.576488022501737,1,2015-02-19
0.006126533626735764,2100.952001953125,2058.2170166015626,2047.2598022460938,0.00518011916973428,0.01062486526438966,83.95256087321579,17.741119478582732,11.209414313717936,0,2015-02-20
-0.0003033391953459752,2103.485986328125,2061.1090087890625,2048.2565991210936,0.004882876875373963,-0.05726474890297417,80.71080560614004,18.70214353727124,12.707960158428598,1,2015-02-23
0.002758770892866691,2106.51396484375,2064.0285034179688,2050.0433984375,0.004250317569467504,0.034315119857257326,76.99396448774672,19.70623173115382,14.107614472973644,0,2015-02-24
-0.0007657236475081541,2109.35,2068.244006347656,2051.6140014648436,0.0035278935300767,0.03515800790039503,81.64075012064967,20.13911743223798,15.313915064826512,0,2015-02-25
-0.001476028227480719,2112.0080078125,2073.6730041503906,2053.7822021484376,0.0036555998693096263,0.029088197467651344,74.99981013667627,19.999869047107495,16.25110586128271,0,2015-02-26
-0.0029563045487578377,2110.847998046875,2077.8355041503905,2056.0796020507814,0.002813192150042623,0.040687184812933985,75.6351112960585,19.165075575136598,16.833899804053488,1,2015-02-27
0.006124919257840311,2112.393994140625,2083.955499267578,2058.972600097656,0.0031370235424545193,-0.03887094137081448,85.39910261240587,19.320883224979752,17.331296488238742,0,2015-03-02
-0.0045385421527393,2110.85400390625,2088.302001953125,2060.870400390625,0.0035713381486787363,-0.04317067948578823,72.38138792992866,18.456174959828786,17.55627218255675,0,2015-03-03
-0.00438850348301556,2107.78798828125,2090.727001953125,2061.6164013671873,0.0038761211625551162,0.04868037887380061,65.50544103692637,16.830478456251058,17.41111343729561,1,2015-03-04
0.0011960799848387271,2105.847998046875,2093.703503417969,2062.2242041015625,0.003876259162191382,-0.0929756716387371,57.91930150793993,15.565212989380598,17.04193334771261,0,2015-03-05
-0.014173946589881803,2099.2,2094.1405029296875,2062.078603515625,0.005422198778222619,0.2418732658079361,37.20796434397576,12.02091191912632,16.037729061995353,1,2015-03-06
0.0039444211911976446,2091.6080078125,2095.3385009765625,2062.0238037109375,0.005715477832683312,-0.13091237475898976,40.079642696639624,9.75877907155791,14.781939063907865,0,2015-03-09
-0.01696133008584244,2078.8840087890626,2095.209503173828,2061.2694067382813,0.007294499596817615,0.09549161115407467,30.171447903396952,5.0616885351651035,12.837888958159313,0,2015-03-10
-0.0019176795748703235,2067.2260009765623,2093.7919982910157,2060.298806152344,0.007257286319970514,-0.07150099484859218,29.8115658847409,1.0112387285630575,10.472558912240062,1,2015-03-11
0.012601439566208406,2060.2079833984376,2093.6629943847656,2059.8064038085936,0.008880502132042953,-0.0002084207868912058,35.651842865176704,-0.12277764032569394,8.353491601726912,0,2015-03-12
-0.006074710968194674,2056.6359619140626,2091.9089904785155,2059.2673999023436,0.008967962573975356,0.027217795211782025,33.101013612117,-2.0109963242875892,6.280594016524012,1,2015-03-13
0.013533671171787054,2056.9879638671873,2091.1189880371094,2059.7132006835936,0.00999897880207278,-0.058012439403640315,40.90110493801568,-1.2505833870859533,4.774358535802019,0,2015-03-16
-0.003320173700583018,2063.011962890625,2089.815985107422,2060.034802246094,0.00996762295060212,-0.02238135696079624,39.78419007002102,-1.1917846628234656,3.5811298960769222,1,2015-03-17
0.012158421402569175,2074.86396484375,2089.806988525391,2061.613203125,0.010785103902880356,0.28132061182429924,47.39597532570812,0.8797138201139205,3.040846680884322,0,2015-03-18
-0.004872579408787825,2079.527978515625,2089.3979919433596,2063.3464038085935,0.010886748973947003,-0.1993575908202344,46.535642090765705,1.6765906702630673,2.767995478760071,1,2015-03-19
0.00901275466979845,2090.468017578125,2089.2879943847656,2064.9904052734373,0.010093053337440353,0.6804085658443311,47.9424573713245,3.7839324326851056,2.9711828695450784,0,2015-03-20
-0.0017457310425351702,2095.114013671875,2089.025994873047,2065.836005859375,0.010119738885264377,-0.4116151613576948,49.23571413498478,5.098286657927474,3.3966036272215576,0,2015-03-23
-0.006139421956948832,2098.5580078125,2087.8269958496094,2066.7698046875,0.008387210097902772,-0.02391094138239147,48.42721607139931,5.039302192998548,3.725143340376956,0,2015-03-24
-0.014558905652342857,2090.868017578125,2085.186492919922,2067.42560546875,0.00991159870023438,0.10386792985184123,42.04748814641256,2.5066054139674634,3.481435755095058,0,2015-03-25
-0.002377499996742527,2084.243994140625,2082.4569885253904,2068.0880029296877,0.009069589782292385,-0.002973468819757241,46.66517233166909,0.10283864060056658,2.80571633219616,1,2015-03-26
0.0023685613495147972,2074.827978515625,2080.282989501953,2069.0830029296876,0.008877559547310343,-0.14302682963650815,45.87684390217763,-1.3931269889958457,1.9659476679577588,1,2015-03-27
0.012236645187396533,2071.1919921875,2078.7254943847656,2070.954401855469,0.008671534049046439,-0.03020059497099936,59.86864292024732,-0.5374542268750702,1.465267288991193,0,2015-03-30
-0.008795775050879251,2066.469970703125,2076.730987548828,2071.923798828125,0.00908679266835772,0.15726824988261257,56.0734211807708,-1.3247559587389333,0.9072626394451678,0,2015-03-31
-0.003965371271123064,2066.19794921875,2074.788983154297,2072.6665966796877,0.008001923502374395,0.04937584220580171,48.510375261574644,-2.5806180249501267,0.2096865065661089,1,2015-04-01
0.0035296669586522,2068.3599609375,2073.0849792480467,2073.363395996094,0.008093817448609533,-0.12624214355665808,53.309909347266945,-2.955202210799598,-0.4232912369070326,1,2015-04-02
0.0066088151237357895,2072.27998046875,2073.5529846191407,2073.712800292969,0.007792023466559526,0.06686455897363008,49.85060487742431,-2.125303257140331,-0.7636936409536923,0,2015-04-06
-0.0020619040578628844,2070.297998046875,2073.3979919433596,2074.2030004882813,0.0077947466081073015,-0.07189287217262041,50.54496319535214,-1.7931028823973065,-0.9695754892424152,1,2015-04-07
0.002682533127767339,2073.1,2075.2849853515627,2074.699196777344,0.0076865999055386975,0.06518328108536586,44.775572085364935,-1.068081250747582,-0.9892766415434486,1,2015-04-08
0.004457481018385057,2079.397998046875,2077.831982421875,2075.931794433594,0.00596266124154361,-0.028471854299565447,50.57015542802835,0.25241474360927896,-0.7409383645129032,1,2015-04-09
0.005202865037342352,2086.418017578125,2079.637487792969,2077.929794921875,0.005900944704953247,-0.005093999419990114,48.107051805875635,2.1520452113045394,-0.16234164934941464,0,2015-04-10
-0.00458128059365126,2088.77998046875,2081.5889892578125,2079.3533935546875,0.006279454504296346,-0.07850579811165326,46.37743804298598,2.8476196930241713,0.43965061912530257,1,2015-04-13
0.0016297588743277025,2092.681982421875,2082.321496582031,2081.3703955078126,0.005044689701215445,0.13507333878875816,51.39122581574182,3.6321692049923513,1.0781543362987123,1,2015-04-14
0.005148195696902835,2097.627978515625,2083.9389892578124,2083.085993652344,0.004022279753090684,0.2158230014509568,66.71788727526062,5.066176888136852,1.8757588466663402,0,2015-04-15
-0.0007784436134247175,2100.389990234375,2084.213488769531,2084.185192871094,0.0036145852618906745,-0.14441321852826272,68.35261414823445,6.001135330087436,2.70083414335056,0,2015-04-16
-0.011311245518606405,2096.21396484375,2083.808984375,2084.978591308594,0.005536402156631596,0.05634048897534161,56.631539384477506,4.765885727782916,3.113844460237031,1,2015-04-17
0.009235131672624686,2097.807958984375,2083.423974609375,2085.7361889648437,0.005898324207631337,-0.1729628404454736,54.84927686002238,5.277002525909666,3.546476073371558,0,2015-04-20
-0.0014806053255762563,2098.09794921875,2083.06748046875,2086.5725903320313,0.0058679944604893355,0.08107900911951371,61.24202519450404,5.369233117095973,3.9110274821164412,1,2015-04-21
0.005087480356207541,2098.36396484375,2083.890478515625,2087.796989746094,0.005991662003711596,0.03239491769464853,68.11529933481154,6.231467568969947,4.375115499487142,1,2015-04-22
0.002357715893671175,2099.951953125,2086.48447265625,2088.6837866210935,0.005903334626558763,0.08606591647553508,67.55518013608335,7.232458405656871,4.946584080721088,1,2015-04-23
0.002252800575326619,2107.253955078125,2089.561474609375,2089.6669848632814,0.005744369595789474,-0.07173870601401833,65.18884269577501,8.314005186009126,5.620068301778696,0,2015-04-24
-0.004141314249916261,2108.957958984375,2091.9564697265623,2090.0757836914063,0.005700466330408622,0.01865346675435009,62.88036681950813,8.367021701615613,6.16945898174608,1,2015-04-27
0.0027692316953564777,2112.451953125,2093.382470703125,2090.4311840820315,0.0057302074918485395,0.031267175572519124,62.959496698382985,8.779084140142004,6.691384013425265,0,2015-04-28
-0.0037403355807980043,2112.22998046875,2095.3304809570313,2090.5613842773437,0.005689653935659986,0.14908622298922536,56.24757874080895,8.370888399320847,7.027284890604382,0,2015-04-29
-0.010128906614839228,2106.74599609375,2096.621484375,2090.277985839844,0.006541010939683998,0.10667808597363915,43.90959582982195,6.253338988321957,6.872495710147898,1,2015-04-30
0.010923001659165044,2104.866015625,2098.68798828125,2090.4947875976563,0.006389761529371339,-0.25063640879175464,55.32147742818058,6.340237496397549,6.766044067397829,1,2015-05-01
0.002940748690645867,2105.980029296875,2100.381481933594,2090.5785864257814,0.005806071810835164,-0.0851662578157596,56.14253182633979,6.830649953798456,6.778965244677955,0,2015-05-04
-0.011837383677612334,2100.92001953125,2101.037976074219,2090.1745874023436,0.00702983402051409,0.22718803977254343,44.82988796424265,5.140336579603172,6.451239511662998,0,2015-05-05
-0.004455724813014705,2095.57998046875,2100.950476074219,2089.4679858398435,0.006854991947370295,-0.00045862491598469557,42.850537623830554,3.014754913372144,5.7639425920048275,1,2015-05-06
0.0037738134388320965,2096.077978515625,2100.7914794921876,2088.9507836914063,0.006953012422433452,-0.030475632942268516,52.1615326880073,1.941275587184009,4.999409191040664,1,2015-05-07
0.013457901176364917,2097.639990234375,2101.4934814453127,2089.0579858398437,0.008331190351427131,-0.07539492580181906,54.71080845876834,3.319710964177375,4.663469545668007,0,2015-05-08
-0.005089560528435566,2095.8080078125,2102.1384887695312,2089.0745874023437,0.008388209778507263,-0.11965794366130889,52.30637565937467,3.5027033799647143,4.431316312527349,0,2015-05-11
-0.0029496376848567873,2097.7400390625,2102.302490234375,2088.709191894531,0.008362834988587272,0.04906989410793705,47.39760172266576,3.1107751593713147,4.167208081896142,0,2015-05-12
-0.00030495478248648844,2101.4060546875,2101.8949951171876,2088.523190917969,0.008294832429601242,0.07476939149933748,45.634732738287525,2.7171934231159867,3.877205150140111,1,2015-05-13
0.010779286625573148,2108.02607421875,2102.7005004882812,2088.974592285156,0.008195329129740038,-0.04401557674867973,50.929853572027696,4.182320289461131,3.9382281780043153,1,2015-05-14
0.0007684139066803652,2109.35205078125,2104.7780029296873,2089.408391113281,0.007531014588025997,-0.041435453570343506,53.91818131441871,5.412569081019683,4.233096358607389,1,2015-05-15
0.003047948049283322,2114.126025390625,2106.2180053710936,2090.5671899414065,0.007534620872914356,-0.06593943235621325,54.08230032301704,6.830880536980203,4.752653194281952,0,2015-05-18
-0.0006433745436266181,2119.868017578125,2107.745007324219,2091.535192871094,0.0061697927829986385,0.14120954646335604,56.158977799183525,7.754970801734089,5.353116715772379,0,2015-05-19
-0.0009305162517933008,2125.342041015625,2108.639514160156,2093.168994140625,0.0058633057534318266,-0.08196223942136449,63.36116623243462,8.232650250381994,5.929023422694303,1,2015-05-20
0.0023378744854138933,2127.28603515625,2109.5340209960937,2094.980595703125,0.005837760942824872,0.014732904146892878,58.46038472046249,8.909546053983831,6.525127948952209,0,2015-05-21
-0.002233886303356414,2127.95205078125,2109.952526855469,2096.1827978515626,0.004348943510938532,-0.162386091986217,54.392244455360206,8.958628356938334,7.0118280305494345,0,2015-05-22
-0.010281980197837881,2122.95205078125,2109.7165283203126,2097.198798828125,0.005294701362326504,0.29949919513503853,55.7336073435758,7.151164288768086,7.039695282193166,1,2015-05-26
0.009162641262365545,2122.08203125,2110.1525268554688,2098.044599609375,0.005905579983352516,-0.06408188789783764,65.64146945912313,7.191573247202996,7.070070875195132,0,2015-05-27
-0.0012667608976734135,2121.07001953125,2110.8495239257813,2098.9747998046873,0.005940005226113695,-0.04719050115730383,62.29471880366604,6.926695216450298,7.041395743446166,0,2015-05-28
-0.0063184691730722164,2116.383984375,2111.9435180664063,2099.13259765625,0.005257528309980652,0.31776133675575013,46.329458775985565,5.571275441848229,6.747371683126579,1,2015-05-29
0.002059461282371222,2113.51796875,2112.115515136719,2099.581796875,0.005311417471827648,-0.23315229707261054,52.85149264446737,4.792064391006534,6.35631022470257,0,2015-06-01
-0.0010085961899480855,2114.597998046875,2111.8710205078123,2099.611796875,0.005162591634056863,0.012497883262332588,54.8455554000298,3.9570558004211307,5.876459339846282,1,2015-06-02
0.0021188711112078984,2112.716015625,2113.101525878906,2099.8047998046877,0.005251710660920947,0.016603538459015965,56.961727234867396,3.6143309972153475,5.424033671320096,0,2015-06-03
-0.008623167576889856,2107.726025390625,2113.88603515625,2099.8916015625,0.00583107106312402,0.03228085342486087,38.25987695366132,1.8503820000773885,4.709303337071555,0,2015-06-04
-0.0014361829335245435,2104.8140625,2114.1275390625,2100.5272021484375,0.005682106331456181,0.013637286917391966,36.27940846963926,0.20716896403519058,3.808876462464282,0,2015-06-05
-0.006474509789282434,2098.324072265625,2112.2865356445313,2100.9898046875,0.005874495773664812,-0.10066929947066461,28.490216705238794,-2.1635251327033984,2.614396143430746,1,2015-06-08
0.00041835300422188304,2092.434033203125,2111.0275268554688,2101.37240234375,0.005172813210997574,0.040255043449942685,29.366384082898747,-3.926859408371911,1.306145033070215,1,2015-06-09
0.012042424827124476,2090.660009765625,2111.3315185546876,2101.7516015625,0.005846236560755036,0.12513758081843296,42.55099542577944,-3.265344083551099,0.3918472097459521,1,2015-06-10
0.0017386264178671507,2093.264013671875,2111.8505249023438,2102.571005859375,0.00589937409679376,-0.08368284167857731,42.00294461771536,-2.417872671414443,-0.17009676648612695,0,2015-06-11
-0.0069942998817651425,2093.52001953125,2110.501025390625,2103.2594091796873,0.0059761925312150875,-0.13079332608834626,39.15408726324008,-2.9029834149382623,-0.716674096176554,0,2015-06-12
-0.004622572493653387,2094.55,2108.5860229492187,2103.60880859375,0.006017241681735132,0.12582554975362203,42.68375098479975,-4.022181257343618,-1.3777755284099669,1,2015-06-15
0.0056898566086796,2097.77802734375,2106.94052734375,2103.92220703125,0.006411258242153302,-0.04627364391472344,39.35317961072235,-3.9071034049779882,-1.8836411037235712,1,2015-06-16
0.0019796413026920145,2096.826025390625,2105.5710205078126,2104.404404296875,0.0064048112992555585,0.10354464193979251,42.12155009451796,-3.4413709586942787,-2.1951870747177127,1,2015-06-17
0.009902710578908236,2099.302001953125,2105.3405151367188,2105.1912060546874,0.006513691537056609,0.09251948954764377,55.07142729434482,-1.3779998084082763,-2.0317496214558255,0,2015-06-18
-0.0053035017498218595,2102.477978515625,2104.2990112304688,2105.5674072265624,0.006797816790334452,0.264021293276824,49.39356345077458,-0.6431306757522179,-1.7540258323151041,1,2015-06-19
0.006094866554531064,2110.16201171875,2104.1385131835937,2105.9832080078127,0.006448634357987374,-0.3190675556933892,54.29663502036215,0.9658281333522609,-1.2100550391816312,1,2015-06-22
0.0006358685039113965,2115.743994140625,2105.1385131835937,2106.6186083984376,0.006442716158228903,0.020187985557851063,53.352704659461146,2.323082430811155,-0.5034275451830739,0,2015-06-23
-0.00735329696164333,2117.372021484375,2104.393518066406,2106.873408203125,0.006028687357439164,0.0036523151278309296,54.29070882249919,2.1139546723075,0.0200488983150409,0,2015-06-24
-0.0029735743006855664,2113.58603515625,2103.469519042969,2106.78701171875,0.006077011499610425,0.03614205409865656,53.12416525329634,1.4258449881117485,0.30120811627438243,0,2015-06-25
-0.0003900796440671206,2111.88603515625,2103.174523925781,2106.71701171875,0.005608821833637817,0.5633218337527726,57.989755912482615,0.8050602098533091,0.4019785349901678,0,2015-06-26
-0.02086619391956246,2098.843994140625,2100.47001953125,2106.2462109375,0.008709282120973903,-0.2679371282685997,43.814927463705025,-3.188497594236651,-0.316116690855196,1,2015-06-29
0.0026584898861461426,2086.626025390625,2098.1455200195314,2105.5004150390623,0.008490578920654128,0.1086122164959662,37.04055614355816,-5.844646853845461,-1.421822723453249,1,2015-06-30
0.006936040108400654,2080.393994140625,2096.3130126953124,2105.1030126953124,0.008857020818839378,-0.08612885983709861,40.91535653869434,-6.717546153815874,-2.4809674095257743,0,2015-07-01
-0.0003080227407983305,2075.28798828125,2095.360009765625,2104.4794140625,0.00799902830532629,-0.19604749869877602,44.54789562780923,-7.375933946020723,-3.459960716824764,0,2015-07-02
-0.003861756863082544,2068.7419921875,2094.1565063476564,2103.596015625,0.007947437939845935,0.1634618593444439,45.01814715808363,-8.447482247865082,-4.457465023032828,1,2015-07-06
0.00608097510857486,2073.48203125,2094.2595092773436,2102.8690185546875,0.007945877989873493,0.2788868619419682,45.26870305210569,-8.187207793494053,-5.203413577125073,0,2015-07-07
-0.016652749054007043,2070.1960205078126,2092.586016845703,2101.6242211914064,0.009116708582981076,-0.19061332328547143,35.74009207398298,-10.65489055960552,-6.293708973621163,1,2015-07-08
0.0022622025726091177,2064.9740478515623,2089.891522216797,2100.355222167969,0.00919218244559937,-0.04488220395812437,29.710468305509266,-12.097491875057585,-7.454465553908448,1,2015-07-09
0.012338485100151564,2064.9420654296873,2088.2795227050783,2099.750622558594,0.010346509884746412,-0.11075168053939732,41.048380125063204,-11.07083590247612,-8.177739623621983,1,2015-07-10
0.011066049239604414,2071.1100830078126,2088.554022216797,2100.0324243164064,0.011053786876982066,0.010329291011298203,44.08427081456817,-8.307151602775775,-8.203622019452743,1,2015-07-13
0.004453159211633695,2076.6320556640626,2089.7800231933593,2100.0456225585935,0.008311678434675913,-0.030551581829865726,46.271576140092854,-5.301346225949146,-7.623166860752024,0,2015-07-14
-0.000734986066058041,2088.776025390625,2090.335516357422,2099.9038208007814,0.00837341044454992,0.08650220510839013,49.690145286862396,-3.009606920126771,-6.700454872626974,1,2015-07-15
0.008014680412562258,2103.372021484375,2091.5280212402345,2100.6004223632813,0.008448411054482682,-0.010647462605118063,55.46601695357741,0.16757417647340844,-5.326849062806898,1,2015-07-16
0.001106182994042637,2113.3759765625,2091.798016357422,2101.5302221679685,0.008412299091080365,0.042041102172862166,56.207091029381466,2.8423616502527693,-3.6930069201949647,1,2015-07-17
0.00077123387202227,2119.111962890625,2092.712518310547,2102.335822753906,0.008152238028371507,-0.03475726711768645,72.02272128746858,5.036438393311073,-1.9471178574937573,0,2015-07-20
-0.0042616893616069795,2121.16396484375,2092.5305114746093,2102.398020019531,0.00835327780276199,0.03013675840375618,67.10570197510057,5.974510862556599,-0.3627921134836861,0,2015-07-21
-0.0023877098952062026,2122.51396484375,2092.028009033203,2102.5744165039064,0.00561391793052518,0.10478842237169106,61.869038696698354,6.237730933688454,0.957312495950742,0,2015-07-22
-0.005676040278268291,2118.0859375,2091.7065002441404,2102.635012207031,0.0062914770293466754,0.021315243078772195,57.637372006126654,5.415607275074763,1.8489714517755462,0,2015-07-23
-0.01070332804283558,2108.687939453125,2090.5734924316407,2102.258410644531,0.0064914661781276615,0.02577124212457038,53.01541610781812,2.9149051804333794,2.062158197507113,0,2015-07-24
-0.005775015185050969,2096.559912109375,2088.880987548828,2101.189206542969,0.005450104116833707,-0.008601978274126343,46.19439535265388,-0.03561610214683242,1.642603337576324,1,2015-07-27
0.012386154626733425,2091.367919921875,2090.661492919922,2100.599606933594,0.006820978135714676,0.07323646315240762,63.62090079797205,-0.3039006619428619,1.253302537672487,1,2015-07-28
0.007318795346650031,2090.251953125,2092.934490966797,2100.187009277344,0.007279841490222244,-0.0191464249806933,65.76191634666176,0.7114818530612865,1.1449384007502468,1,2015-07-29
2.836730636679441e-05,2091.54794921875,2094.494989013672,2099.8030053710936,0.006729862667473632,-0.1137661244398227,60.233946429296225,1.5036729325520355,1.2166853071106045,0,2015-07-30
-0.002271519985995063,2096.385986328125,2095.8479919433594,2099.3628051757814,0.006712803205201613,0.028476760136447066,51.53400569190572,1.7251076827437828,1.3183697822372402,0,2015-07-31
-0.002756886733696673,2102.466015625,2097.3119934082033,2098.707204589844,0.0066987347380474856,-0.05556943938891812,45.94879307812673,1.4162551425279162,1.3379468542953754,0,2015-08-03
-0.002249704779339723,2102.480029296875,2097.910992431641,2098.0524047851563,0.006633460080027457,0.020116372380111436,44.891950732580945,0.7816151174083643,1.2266805069179734,1,2015-08-04
0.0031146787487494887,2100.734033203125,2100.568994140625,2097.9652075195313,0.006751945574936257,0.11897505011686893,40.40801861944122,0.7955982498797312,1.140464055510325,0,2015-08-05
-0.00775298528243118,2095.720068359375,2102.181494140625,2097.1668090820312,0.0069524078200388926,0.07002076257093037,34.764536956930925,-0.5012047469358549,0.812130295021089,0,2015-08-06
-0.0028748824444340126,2090.466064453125,2102.2289916992186,2096.3024096679687,0.006111557001968838,-0.15171067473278432,32.60139719555711,-1.989340734682628,0.25183608908034566,1,2015-08-07
0.012808166466444781,2091.69404296875,2102.4579833984376,2096.238210449219,0.0069555811064964815,-0.02438983766017455,45.39717952667128,-1.009864557522178,-0.0005040402401590981,0,2015-08-10
-0.00955710249815489,2089.84404296875,2101.2139892578125,2095.6850122070314,0.006692376029290277,0.05532002071441977,41.56575122844152,-1.8351658820970442,-0.36743640861153615,1,2015-08-11
0.0009500546545004873,2087.08603515625,2100.1464965820314,2095.2140112304687,0.006155683055867099,0.151056383598283,45.21690565818773,-2.3029087527656884,-0.7545308774423667,0,2015-08-12
-0.0012752120935421996,2087.052001953125,2098.1014892578123,2094.6004077148436,0.006143955488832356,-0.24544345100758236,51.259597658903026,-2.85533618701902,-1.1746919393576973,1,2015-08-13
0.003911964108786803,2089.84599609375,2096.3464965820312,2094.514406738281,0.006330944365016688,-0.13215472014404117,58.264236063625205,-2.6054561246514822,-1.4608447764164545,1,2015-08-14
0.00521142418513576,2089.497998046875,2095.0544921875,2094.7066040039062,0.00652339272265572,0.025790620226857408,53.53759576563639,-1.5104814600513237,-1.4707721131434284,0,2015-08-17
-0.002625530186397551,2092.06796875,2093.939990234375,2095.059401855469,0.00654031806684986,0.028699057429498964,45.149394068149796,-1.0757253012757246,-1.3917627507698878,0,2015-08-18
-0.008254876246131082,2090.77998046875,2092.213000488281,2095.048605957031,0.006950950397028275,0.19082437567584964,39.43502985549549,-2.1036853007603895,-1.5341472607679882,0,2015-08-19
-0.021100170073477753,2081.247998046875,2088.8920043945313,2093.6592065429686,0.009290885114669785,0.11658392448447441,30.697689221857672,-6.385502432790872,-2.5044182951725653,0,2015-08-20
-0.031850965718637325,2057.1179931640627,2083.4540100097656,2090.8998046875,0.013195015816973762,0.27935713976142584,23.00078435682481,-14.839852132352007,-4.971505062608454,0,2015-08-21
-0.03941369286646568,2015.2719970703124,2074.7325134277344,2086.8818017578124,0.015430203900376152,0.31773091761254935,17.55987553519313,-27.491214704306685,-9.4754469909481,0,2015-08-24
-0.01352199497897244,1969.410009765625,2063.4505126953127,2082.5454028320314,0.015457043753304991,-0.21611930999336126,14.546092917489304,-39.132124005949436,-15.406782393948367,1,2015-08-25
0.03903385877450183,1941.589990234375,2055.047509765625,2079.429802246094,0.021985747330459524,0.029842424897174924,31.379989525840926,-41.9911578473575,-20.723657484630195,1,2015-08-26
0.024297748621125326,1931.9760009765625,2048.9990173339843,2077.1742041015623,0.02410889377399286,-0.06216644031283658,39.429559626575966,-39.99135440406394,-24.577196868516946,1,2015-08-27
0.0006087363616984476,1935.5719970703126,2043.2505126953124,2074.5268041992185,0.024004282293970194,-0.21119209650067217,35.58229359330065,-37.872293803574166,-27.23621625552839,0,2015-08-28
-0.008391670369217175,1951.366015625,2036.9575134277343,2071.77060546875,0.02376052599662344,-0.008604535739969776,35.889223842115,-37.11185938484482,-29.21134488139168,0,2015-08-31
-0.029576446640986798,1960.614013671875,2027.9840087890625,2067.5906030273436,0.024824543672157993,0.11666368675129624,30.9858220899134,-40.74626190567119,-31.51832828624758,1,2015-09-01
0.01829297500443139,1962.2840087890625,2020.4350036621095,2064.0838037109374,0.026268855324178338,-0.14392762789208224,36.13579827264372,-40.33656211127527,-33.28197505125312,1,2015-09-02
0.0011647935451044589,1954.9780029296876,2013.8135009765624,2060.9348022460936,0.02580146890875451,-0.05929535993501878,35.3522858293328,-39.37481214324407,-34.500542469651315,0,2015-09-03
-0.015329595723932221,1941.447998046875,2005.99599609375,2057.3130004882814,0.024300672794623664,-0.1004374130144573,31.816179716487255,-40.55857415820037,-35.71214880736113,1,2015-09-04
0.02508305358648033,1940.893994140625,1999.257501220703,2054.6714013671876,0.02177920008114745,0.1204765257697129,38.214700831094305,-37.17959546913062,-36.00563813971503,0,2015-09-08
-0.01389756050907287,1946.5320068359374,1992.1559997558593,2052.359404296875,0.021813387994130694,0.02915756696208427,37.5170135842837,-36.29190983354806,-36.06289247848164,1,2015-09-09
0.005277955033794246,1947.218017578125,1985.467999267578,2050.1430029296876,0.018108966963749657,-0.0070643899981380764,41.93661405266244,-34.36518279901975,-35.723350542589266,1,2015-09-10
0.004487043210972708,1949.2020263671875,1979.351007080078,2047.81560546875,0.016233551000216975,-0.11243629905799823,48.93349933251922,-31.76520861346762,-34.93172215676494,0,2015-09-11
-0.004089655710746709,1955.5640380859375,1972.4255065917969,2045.34060546875,0.016242471464744536,-0.06785269326009213,57.636731411758845,-30.005968759890038,-33.94657147738996,1,2015-09-14
0.01283131142251781,1957.3000244140626,1966.2080078125,2043.5272045898437,0.0166520312460934,0.07988134124391699,64.12353591822365,-26.28661531991952,-32.41458024589587,1,2015-09-15
0.008705414349693852,1967.9540283203125,1961.1275146484375,2041.8066040039062,0.012985404557367729,0.12062866914002446,58.16837862446077,-21.699346787361492,-30.271533554188995,0,2015-09-16
-0.002561059320011938,1975.5360107421875,1956.6570068359374,2040.677001953125,0.012126143581389496,0.15234336267586235,50.4328416270202,-18.265690873428866,-27.87036501803697,0,2015-09-17
-0.016164165744279924,1974.9320068359375,1952.7720092773438,2038.8114013671875,0.013451121603857571,0.4391831329966369,45.2460315698082,-17.93361016879885,-25.88301404818935,1,2015-09-18
0.004565783605198437,1977.7199951171874,1952.5760070800782,2036.6183984375,0.012280884967779135,-0.45703044555606487,49.17720867450035,-16.755903633689286,-24.057591965289337,0,2015-09-21
-0.012318429274285614,1970.65,1955.052508544922,2033.4811962890626,0.01011811673439912,0.164837047119458,55.113093548307646,-17.575124549458906,-22.761098482123252,0,2015-09-22
-0.002048642890328245,1959.339990234375,1958.610009765625,2030.0773974609374,0.00912625006096212,-0.16220793748326012,47.991893695770884,-18.334169298073448,-21.875712645313293,0,2015-09-23
-0.003362984329369434,1947.747998046875,1958.1965087890626,2026.57419921875,0.008964811605339346,0.2823982222389383,46.30665016341749,-19.240041593092656,-21.348578434869165,0,2015-09-24
-0.00046579328582951884,1942.4099853515625,1955.3805053710937,2022.7151977539063,0.00876279694838374,-0.09034762057225532,52.23182581512537,-19.802307685262576,-21.03932428494785,0,2015-09-25
-0.02566609046896018,1925.3699951171875,1950.0255065917968,2017.8178002929687,0.011653396754924081,0.16249627203529404,30.7891223084724,-23.97145993796744,-21.62575141555177,1,2015-09-28
0.001232853252514099,1913.639990234375,1945.6210021972656,2012.9339990234375,0.010333369372701713,-0.04490068551723503,35.73009255223535,-26.779643794515323,-22.65652989134448,1,2015-09-29
0.019075555906861608,1909.893994140625,1945.9300048828125,2008.950400390625,0.012193217850080115,0.09502491294384119,42.948323174148456,-25.807593105138494,-23.286742534103283,1,2015-09-30
0.001973884228037459,1908.2099853515624,1944.6780029296874,2005.1438012695312,0.01232683124538408,-0.11966002735869274,41.6811637844269,-24.449581743940826,-23.51931037607079,1,2015-10-01
0.014315289284541954,1912.2139892578125,1944.689501953125,2002.1280029296875,0.012563412933101268,0.09914901094487405,49.656779046587836,-20.910058823556028,-22.99746006556784,1,2015-10-02
0.018289840800508328,1933.2699951171876,1947.981005859375,2000.276005859375,0.013835534360814179,-0.010067213725028945,51.76435126360924,-15.051566471009664,-21.408281346656207,0,2015-10-05
-0.0035882361830883447,1952.4360107421876,1948.5065063476563,1998.5216088867187,0.013153188426001938,-0.030474173432168516,46.844109128866485,-10.858827080367064,-19.29839049339838,1,2015-10-06
0.008035633639867479,1967.59599609375,1951.1960021972657,1996.5732080078126,0.01319687740135463,0.11042975442604219,51.105527662281574,-6.181003206262403,-16.674913035971183,1,2015-10-07
0.008818435459823082,1985.518017578125,1954.2530029296875,1994.6704077148438,0.013107826336666002,-0.15586299708344853,61.538790107247586,-1.0416063043285249,-13.548251689642653,1,2015-10-08
0.000725111326717931,1998.2240234375,1956.945001220703,1992.7956103515626,0.013066047220954856,-0.058957031230167045,60.30184302168431,3.1133209876920773,-10.215937154175707,1,2015-10-09
0.0012754772073804155,2004.306005859375,1960.1664978027343,1991.0680078125,0.007985729262621442,-0.21949607488737222,67.71287653600763,6.538136422018624,-6.865122438936841,0,2015-10-12
-0.006825423947869114,2009.0599853515625,1961.4464965820312,1989.181005859375,0.008978886186170279,0.17581266741553625,64.70933422416121,8.048424604003458,-3.8824130303487814,0,2015-10-13
-0.0047162741982138545,2008.7419921875,1961.3929931640625,1987.199404296875,0.008318775984933618,0.07133324710751565,63.86156988479623,8.386136623426182,-1.4287030995937888,1,2015-10-14
0.01485277361914017,2010.827978515625,1963.075994873047,1985.6798022460937,0.00897080741454457,0.02790437333143103,68.33096957818097,10.91800591724018,1.0406387037730052,1,2015-10-15
0.004570474275370051,2014.47197265625,1966.8299926757813,1984.67080078125,0.008369900458998476,-0.04026917296845678,85.68666880441397,13.515134213906776,3.5355378057997595,1,2015-10-16
0.00027054553471672627,2017.7119873046875,1970.1644958496095,1983.7926000976563,0.006773465839834841,-0.08569489602078195,85.56618977180105,15.43978125640001,5.91638649591981,0,2015-10-19
-0.0014210903493528937,2023.1280029296875,1974.5659973144532,1982.3244018554688,0.006594970254546805,0.01343951912195962,81.2436543677925,16.541201203704304,8.04134943747671,0,2015-10-20
-0.005825414995899281,2028.0679931640625,1978.5749938964843,1981.0217993164063,0.006770218292252002,0.08893591475311413,75.6720089137753,16.271923406535734,9.687464231288516,1,2015-10-21
0.01662757156411132,2033.797998046875,1984.5884948730468,1980.3509985351564,0.008074816487911234,0.221363419602568,76.43889884745148,18.553469919968848,11.460665369024582,1,2015-10-22
0.011030344539323389,2042.2059814453125,1991.7789916992188,1980.1861987304687,0.008544568859526194,-0.07276030558470725,74.71382920291313,21.935602124247225,13.55565272006911,0,2015-10-23
-0.0019131006866738298,2049.7099609375,2001.2494873046876,1979.7789965820311,0.008673920724808739,-0.1758955910487141,76.06234595661162,24.01874961140402,15.648272098336093,0,2015-10-26
-0.002554118539720318,2056.733935546875,2010.3394836425782,1979.0479956054687,0.008249433697843828,0.24546045247799642,71.29998211180198,24.95512985861933,17.509643650392743,1,2015-10-27
0.01184003327863703,2071.015966796875,2018.855487060547,1978.9165991210937,0.008169187031468001,0.11411991804367205,72.44920571019378,27.355613592913187,19.478837638896835,0,2015-10-28
-0.0004497742019048401,2078.395947265625,2027.1349853515626,1979.1125952148439,0.00746925621299163,-0.1466909033632674,71.81490526351901,28.849589026664717,21.352987916450413,0,2015-10-29
-0.004809877003672414,2079.23798828125,2033.5349914550782,1979.9851977539063,0.0078593053204016,0.06167715156624953,67.36034651811195,28.88961853357341,22.860314039875014,1,2015-10-30
0.011873817006551102,2085.81201171875,2039.384991455078,1982.6483984375,0.008369715742455711,-0.1165781683191579,76.5221997408912,30.56132223625309,24.40051567915063,1,2015-11-02
0.002728067346863705,2094.592041015625,2045.8784912109375,1986.98,0.00820315459487142,0.13618012670145374,81.1472054627202,31.980675386835628,25.91654762068763,0,2015-11-03
-0.003545367230984642,2096.984033203125,2051.202496337891,1991.6740014648437,0.00793138606802787,-0.04522174314031169,74.01284594949054,32.13155846870973,27.15954979029205,0,2015-11-04
-0.0011321483923818487,2099.088037109375,2055.527490234375,1994.8623999023437,0.0067035990147861395,-0.006614577076494266,71.35090690521083,31.693732425841063,28.066386317401854,0,2015-11-05
-0.0003476213457177524,2103.056005859375,2059.742987060547,1997.0931982421876,0.0059855732894723394,0.078267179020161,70.91784774510056,30.931292127786037,28.639367479478693,0,2015-11-06
-0.009822729385718598,2097.96201171875,2062.798992919922,1998.8873999023438,0.006892074305197755,-0.11139111288114956,63.70778746244586,28.336555102746843,28.578805004132324,1,2015-11-09
0.0015105949543003927,2092.347998046875,2066.7004943847655,2001.0781982421875,0.006819410432374856,-0.015688951279508534,68.94388889461874,26.23119353548418,28.109282710402695,0,2015-11-10
-0.003228085812548187,2086.885986328125,2070.738494873047,2004.3011987304687,0.0056736272970276625,-0.03376475883436614,58.098672654287014,23.74669671261563,27.236765510845284,0,2015-11-11
-0.013990375564759017,2076.093994140625,2071.843994140625,2006.2433984375,0.007050160397871443,0.08773673562795037,39.954580830824526,19.21375017856508,25.632162444389245,0,2015-11-12
-0.011207364706699363,2060.86201171875,2071.340496826172,2007.6815991210938,0.007594976710445541,0.06532764660626378,35.34107585460396,13.614167889346845,23.228563533380765,1,2015-11-13
0.014903265264943455,2055.783984375,2072.3169921875,2010.3209985351561,0.00827185165774894,-0.12562313759859767,46.641287518288614,11.47700397063636,20.878251620831886,0,2015-11-16
-0.0013393792481354305,2049.527978515625,2073.30048828125,2011.9415966796876,0.008088936262977913,0.18339106820198658,38.075814338900365,9.452422507593383,18.593085798184187,1,2015-11-17
0.01616245179852549,2051.243994140625,2076.5324951171874,2014.7723974609376,0.010054531351705542,-0.11315120783312815,48.539251610377384,10.402149674995144,16.95489857354638,0,2015-11-18
-0.00112310916925773,2058.297998046875,2077.968994140625,2017.351396484375,0.01005450348789584,-0.07596800114099722,50.48996151575003,10.841021217438993,15.732123102324904,1,2015-11-19
0.003810195689989637,2071.523974609375,2078.6699951171877,2019.9137939453126,0.010162889923523283,0.08309836250830327,45.750473765455766,11.693909181085473,14.924480318077018,0,2015-11-20
-0.0012348607728660532,2078.20400390625,2079.4405029296877,2022.5849951171874,0.009630105652443249,-0.08693505700325732,43.25267721600777,12.023063601928243,14.344196974847264,1,2015-11-23
0.0012219959743400288,2085.943994140625,2080.6030029296876,2024.8059936523437,0.0096269271703067,0.08276244572154812,46.0565886293493,12.34733637279487,13.944824854436787,0,2015-11-24
-0.00012913227667687988,2087.002001953125,2080.52900390625,2026.6771948242188,0.009546795993383013,-0.26563927792778763,46.64608459380021,12.439165306013365,13.643692944752104,1,2015-11-25
0.0005936176807606053,2088.776025390625,2080.564013671875,2028.6753979492187,0.008048407645187109,-0.48584968488646796,47.251983219029455,12.468270781721003,13.408608512145884,0,2015-11-27
-0.004640997274763192,2087.0240234375,2080.61650390625,2031.1229956054688,0.00704092360804594,1.9144487469662677,50.59229627615942,11.575180906914284,13.041922991099565,1,2015-11-30
0.01068057336863748,2090.231982421875,2080.5454956054687,2033.8361938476562,0.0063262412747949566,-0.13167392977359227,56.02419045127093,12.516088999472686,12.93675619277419,0,2015-12-01
-0.010995693172566212,2088.306005859375,2079.031494140625,2036.5715942382812,0.007574311665850313,0.0642543883279636,51.18716044178075,11.266313854580858,12.602667725135525,0,2015-12-02
-0.014373526666262015,2080.456005859375,2076.3969970703124,2038.7887963867188,0.00711858736990511,0.09007401332442333,50.9564905860752,7.774375357569625,11.637009251622345,1,2015-12-03
0.0205256690573854,2080.77197265625,2075.984997558594,2041.9777954101562,0.009996366732697172,-0.02126557823192432,66.34916832567399,8.305926611178165,10.97079272353351,0,2015-12-04
-0.006989502964787397,2080.10400390625,2074.8785034179687,2044.8923974609374,0.01018608501295798,-0.04059161405581613,56.1414017361909,7.461472032788151,10.268928585384439,0,2015-12-07
-0.0064899016523778386,2072.296044921875,2074.12900390625,2048.528798828125,0.010360314304835529,0.0320859978930812,53.205020641658656,5.639505222778553,9.343043912863262,0,2015-12-08
-0.007738985017979982,2065.9180419921877,2072.424005126953,2051.7993994140625,0.010527223909614943,0.05071916848165969,40.435086124324236,2.87380296836227,8.049195723963065,1,2015-12-09
0.0022513871531610885,2066.4400146484377,2071.285504150391,2054.4433984375,0.010599784866977859,-0.152807707656348,42.375779585760846,1.041940455558688,6.64774467028219,0,2015-12-10
-0.019422767297482935,2050.576025390625,2069.605505371094,2056.2143994140624,0.011922244222600513,0.1577083024911512,32.71666087025319,-3.5848673583645905,4.601222264552834,1,2015-12-11
0.004755560017433602,2039.55,2069.550500488281,2057.625998535156,0.012208397667041628,0.07239610700617982,35.89466877317757,-6.4055915273152095,2.3998595061792254,1,2015-12-14
0.010618561082731848,2035.5139892578125,2069.0615051269533,2058.7531982421874,0.012200814255060805,-0.05613081145771004,40.78359573085135,-6.82984845807232,0.5539179133289163,1,2015-12-15
0.014514969430300617,2040.60400390625,2070.193011474609,2060.6161987304686,0.012938228551758586,0.06475420003032006,47.15293645633259,-4.718367845806824,-0.5005392384982319,0,2015-12-16
-0.015040520909943678,2038.5360107421875,2068.108508300781,2061.5373999023436,0.013020671781139283,-0.06645740974446923,42.15728902236077,-5.49760107700331,-1.4999516061992475,0,2015-12-17
-0.01779722000676387,2037.172021484375,2064.324011230469,2061.3797998046875,0.011791248341263019,0.5443650791816776,38.7954320226148,-8.944375371133674,-2.988836359186133,1,2015-12-18
0.0077784025360287945,2037.0140380859375,2060.923016357422,2061.505,0.012307357801781773,-0.43734241897810433,37.55803137879163,-10.2984668611482,-4.450762459578546,1,2015-12-21
0.008816736053143037,2036.126025390625,2058.5420104980467,2061.9352001953125,0.012722540138855497,-0.06367079047304991,43.70769179467125,-9.820469129569119,-5.524703793576661,1,2015-12-22
0.01241806830075265,2034.37001953125,2057.2995178222654,2063.1472021484374,0.013148140609211878,-0.010443471197377874,52.30971596736077,-7.314220791206708,-5.882607193102671,0,2015-12-23
-0.001598636221499028,2038.1900146484375,2055.9055114746093,2064.4822021484374,0.01316018754655659,-0.5947693658889408,44.494270840174615,-5.530534725603047,-5.812192699602747,0,2015-12-24
-0.00217855994238203,2048.3800048828125,2054.2250061035156,2065.1350024414064,0.011250124722204241,0.7654087515759354,46.17187336717939,-4.4282097102727676,-5.535396101736751,1,2015-12-28
0.010629762908764828,2059.822021484375,2054.1225158691404,2066.0400048828124,0.011546185245607722,0.019855487039169395,52.66558453574997,-1.7702745938354383,-4.782371800156489,0,2015-12-29
-0.007217228595965963,2064.700048828125,2052.1590270996094,2066.6340063476564,0.011584516951940736,-0.06867427222659328,52.85064127988029,-0.8642539231927913,-3.99874822476375,0,2015-12-30
-0.00941191309542666,2060.630029296875,2050.3805236816406,2066.897404785156,0.010943654737166722,0.12160866424772854,48.57505788984689,-1.693746653443668,-3.537747910499734,0,2015-12-31
-0.015303731089594375,2050.9640380859373,2048.53251953125,2066.771806640625,0.010980468564429602,0.6212222209668854,50.05136884125211,-4.8195954185403025,-3.794117412107848,1,2016-01-04
0.0020122259542274534,2043.0060302734375,2044.7835205078125,2066.0558056640625,0.009357894490468328,-0.13897251491330764,49.05524492980269,-6.8906269840922505,-4.413419326504728,0,2016-01-05
-0.013115396702646942,2025.3860107421874,2040.443017578125,2064.3580078125,0.009892926546222024,0.1699769601415846,40.56854922385293,-10.54467201372995,-5.6396698639497735,0,2016-01-06
-0.023700443014411654,2001.331982421875,2034.4180114746093,2061.7962084960936,0.011361981928969951,0.17062209165579034,28.284543437765493,-17.050213112203437,-7.921778513600507,0,2016-01-07
-0.010838374390218508,1976.95,2028.1385131835937,2058.9190112304686,0.009719682525654263,-0.08108789561496987,29.27445511417389,-23.632837534675446,-11.063990317815495,1,2016-01-08
0.0008532721255336551,1959.152001953125,2021.710516357422,2055.58541015625,0.009902312986714075,-0.01235814394182988,33.9110315624045,-28.39001689617089,-14.529195633486575,1,2016-01-11
0.00780279851675636,1943.5460205078125,2018.0260192871094,2052.5708129882814,0.010877924897240055,0.06076674140329774,33.75744817531725,-30.59623907106834,-17.74260432100293,0,2016-01-12
-0.02496545230421965,1923.5500244140626,2011.4430236816406,2048.789211425781,0.010716452410669229,0.04087566448275726,23.8636246596882,-35.837056237468005,-21.361494704295946,1,2016-01-13
0.016695905386662213,1919.3000244140626,2005.364520263672,2045.145009765625,0.013548577355530158,0.030288793264439118,25.497945898368698,-37.01710829773515,-24.492617422983788,0,2016-01-14
-0.021599098001850003,1910.960009765625,1995.7275146484376,2040.5558081054687,0.014316305956871332,0.0433782156833189,22.53572198701802,-40.83114293254994,-27.76032252489702,1,2016-01-15
0.0005318215543925753,1902.4919921875,1987.69951171875,2036.1362060546876,0.014320987391627016,-0.09876820896559546,23.084719961556914,-43.27426245632182,-30.863110511181983,0,2016-01-19
-0.011693855152413501,1886.62197265625,1980.3885070800782,2031.3242065429688,0.014055140122678804,0.301869794150172,16.35997532720512,-46.45021920621343,-33.980532250188276,1,2016-01-20
0.005195438361131455,1882.36396484375,1972.7805053710938,2026.7200073242188,0.01450077341910555,-0.20842353652625356,19.649582945760073,-47.638556164515876,-36.7121370330538,1,2016-01-21
0.020283701024494727,1879.3759765625,1966.1770080566407,2023.28640625,0.015244785879267647,-0.03486052835211395,29.769709752186685,-45.00253759427028,-38.3702171452971,0,2016-01-22
-0.015637982053378963,1878.7259765625,1956.81650390625,2019.1936059570312,0.01563251906483948,-0.10208170126648386,29.898576377200314,-44.803240320389705,-39.656821780315624,1,2016-01-25
0.014144335590226431,1883.185986328125,1948.948504638672,2015.7662060546875,0.016468652020086957,-0.009869631797299938,34.28310435966719,-42.01856488225235,-40.12917040070297,0,2016-01-26
-0.010863483795639506,1887.9099853515625,1940.2710021972657,2012.5058056640626,0.0164273920933179,0.09089156803443821,34.84193668087032,-41.00768596170951,-40.30487351290428,1,2016-01-27
0.005528577205787588,1892.783984375,1931.02099609375,2009.9122045898437,0.014580219591682587,-0.012837502418995173,42.161352366248416,-38.917932673882206,-40.02748534509987,1,2016-01-28
0.0247602174153414,1899.4519775390625,1924.864990234375,2007.6532055664063,0.01576524728233409,0.1714379470744789,52.65427898753926,-33.09743688594267,-38.64147565326843,0,2016-01-29
-0.00044323658717015935,1911.9119873046875,1919.6369934082031,2005.4320068359375,0.013665629945238896,-0.21373806972898934,52.295098572821615,-28.22864344040613,-36.55890921069597,0,2016-02-01
-0.018743090830274922,1911.7919921875,1914.1554931640626,2001.821005859375,0.015337764380474085,0.032541127534106096,45.09749940490799,-26.992080890896204,-34.64554354673602,1,2016-02-02
0.004992038934619414,1917.7080078125,1908.9464965820312,1998.446806640625,0.01466567618020882,0.15902527116255416,53.42634317118707,-24.95782725933259,-32.70800028925534,1,2016-02-03
0.0015267325638141926,1922.1260009765624,1905.2059936523438,1994.9724072265626,0.014648353235186505,0.003937791782251843,48.92078855603336,-22.84669087694715,-30.7357384067937,0,2016-02-04
-0.018481246310869337,1910.0880126953125,1902.0539978027343,1990.8416064453124,0.01456440102135097,-0.05071514946123101,49.951730157052765,-23.756229329828102,-29.339836591400584,0,2016-02-05
-0.014153935656373462,1892.9,1898.624493408203,1986.127607421875,0.014409048606324831,0.14331208899094117,45.58073212747298,-26.32084803363273,-28.736038879847015,0,2016-02-08
-0.0006636203533073592,1882.735986328125,1895.0514892578126,1981.394404296875,0.013384435911831248,-0.08041217359832231,48.79232114439099,-28.128330097840035,-28.61449712344562,0,2016-02-09
-0.00018895027740828407,1870.6019775390625,1890.7104858398438,1976.6294018554688,0.013079146411127496,-0.13737599407318235,46.99968485027822,-29.251816034227204,-28.74196090560194,0,2016-02-10
-0.012301161792504733,1853.327978515625,1887.6504821777344,1971.602802734375,0.013215987513145504,0.23028200672307242,35.60700542664992,-31.615896343862914,-29.316747993254136,1,2016-02-11
0.019518049565855122,1850.273974609375,1884.7974853515625,1966.8458056640625,0.012026685656112996,-0.14613874345549738,47.77352787150405,-30.25993181107947,-29.505384756819204,1,2016-02-12
0.01651665412216241,1858.7019775390625,1885.5599853515625,1963.1672045898438,0.01365319823464831,-0.026879316658576236,48.564900048311074,-26.3957496943317,-28.883457744321703,1,2016-02-16
0.01648043921048603,1873.623974609375,1887.8344848632812,1960.711201171875,0.013452601552362685,0.09645631822030465,57.53702523827479,-20.575371325541255,-27.221840460565616,0,2016-02-17
-0.004665713707027619,1886.81796875,1890.7594848632812,1957.2340014648437,0.013506611535599773,-0.11474516815190539,54.22464387536438,-16.497918874951438,-25.077056143442782,0,2016-02-18
-2.6032942938902792e-05,1904.5579833984375,1893.1989868164062,1954.0482006835937,0.013500615972275082,-0.06618745900475376,45.374417000360005,-13.119305911437777,-22.68550609704178,1,2016-02-19
0.014454197186153817,1920.7019775390625,1895.1289855957032,1951.6863989257813,0.012409187364743618,-0.021275209095188097,51.13484652239203,-8.111456998903577,-19.770696277414142,0,2016-02-22
-0.012454371867771763,1925.839990234375,1897.3384887695313,1949.1593994140626,0.012149500621031121,-0.040461586648613546,53.541473699778436,-6.02836632705862,-17.02223028734304,1,2016-02-23
0.004439786812972857,1926.4360107421876,1898.646990966797,1946.71080078125,0.012054193644762082,0.10964748820891113,53.3658219994138,-3.647157721992926,-14.347215774273018,1,2016-02-24
0.011348275359951865,1933.210009765625,1902.084490966797,1945.4973999023437,0.012141666038321512,-0.04610342231744746,56.5782361749825,0.007025363209550051,-11.476367546776505,0,2016-02-25
-0.0018701144822791393,1939.264013671875,1904.818994140625,1944.0196020507813,0.010836473794953816,0.05592235461523343,63.947013686228246,2.5787489568072033,-8.665344246059764,0,2016-02-26
-0.008120976341902342,1936.610009765625,1904.4184936523438,1941.7960009765625,0.010634407819569015,0.05511543034280697,66.90847781575687,3.3022449065213095,-6.27182641554355,1,2016-02-29
0.023868791801894718,1948.0260009765625,1906.3669921875,1939.9015991210938,0.011814511073782813,0.0504709928555549,72.69686973810738,7.510541971554403,-3.5153527381239593,1,2016-03-01
0.004094308735004493,1959.3559814453124,1910.53798828125,1938.7927978515625,0.011023747047746503,-0.03177343223196227,73.56021401106638,11.368202488375118,-0.5386416928241439,1,2016-03-02
0.0034987406745825567,1967.69599609375,1914.5814880371095,1938.5497973632812,0.010681149342793232,0.08894893723709507,80.45222151841463,14.815455716162887,2.5321777889732626,1,2016-03-03
0.0033058923144386743,1978.083984375,1918.8084899902344,1938.1265966796875,0.01059589340670541,0.19053269575142173,78.08802422238338,17.873153316578055,5.600372894494222,1,2016-03-04
0.0008850141950174084,1991.989990234375,1924.8939880371095,1937.3823974609375,0.009996760334812236,-0.1788037216959535,75.08271733883456,20.20630082006187,8.521558479607751,0,2016-03-07
-0.011240108649505087,1992.1719970703125,1931.184991455078,1935.681796875,0.009794877222978787,-0.06572426924950381,62.921376703268145,20.009122359030016,10.819071255492204,1,2016-03-08
0.0050523932937867055,1992.7340087890625,1938.0374938964844,1934.247197265625,0.009806645706267115,-0.13002488339275908,67.51339195124126,20.42433442108154,12.740123888610071,1,2016-03-09
0.00015580493345068724,1991.9679931640626,1944.9229919433594,1932.9085961914063,0.009388183071228537,0.08386823571364888,67.5792106642881,20.54161134995934,14.300421380879927,1,2016-03-10
0.01639550053418848,1996.4079833984374,1954.5784912109375,1931.7851928710938,0.010292844301920024,-0.06812526988957657,68.33899247108936,23.00156739931208,16.040650584566357,0,2016-03-11
-0.001260972921287129,1999.983984375,1962.3214904785157,1930.910791015625,0.00961725973786956,-0.14484556050821107,76.2446255066728,24.46334430744878,17.725189329142843,0,2016-03-14
-0.0018369416879204792,2007.3179931640625,1968.3389953613282,1930.3505932617188,0.0069129164096378495,0.020766374700746937,73.58566629339306,25.03387526544816,19.186926516403908,1,2016-03-15
0.005600351545632654,2014.9099853515625,1973.3589965820313,1930.6417919921876,0.006981973331472854,0.13952273416697558,71.95608074057145,26.09620628587345,20.56878247029782,1,2016-03-16
0.006595236486620859,2025.1139892578126,1979.4969970703125,1931.1193920898438,0.0071203821835068995,0.11670142124022065,75.46505339321524,27.697676567226154,21.99456128968349,1,2016-03-17
0.004405643688967897,2030.5920166015626,1986.0869995117187,1932.3057934570313,0.007144975761255301,0.43541964648337483,83.55354916532522,29.353906668748323,23.466430365496457,1,2016-03-18
0.0009855772666846896,2036.984033203125,1991.3920043945313,1934.47599609375,0.007142559321426782,-0.4807739030683639,78.00725682766294,30.478146549428175,24.8687736022828,0,2016-03-21
-0.000877387766836879,2043.7580322265626,1997.818505859375,1937.031396484375,0.005490685844318406,0.01239708582597876,75.44794431073949,30.868038326641226,26.068626547154487,0,2016-03-22
-0.006386031602501285,2045.6560302734374,2003.1640014648438,1939.2921948242188,0.006272169046803952,0.0646636204606752,66.57987190139417,29.777513040286294,26.81040384578085,0,2016-03-23
-0.0003780702927851376,2044.726025390625,2007.3760009765624,1941.237392578125,0.006295411622494189,-0.06368714469805004,64.40417498141409,28.522341949734482,27.15279146657158,1,2016-03-24
0.0005452554858313974,2042.22001953125,2011.8260009765625,1944.17279296875,0.003897760827431596,-0.17566877560362937,64.21493715052209,27.30246044008163,27.182725261273593,1,2016-03-28
0.008816651779288476,2042.902001953125,2017.9650024414063,1946.8361938476562,0.004568250432513537,0.3607004403561296,81.6706849773702,27.468277104853996,27.239835629989674,1,2016-03-29
0.004350315260639448,2045.731982421875,2022.2450012207032,1950.50859375,0.0044462750082758205,-0.06070119534420104,81.5067590252503,27.998319366301075,27.391532377251956,0,2016-03-30
-0.00203975921756705,2050.33798828125,2025.9095031738282,1954.0767944335937,0.0044849507869554415,0.0348075792898106,78.6571972397345,27.758688136052797,27.464963529012127,1,2016-03-31
0.006330915127309877,2057.706005859375,2029.8785034179687,1958.3457958984375,0.004452916114948912,0.00934249908486029,74.59408840801947,28.294835580176596,27.630937939245023,0,2016-04-01
-0.003208322345054082,2063.52197265625,2033.185498046875,1962.28859375,0.004564735283809097,-0.07047485459961222,71.73432922020186,27.861949834452616,27.677140318286543,0,2016-04-04
-0.010144492387214377,2061.5539794921874,2035.3559997558593,1965.053994140625,0.005727134627237795,0.19198671145907142,61.77131411138456,25.533269299713993,27.248366114572036,1,2016-04-05
0.010507619269939372,2062.0959716796874,2039.7259948730468,1968.8455932617187,0.0066557360129782805,-0.09726300386048348,64.6725812575045,25.13211854285305,26.82511660022824,0,2016-04-06
-0.011975786526205012,2058.52998046875,2042.35849609375,1971.6111938476563,0.007509897878869982,0.013450463901034437,50.452760356045324,22.557071493453122,25.97150757887322,1,2016-04-07
0.0027865779152880243,2053.4939697265627,2045.2599975585938,1974.9041943359375,0.007545659044299454,-0.11620388030253204,49.30512896302674,20.736422304895314,24.92449052407764,0,2016-04-08
-0.0027397858070188352,2048.6659912109376,2046.25,1977.8767944335937,0.007619305686219404,0.06200569722550475,46.71044054674729,18.62615505157123,23.66482342957636,1,2016-04-11
0.0096621337827838,2051.9759765625,2048.3539978027343,1980.3063940429688,0.0077286086536833476,0.18832122516704786,53.63412793285527,18.33444946255304,22.598748636171695,1,2016-04-12
0.01004013710204088,2055.127978515625,2051.6784912109374,1983.1671923828126,0.00824761163950177,-0.011300221239981645,63.318006638090345,19.548243758798662,21.98864766069709,1,2016-04-13
0.0001729273803483533,2063.3019775390626,2054.456494140625,1986.7621923828126,0.00818879798143587,-0.1016167163267594,63.67995562109082,20.30517670536551,21.651953469630776,0,2016-04-14
-0.0009842848497145784,2069.927978515625,2056.463494873047,1990.12619140625,0.007998403924085861,-0.017106272919670595,62.68735356354704,20.503280654929085,21.42221890669044,1,2016-04-15
0.006541025289023228,2080.397998046875,2058.701495361328,1993.703994140625,0.00810164466058007,-0.10389712139837093,61.72004475698673,21.51054125698829,21.43988337675001,1,2016-04-18
0.0030844851678346608,2088.214013671875,2061.161492919922,1998.118994140625,0.0070170092176312145,0.17484804997467496,61.145768258877084,22.5698956922829,21.66588583985659,1,2016-04-19
0.0007615448773992117,2092.210009765625,2063.7914855957033,2003.098193359375,0.006468995531009917,0.0739190572850239,63.110015035608285,23.270291092209845,21.986766890327242,0,2016-04-20
-0.005194027008290192,2093.95,2066.5299865722654,2007.88359375,0.005077828075594335,-0.0022915830322494113,55.822642588037105,22.682740545517845,22.125961621365363,1,2016-04-21
4.785972478082989e-05,2096.12001953125,2069.3119934082033,2012.6779956054688,0.0051290427304725465,-0.09213970766102475,58.261465672327844,21.971901149086534,22.095149526909598,0,2016-04-22
-0.0018120458796383465,2094.810009765625,2071.848992919922,2017.852197265625,0.005038578750584457,-0.12421318109629664,65.57068380375594,20.862244361721878,21.848568493872055,1,2016-04-25
0.0018727515871905798,2092.989990234375,2073.683489990234,2022.390595703125,0.00431199651566266,0.0715266858247936,60.49634648054527,20.06701058705039,21.492256912507724,1,2016-04-26
0.001649352800310755,2091.539990234375,2075.243487548828,2026.3819946289063,0.0031019627632540964,0.15262608969439362,77.16878194881711,19.490490081152075,21.091903546236594,0,2016-04-27
-0.009230768513682652,2088.406005859375,2076.046990966797,2029.361796875,0.004403038804571068,0.05115228615817635,62.63555651300041,17.27390682062014,20.328304201113305,0,2016-04-28
-0.005063088369821722,2083.15,2075.672991943359,2032.3111987304687,0.004652602733066448,0.09162289087297903,60.00175987731141,14.502008537525398,19.163045068395725,1,2016-04-29
0.007809946463542827,2081.877978515625,2076.4379943847657,2035.5841967773438,0.004884592106721991,-0.18356246492883743,58.7266516776202,13.451742602336708,18.020784575183924,0,2016-05-02
-0.008676638198860664,2076.21201171875,2077.347998046875,2037.9415991210938,0.005295526127413036,0.0865062442887603,41.36373094615115,11.03491950469106,16.62361156108535,0,2016-05-03
-0.005936889314214544,2067.4060546875,2076.571008300781,2040.5386010742188,0.005361070677298495,-0.02751480211530677,37.04368294744498,8.038435089103132,14.906576266688909,0,2016-05-04
-0.0002390081258001331,2062.37001953125,2077.007000732422,2042.9551977539063,0.005308342844689231,-0.01232703224789089,37.52272000453388,5.560049000376694,13.037270813426467,1,2016-05-05
0.0031746390805036384,2060.73798828125,2077.483996582031,2045.0639965820312,0.0055271898521924686,-0.052932122249303326,33.61506830460067,4.074248154325687,11.244666281606312,1,2016-05-06
0.0007534970439868616,2056.189990234375,2078.318994140625,2047.2767944335938,0.005577893158707827,-0.0020361663176472478,30.614006496352815,2.9873796127481,9.59320894783467,1,2016-05-09
0.012483643435067249,2060.3939453125,2079.452490234375,2050.319992675781,0.007075466896117307,-0.04973314821755681,43.21450975847117,4.151938773510665,8.50495491296987,0,2016-05-10
-0.009561518078546327,2063.0619140625,2078.5544921875,2052.0421923828126,0.007596418477072853,0.06160213321482133,40.46709297758422,3.4271750361263003,7.489398937601156,0,2016-05-11
-0.0001694649071644072,2065.757958984375,2077.62099609375,2053.5953955078126,0.007088439846506637,-0.010358505277369368,40.32539591096926,2.7923755308192995,6.549994256244785,0,2016-05-12
-0.00847828902508041,2063.6519775390625,2075.9149963378904,2054.6595947265623,0.007405617725820737,-0.053540221923175535,36.77409793723493,0.8671824138637021,5.413431887768569,1,2016-05-13
0.009796652464963085,2065.2459716796875,2074.5309875488283,2055.9929931640627,0.007686102389199148,-0.021933696101545275,42.713275445349566,0.9483821642929797,4.520421943073451,0,2016-05-16
-0.009411297455333645,2057.8099853515623,2071.851483154297,2056.9019921875,0.007773981156564541,0.1735325702012933,37.23776791900264,-0.5503706280196639,3.5062634288548282,1,2016-05-17
0.00020517873267866804,2054.443994140625,2069.11298828125,2058.2693920898437,0.007559080162401061,-0.0018593512713679372,41.65775891913066,-1.6848273371510913,2.4680452756536444,0,2016-05-18
-0.003706707658226005,2049.62998046875,2066.5409912109376,2059.2849926757813,0.007642966724641139,-0.062065383827645704,42.39063444597581,-3.159913743508241,1.3424534718212673,1,2016-05-19
0.006019504059596059,2050.7719970703124,2064.577990722656,2060.5399951171876,0.007844863689887386,-0.08815707723622679,41.022671830672024,-3.2999943317181533,0.4139639111133832,0,2016-05-20
-0.0020854589704891735,2047.0480224609375,2062.5904907226563,2061.0569970703127,0.007857605966935818,-0.12890966886662014,44.833141882884995,-3.7135641458016835,-0.41154170026963016,1,2016-05-23
0.013681382686285826,2052.8180419921873,2061.80849609375,2062.185397949219,0.008083239225453811,0.18715880974511379,57.59807567580434,-1.7600510273255168,-0.6812435656808075,1,2016-05-24
0.006974740643369559,2061.400048828125,2061.5780029296875,2063.67759765625,0.007675345560153838,0.06390909040784698,61.2038029547467,0.9456349123192922,-0.3558678700807876,0,2016-05-25
-0.00021044390350322129,2071.412060546875,2062.2925048828124,2064.9352001953125,0.007676217868318161,-0.16277376423884993,59.57923865611807,3.019602816530096,0.3192262672413891,1,2016-05-26
0.004286857336424754,2080.76005859375,2063.980505371094,2066.104602050781,0.006895075575050039,-0.04699488392102735,61.24830958360657,5.324849735738098,1.320350960940731,0,2016-05-27
-0.0010052630048559275,2090.542041015625,2064.7565063476563,2067.051999511719,0.006467399360786591,0.46612214409820885,54.02927935689424,6.90194516601332,2.4366698019552486,1,2016-05-31
0.0011350423274503196,2095.196044921875,2066.5545043945312,2068.0065991210936,0.005238002597175177,-0.21912941004472342,62.605777751104114,8.248774275270534,3.599090696618306,1,2016-06-01
0.0028246780734553223,2098.1400390625,2069.2614990234374,2069.115798339844,0.00517395842248774,0.030509166933793352,64.29906986056392,9.68302212108847,4.815876981512339,0,2016-06-02
-0.002911814656949452,2099.94599609375,2071.6864990234376,2070.3641967773438,0.00506805494028857,-0.0013598625823074695,69.81581698684144,10.207359769031427,5.894173539016157,1,2016-06-03
0.004897281193053882,2102.015966796875,2074.3,2071.8335961914063,0.005002591029850563,-0.0512048690934952,67.4134073212208,11.321901747438005,6.979719180700528,1,2016-06-06
0.0012894462510633087,2105.051953125,2076.9719970703127,2073.3351928710936,0.004746777665668326,0.026934765050754983,80.61675175413751,12.2830715957557,8.040389663711563,1,2016-06-07
0.0033095665337075086,2109.0099609375,2078.7085083007814,2074.617395019531,0.0029819618184965084,0.007731849391608314,81.74785681217683,13.453772406024655,9.123066212174182,0,2016-06-08
-0.0017177585589538413,2111.053955078125,2081.2595092773436,2075.6479956054686,0.002636758728444351,-0.07628731688966495,84.71995002157342,13.927287520198206,10.083910473778987,0,2016-06-09
-0.009175181182794367,2110.4419921875,2082.8575073242187,2076.3745971679687,0.0042164655756251794,0.0682881908142674,68.8951404060768,12.591190560809082,10.585366491185006,0,2016-06-10
-0.008115191387155773,2104.372021484375,2084.480010986328,2076.5001977539064,0.004706733027640307,-0.03498709818748735,62.07000064597274,10.043977741684557,10.477088741284916,0,2016-06-13
-0.0017988851350955182,2097.01005859375,2084.913018798828,2076.6840014648437,0.0047145104624495724,0.10841295625333491,49.64498801790637,7.635490098412447,9.908769012710422,0,2016-06-14
-0.0018407128700851372,2087.48603515625,2086.127520751953,2077.2106005859373,0.00465648824588962,-0.057197647728451484,39.82475001565664,5.35674942503374,8.998365095175087,1,2016-06-15
0.0031329906996742096,2079.988037109375,2087.6455200195314,2077.4372021484373,0.004687922871700395,0.023573088988693147,43.92127547456527,4.028085731823467,8.004309222504764,0,2016-06-16
-0.0032579654199809127,2075.018017578125,2089.2045166015623,2078.023400878906,0.0047024593552939834,0.36500766203269874,35.7114037615748,2.40114725479998,6.883676828963807,1,2016-06-17
0.00580818525653326,2075.856005859375,2090.751013183594,2078.7364013671877,0.004843156699048077,-0.2998790541591033,43.618465793430026,2.058777312098755,5.9186969255907975,1,2016-06-20
0.002712061607464289,2078.57197265625,2092.7940063476562,2079.674599609375,0.004945413094516697,-0.06764644810003917,45.28517194190615,2.217781363762242,5.178513813225087,0,2016-06-21
-0.0016515636618127383,2081.361962890625,2093.2635009765627,2080.14919921875,0.004697154290168805,-0.020019301675286427,40.839734297880796,2.0418735459270465,4.551185759765479,1,2016-06-22
0.01336407865930278,2088.427978515625,2094.4025024414063,2080.7672021484377,0.006662026872979495,0.040963840210090474,55.46321169886588,4.104042027869127,4.461757013386209,0,2016-06-23
-0.035919799994431734,2081.6659912109376,2091.767999267578,2079.8598022460938,0.01303655646576093,1.3036956403087987,31.585743463006523,-0.38256991688513153,3.4928916273319413,0,2016-06-24
-0.01809650217612302,2065.1239990234376,2086.8419982910154,2078.2560034179687,0.013849188020659386,-0.28512593041086154,25.704408025106105,-6.834558146005293,1.4274016726644945,1,2016-06-27
0.01777016508725926,2054.56201171875,2083.7989990234373,2077.0910009765626,0.015446697842971072,-0.19248161554862442,33.92197732946872,-8.975756383056705,-0.6532299384797454,1,2016-06-28
0.017032672570028273,2051.626025390625,2082.37099609375,2076.490400390625,0.01655419607075279,-0.032849120230926565,42.27139828219533,-7.784545516250091,-2.0794930540338146,1,2016-06-29
0.013565044705922347,2048.734033203125,2082.0510009765626,2076.4196044921873,0.01708741829410738,0.08984048998759953,50.468237071854794,-4.521743147662164,-2.5679430727594847,1,2016-06-30
0.00194860235588723,2061.8420166015626,2082.2420043945312,2076.64900390625,0.01701795242861397,-0.2517792170147226,54.19106202581632,-1.5876313272851803,-2.371880723664624,0,2016-07-01
-0.006847477437932237,2079.4440185546873,2081.199011230469,2076.5884033203124,0.0171447425332673,0.05767457190023384,52.237288863346606,-0.41944326378688856,-1.9813932316890772,1,2016-07-05
0.005352963242081676,2092.172021484375,2080.5790161132813,2076.8272021484377,0.017204758276025287,0.06860960315768172,54.65795473771562,1.3924301734055007,-1.3066285506701616,0,2016-07-06
-0.0008715778419239317,2097.597998046875,2079.5180053710938,2076.951201171875,0.01719492074722074,-0.07797400099248475,53.33644813165288,2.6501318458681453,-0.5152764713625002,1,2016-07-07
0.015253349296718177,2103.80595703125,2080.2390014648436,2077.646201171875,0.017358760785859878,0.0008184100650565629,59.06674261485592,6.158016269069776,0.8193820767239552,1,2016-07-08
0.003408615474199461,2110.64794921875,2082.293493652344,2078.8731982421873,0.011577698368950715,-0.09817325017325018,58.45433933137151,9.415328020470497,2.5385712654732635,1,2016-07-11
0.007009293213798395,2123.36591796875,2085.9474853515626,2080.6099951171873,0.008309290467678688,0.25957323857942916,59.63554472998781,13.055039908442723,4.641864994067156,1,2016-07-12
0.00013476775533982632,2133.905908203125,2089.802978515625,2082.0299951171874,0.007704305118609841,-0.14532117076884787,60.30461237980769,15.781027667157105,6.869697528685146,1,2016-07-13
0.00525920411762093,2147.075927734375,2094.415478515625,2084.0375927734376,0.006580469173228645,-0.010481623609493118,58.17473490416025,18.63995768721452,9.22374956039102,0,2016-07-14
-0.0009289473209127541,2153.4439453125,2098.602978515625,2086.249990234375,0.005904160923866577,-0.0989753607590006,76.50394263031811,20.507096294991243,11.480418907311066,1,2016-07-15
0.002382294987840705,2159.38994140625,2103.386474609375,2088.5751904296876,0.0058973982113932205,-0.03628066354960613,91.0072449027493,22.14707349608352,13.613749825065558,0,2016-07-18
-0.0014351736522938419,2161.71796875,2107.412976074219,2090.7079931640624,0.005083932660044275,-0.013614416593837109,87.4699910376098,22.931487354890123,15.47729733103047,1,2016-07-19
0.004270300173431885,2165.835986328125,2111.6189819335937,2092.9945947265624,0.005052857393735192,0.08203911950787313,85.27085431706175,24.021822364334184,17.186202337691213,0,2016-07-20
-0.003612528916297486,2166.119970703125,2115.60498046875,2094.6101953125,0.005377158591912128,0.07068801255347368,76.5856647566321,23.976101862239375,18.544182242600847,1,2016-07-21
0.004553964713003289,2168.777978515625,2118.690478515625,2096.8215966796874,0.0034119555400504535,-0.12085841402774145,77.62112542707776,24.45361030180493,19.726067854441663,0,2016-07-22
-0.0030114751244342264,2169.09599609375,2125.243975830078,2098.908994140625,0.003728562017162011,0.011232833214257276,82.5898429800933,24.02654196130834,20.586162675815,1,2016-07-25
0.0003227842443460638,2170.1759765625,2133.6759704589845,2101.3603930664062,0.003182875291705269,0.12596655807198642,80.96293377626168,23.47397407336166,21.163724955324334,0,2016-07-26
-0.0011985421207814095,2168.88798828125,2140.200476074219,2103.358796386719,0.003240933321465062,0.16068964515519912,80.4110092536539,22.56614511633552,21.444208987526572,1,2016-07-27
0.0016062090221755643,2169.866015625,2145.1649780273438,2105.8157983398437,0.002846877610450147,-0.08290827180578153,73.79158928788378,21.87532434561581,21.53043205914442,1,2016-07-28
0.0016313092573088106,2169.580029296875,2148.9019775390625,2108.3352001953126,0.002839701932601016,0.1022312948933477,72.58317824883119,21.36718783399101,21.49778321411374,0,2016-07-29
-0.0012697872845152114,2170.05205078125,2152.296484375,2110.951201171875,0.002812716990823042,-0.13193144566261605,63.65776072350684,20.505402747180597,21.29930712072711,0,2016-08-01
-0.006361619481225378,2167.6220703125,2155.7204833984374,2113.045400390625,0.0034803516010260206,0.09776411227641835,52.80562256172012,18.49487810192022,20.738421316965734,1,2016-08-02
0.0031339432802557354,2167.0640625,2158.923486328125,2115.360400390625,0.003329582024763459,-0.016166287755764897,50.02585837180554,17.248172926943425,20.040371638961272,1,2016-08-03
0.00021257188969192597,2165.90205078125,2162.2409912109374,2117.12419921875,0.003136243469376055,-0.020422392005345236,51.65415445210658,16.111541278577988,19.254605566884617,1,2016-08-04
0.008603496447961101,2167.7560546875,2164.889501953125,2118.97080078125,0.0039507267649206415,-0.01243664402027389,58.94347934207254,16.522776072979923,18.70823966810368,0,2016-08-05
-0.0009071655678379864,2169.766015625,2167.0760009765627,2120.7865966796876,0.0038041094256090363,-0.09159530120909509,59.69832000221416,16.498708195789277,18.2663333736408,1,2016-08-08
0.0003897939364765346,2174.7080078125,2168.556005859375,2122.4401953125,0.003803670234070241,0.0020285194813001173,55.462233709033626,16.359646188280294,17.8849959365687,0,2016-08-09
-0.0028646859974036376,2177.047998046875,2169.7090087890624,2124.01099609375,0.003924985635809707,-0.02379809855142012,56.59678330539872,15.565684260023772,17.421133601259715,1,2016-08-10
0.004734588012062169,2181.356005859375,2170.8110107421876,2125.7401953125,0.0041485705586126916,0.051678213182998256,56.83953406808963,15.587903917792573,17.054487664566288,0,2016-08-11
-0.0007960463737501922,2181.5919921875,2171.926513671875,2127.31599609375,0.004160985186097617,-0.12342397083396628,60.541635949499316,15.288869911105394,16.70136411387411,1,2016-08-12
0.0027929092187690685,2183.443994140625,2173.0895141601563,2129.136396484375,0.0041686716515318195,0.02595095745602638,63.23022467029565,15.366949873937301,16.43448126588675,0,2016-08-15
-0.00547907701986905,2182.7259765625,2173.8080078125,2130.5111962890624,0.004004095257381791,0.03828775422035835,56.52553482121218,14.295736740840766,16.006732360877553,1,2016-08-16
0.001868589648029051,2184.07197265625,2174.2680053710938,2131.912998046875,0.003948138264156013,0.06022713052183715,56.81300252510744,13.618230631147526,15.529032014931548,1,2016-08-17
0.0021996173129046337,2184.31796875,2175.3605102539063,2133.27099609375,0.003962163156043228,-0.026067378596657975,57.414281475087,13.315137367606894,15.086253085466618,0,2016-08-18
-0.0014402713809749113,2184.281982421875,2175.8025146484374,2134.638798828125,0.0029894528424206277,-0.06537355668869316,57.16799136150336,12.674657417267554,14.603933951826805,0,2016-08-19
-0.000563323157221185,2182.77998046875,2176.5105102539064,2136.3701953125,0.0029791824289739474,-0.09960127074688796,66.35147774036663,11.93027877033046,14.069202915527537,1,2016-08-22
0.0019517694055308787,2184.52998046875,2177.3965087890624,2138.5269921875,0.0030373631322163207,0.0950261921477562,65.2418523766585,11.550948372747825,13.565552006971595,0,2016-08-23
-0.005240276852734871,2183.173974609375,2177.839501953125,2140.5293896484377,0.0033806988560015233,0.035111080424397256,56.44503566044953,10.207932534923657,12.894028112562008,0,2016-08-24
-0.0013652276243513173,2180.26396484375,2177.959997558594,2142.5487890625,0.0029556652501536826,-0.05684691323516333,42.692462080535755,8.802461693815985,12.075714828812805,0,2016-08-25
-0.0015788165944199406,2177.29794921875,2177.7319946289062,2144.3697900390625,0.002971546929602454,0.12562851302154376,41.84007988944592,7.327383591202306,11.126048581290705,1,2016-08-26
0.005228047221710774,2176.845947265625,2178.208984375,2146.55298828125,0.0033623422034888897,-0.2057121657282024,49.18164270793855,6.992795592388575,10.29939798351028,0,2016-08-29
-0.0019536804841114863,2174.689990234375,2179.1634887695313,2148.410390625,0.0029329084889539244,0.13259855807260856,50.38844156821431,6.311153656367878,9.5017491180818,0,2016-08-30
-0.0023758642617150993,2173.7919921875,2179.521484375,2150.0513916015625,0.00292518924736963,0.2526240521484635,40.23418044876017,5.292746831670684,8.659948660799577,0,2016-08-31
-4.1384533048027805e-05,2173.47001953125,2179.8519897460938,2151.7595947265627,0.0027762667036677247,-0.09937101574717433,41.12739527153527,4.427366520792475,7.8134322327981565,1,2016-09-01
0.004201041336424849,2175.6580078125,2179.707482910156,2153.09279296875,0.003163793753383501,-0.08873506833484668,43.42600308057471,4.42641892460324,7.136029571159174,1,2016-09-02
0.0029816787577114923,2176.87802734375,2179.9869873046873,2156.0741918945314,0.0033105006433862437,0.11534007091280829,55.79688476907603,4.893751503947442,6.687573957716828,0,2016-09-06
-0.0001463852229309781,2178.885986328125,2180.2079833984376,2159.7865893554685,0.003251750355632965,-0.03719345061128598,52.89277827171825,5.178593496087615,6.385777865390986,0,2016-09-07
-0.0022230136296667036,2180.956005859375,2180.498486328125,2162.690791015625,0.0028266853176680323,0.12303956715329778,45.803976631647565,4.955063587196491,6.099635009752087,0,2016-09-08
-0.02452206896667508,2172.34599609375,2177.5994873046875,2163.831591796875,0.008369138930498038,0.13576762951199628,26.345869370835686,0.45645758760565514,4.970999525322801,1,2016-09-09
0.01467705274849096,2168.1580078125,2176.348986816406,2165.0351904296876,0.009906805730624746,-0.0527827376734783,42.053882183893876,-0.5820125751088199,3.860397105236477,0,2016-09-12
-0.014830674258895948,2156.266015625,2173.192492675781,2165.516591796875,0.010640264475265308,0.0327117950968463,33.0136933173398,-3.9432997298695227,2.299657738215277,0,2016-09-13
-0.0005876766502063147,2144.188037109375,2170.5734985351564,2166.2609912109374,0.010655720990424104,-0.11530855910779947,35.043623499936785,-6.631564027988588,0.5134133849745041,1,2016-09-14
0.010109273363029914,2137.380029296875,2168.8255004882812,2167.211591796875,0.011352750931713658,-0.07925002046887364,43.170598786236965,-6.94787941063305,-0.9788451741470067,0,2016-09-15
-0.0037722947474507773,2139.65,2166.4324951171875,2168.0367919921873,0.011377629757924224,0.4862999893292863,42.10520883728431,-7.762688376330516,-2.335613814583709,0,2016-09-16
-1.8603060785604697e-05,2135.666015625,2164.1949951171873,2168.2211962890624,0.011223560353156166,-0.3734354932633477,38.406234564513476,-8.315782307595327,-3.5316475131860328,1,2016-09-19
0.0002991382171499968,2138.214013671875,2162.0510009765626,2168.2731982421874,0.011127336646689405,-0.007778930683489227,39.5708481498236,-8.603305696997268,-4.54597914994828,1,2016-09-20
0.010917162352442444,2145.684033203125,2160.86201171875,2168.492802734375,0.011868642311485506,0.18222674168692943,47.96637747473429,-6.867045587267512,-5.010192437412126,1,2016-09-21
0.006499784427785649,2151.668017578125,2160.949011230469,2168.987802734375,0.01208690780346058,-0.04384539201454363,51.530375765601725,-4.306890267575,-4.869532003444701,0,2016-09-22
-0.00573677446354337,2156.7740234375,2160.560009765625,2169.0066015625,0.008917816888507426,-0.06640445420646679,46.35690552199772,-3.248341699417324,-4.545293942639225,0,2016-09-23
-0.008587762798917709,2158.17001953125,2159.4130126953123,2168.6938037109376,0.008176150793213844,-0.02734158900378736,40.90295072734153,-3.8649268901835967,-4.4092205321481,1,2016-09-26
0.006444170055012188,2162.20400390625,2158.390515136719,2168.5546044921875,0.006685396078872466,0.0669331324943514,44.429800912484446,-3.200727084877144,-4.167521842693909,1,2016-09-27
0.005296554012835575,2163.85400390625,2158.1530151367188,2168.70640625,0.006734464532151153,0.13072297449686454,47.9486116448934,-1.7312597056429695,-3.680269415283721,0,2016-09-28
-0.009321411497187015,2158.643994140625,2157.16201171875,2168.268603515625,0.0069799189707283925,0.09201920013262899,55.58478978252074,-2.1748437352384826,-3.3791842792746736,1,2016-09-29
0.007967969231286176,2159.360009765625,2157.032507324219,2168.33060546875,0.007220383085652997,-0.013478444451824445,52.370430748009284,-1.1302921827391401,-2.929405859967567,0,2016-09-30
-0.0032606955294726125,2162.37998046875,2156.093505859375,2168.05400390625,0.007361374006422229,-0.2512623833798211,60.06832025659651,-0.8630245713270597,-2.5161296022394657,0,2016-10-03
-0.0049555622707156965,2160.4919921875,2154.2940063476562,2167.6942041015627,0.0076045987560608395,0.19341008719109776,56.89731513358937,-1.4981476904904412,-2.312533219889661,1,2016-10-04
0.0042966906501935576,2158.16396484375,2152.972509765625,2167.505205078125,0.006850244398385624,0.04510373778961818,53.73464341127215,-1.24158512765689,-2.0983436014431067,1,2016-10-05
0.00048155976529717925,2160.0919921875,2151.946008300781,2167.38900390625,0.006455506195125486,-0.11475367625286126,56.7578091001956,-0.9434593754062917,-1.8673667562357439,0,2016-10-06
-0.0032534833570118105,2157.185986328125,2153.2425048828127,2167.0626025390625,0.006287402981631983,0.040933206129073474,54.380351727255565,-1.259933452164205,-1.7458800954214362,1,2016-10-07
0.004605905039596125,2157.677978515625,2153.473498535156,2166.863798828125,0.005761451790034442,-0.1947037669366849,56.78357207796528,-0.7021922122776232,-1.5371425187926737,0,2016-10-10
-0.012446471596532338,2154.9259765625,2153.9589965820314,2166.1815966796876,0.006731480826757877,0.1773404997276169,42.65839326028901,-2.4054699220200746,-1.710807999438154,1,2016-10-11
0.001146589037580359,2150.815966796875,2154.6294921875,2165.8245947265623,0.006416694524067787,-0.1277755182637501,38.698556533356566,-3.517096297172884,-2.0720656589851,0,2016-10-12
-0.0030992637479612117,2145.17197265625,2153.893994140625,2165.199794921875,0.005847625012176698,0.19547830553030732,40.09617569216556,-4.876827313492413,-2.6330179898865627,1,2016-10-13
0.00020160447857309194,2141.019970703125,2153.584997558594,2164.57439453125,0.0050004897076441745,-0.09895902522024969,45.447568252591346,-5.85227071604686,-3.276868535118622,0,2016-10-14
-0.003037994040303138,2133.58798828125,2152.953991699219,2163.4469921875,0.0049929021181611,-0.11150565731153017,37.77701208114559,-7.066735975201027,-4.034842023135103,1,2016-10-17
0.006160403318245855,2134.16201171875,2152.94599609375,2162.6211962890625,0.005386233225389921,0.12021437347304786,38.52323399091243,-6.89268545665891,-4.606410709839865,1,2016-10-18
0.0021919710189710617,2135.184033203125,2152.0044921875,2161.872197265625,0.005216665991060985,0.06052746033647027,47.21640429700695,-6.303645588280688,-4.945857685528029,0,2016-10-19
-0.0013757239543792377,2136.942041015625,2150.2125,2161.18919921875,0.005202774232069164,-0.007628551645027182,37.60927049657276,-6.005634439150526,-5.157813036252529,0,2016-10-20
-8.414160005176807e-05,2138.57802734375,2149.035998535156,2160.2965966796874,0.005138987319760055,0.03505803576776101,40.15519681450743,-5.7180826388876085,-5.269866956779545,1,2016-10-21
0.004749839541692946,2143.54404296875,2149.297497558594,2159.642197265625,0.005155282218149271,-0.02790194393572487,50.414899235312134,-4.616334137276681,-5.139160392878972,0,2016-10-24
-0.0037977277864983394,2144.256005859375,2148.4589965820314,2158.7023974609374,0.003348220525011587,0.11793330257890733,41.72904018308689,-4.352284205497199,-4.981785155402618,0,2016-10-25
-0.0017404116452881535,2143.283984375,2146.8619873046873,2157.927998046875,0.003391826675044133,0.005835685000798785,39.62664514674294,-4.393357097416356,-4.864099543805366,0,2016-10-26
-0.0029867267366989747,2141.623974609375,2145.9574951171876,2156.9443994140624,0.0033805067725935127,0.114152012111844,39.87480086841672,-4.8852049865208755,-4.868320632348468,0,2016-10-27
-0.0031082993435224138,2138.673974609375,2143.8644897460936,2155.732197265625,0.003520761381645665,-0.0430298854943697,31.17359051177391,-5.743783061293016,-5.043413118137377,0,2016-10-28
-0.00012227640782913607,2133.637939453125,2142.1119873046873,2154.57779296875,0.0033872880141729033,-0.025249052322709242,42.67918561514707,-6.371743493642953,-5.309079193238492,0,2016-10-31
-0.006786883476427641,2127.349951171875,2140.173486328125,2153.15939453125,0.0032372592063294966,0.15602206511552086,33.70139806635599,-7.942228481845632,-5.83570905095992,0,2016-11-01
-0.00652550029741239,2119.051953125,2137.083984375,2151.3801953125,0.0033619754907358605,-0.05509132686668772,31.064688046803,-10.18141730845764,-6.704850702459464,0,2016-11-02
-0.004423400838946101,2110.175927734375,2133.478479003906,2149.6445947265624,0.003418845921239901,-0.09256444212332604,27.89312809771424,-12.5600272184206,-7.875886005651692,0,2016-11-03
-0.0016661307322337615,2101.929931640625,2130.0504760742188,2147.8987939453127,0.003331006962514612,-0.012895352123532322,28.753668744680482,-14.558081547455004,-9.212325114012355,1,2016-11-04
0.022223543967337278,2103.003955078125,2128.4434814453125,2147.1483935546876,0.008386098248368867,-0.02659874905971249,46.90372122264468,-12.260959477247525,-9.822051986659389,1,2016-11-07
0.0037719744542996647,2108.57197265625,2128.5849853515624,2146.3319970703124,0.008436297710430887,0.04870150706470011,48.232847474323655,-9.680123292158896,-9.79366624775929,1,2016-11-08
0.011077020753253342,2121.635986328125,2129.7889892578123,2146.074794921875,0.00911213873251714,0.5981207848336882,57.09012859268245,-5.65719144919467,-8.966371288046368,1,2016-11-09
0.0019507459501284519,2137.4,2131.5354858398437,2146.0053955078124,0.008996397845649892,0.03045189618338151,58.29656046014447,-2.104216513868778,-7.59394033321085,0,2016-11-10
-0.0013979503036608554,2153.25400390625,2133.108984375,2145.8771923828126,0.008911976853075498,-0.22675100062708542,54.33055637483621,0.4617212438452043,-5.982808017799639,0,2016-11-11
-0.00011550278622274313,2159.789990234375,2134.9939819335937,2145.561591796875,0.008911813916834353,0.07602738491666994,57.32795711725071,2.446866538421091,-4.296873106555494,1,2016-11-14
0.007480797417763307,2167.95595703125,2137.0334716796874,2145.4397900390627,0.00851571176035523,-0.1536305727742865,63.12650807907889,5.265800581810254,-2.3843383688823447,0,2016-11-15
-0.0015822634216101639,2170.691943359375,2138.665966796875,2145.255390625,0.008014749707195432,-0.15395625875363617,64.33886854561925,7.139148236489291,-0.4796410478080177,1,2016-11-16
0.004676369608375142,2174.619970703125,2140.954968261719,2145.3717919921874,0.00748501262482377,-0.009399932430676494,69.38011743305739,9.337606737816259,1.4838085093168378,0,2016-11-17
-0.002386798421690206,2178.1099609375,2142.9919677734374,2146.4535888671876,0.007555631325855594,-0.06055780446149128,67.2504132206432,10.537206866843462,3.294488180822163,1,2016-11-18
0.0074614006258433285,2184.90595703125,2145.3344604492186,2147.23638671875,0.004578967469035843,0.008545337764249261,76.449991933701,12.65567418401588,5.166725381460906,1,2016-11-21
0.002165432272904111,2189.415966796875,2148.3234619140626,2148.75478515625,0.004580703817397572,0.09664128478471556,83.99809646074503,14.550933696619722,7.0435670444926695,1,2016-11-22
0.0008080244329033981,2194.97197265625,2151.5879638671877,2150.3337841796874,0.0035976737682532883,-0.13651490208356476,89.49759549075586,16.011997660984434,8.837253167791022,1,2016-11-23
0.003914386891670674,2200.21796875,2155.603466796875,2151.6555859375,0.003653540683349287,-0.5366492682427592,92.14167714218286,17.662676163104152,10.60233776685365,0,2016-11-25
-0.005254535631502799,2204.181982421875,2159.3689697265627,2152.906787109375,0.004223214683279577,1.218302526205517,79.90780284954099,17.82689932191579,12.047250077866078,1,2016-11-28
0.0013352930642269722,2205.477978515625,2163.294470214844,2154.2175830078127,0.004177955553381917,0.055216067821683534,78.9949958570655,17.986933882487392,13.23518683879034,0,2016-11-29
-0.0026534040390964186,2204.652001953125,2167.648974609375,2155.398583984375,0.0038821781059475676,0.49315618773910197,68.827400731824,17.440682800407103,14.076286031113694,0,2016-11-30
-0.0035155289737457407,2201.9240234375,2172.3059814453127,2155.957783203125,0.004060702250180512,-0.08502997255525058,62.05065298367915,16.197317467362154,14.500492318363387,1,2016-12-01
0.00039700650631591117,2197.643994140625,2177.4704833984374,2156.25318359375,0.0038074214773279953,-0.25359794927251667,64.3587756288338,15.10797760655214,14.621989376001139,1,2016-12-02
0.005821305253253195,2198.2419921875,2183.446984863281,2157.053583984375,0.004057818808379872,0.030710903481150797,68.70781893004116,15.100228037573288,14.71763710831557,1,2016-12-05
0.0034108883546988267,2199.756005859375,2187.4824829101562,2158.376181640625,0.0035119384995386032,-0.010578346197156363,65.98392501280753,15.521961665082017,14.87850201966886,1,2016-12-06
0.013163241364864575,2208.264013671875,2192.571984863281,2160.0045849609373,0.005305650668672791,0.16767730712495044,75.7084278553443,17.998463608542806,15.50249433744365,1,2016-12-07
0.0021593430473272335,2219.285986328125,2196.7184814453126,2161.5009814453124,0.005296401453503194,-0.06678404198869026,74.62675629129906,20.11971661429061,16.425938792813042,1,2016-12-08
0.005938984786955759,2232.802001953125,2201.3209838867188,2163.668984375,0.005420152241999028,-0.07537226968526889,80.3124159902992,22.616549010475865,17.66406083634561,0,2016-12-09
-0.0011374349205595102,2243.252001953125,2205.946484375,2165.442783203125,0.004935829772834887,0.03921048975159924,75.70403363390038,24.109998579838702,18.95324838504423,1,2016-12-12
0.006539774750587091,2255.15,2211.3224853515626,2167.65318359375,0.005072802255420122,-0.04041249365537225,77.65802665242481,26.18275900916342,20.39915050986807,0,2016-12-13
-0.00811717185395111,2257.535986328125,2214.9669921875,2169.708984375,0.005966395294946676,0.13779437149573104,67.21987893395391,26.03734511358698,21.526789430611853,1,2016-12-14
0.0038832279549072535,2260.70400390625,2219.2214965820312,2171.7549853515625,0.0055890362609681025,-0.053589044078128256,67.24772372224827,26.32470066419137,22.486371677327757,0,2016-12-15
-0.0017506226204834219,2260.41201171875,2222.768994140625,2173.700986328125,0.005747965926756265,0.42067303084325336,71.11285925980133,25.933945870770913,23.17588651601639,1,2016-12-16
0.001975120701520394,2261.526025390625,2226.800500488281,2175.876787109375,0.005665639727109411,-0.4513660022465922,71.43818419929238,25.68803576984874,23.678316366782862,1,2016-12-19
0.0036375121488696482,2261.334033203125,2230.4295043945312,2178.0187890625,0.005669666414971468,0.01641949803863696,76.19221984233494,25.859152670965614,24.114483627619414,0,2016-12-20
-0.0024573614565177593,2263.714013671875,2233.54150390625,2180.5877880859375,0.004469809032202148,-0.13652022684310017,77.40380187764433,25.253392983282993,24.34226549875213,0,2016-12-21
-0.0018629737285675851,2263.5,2236.3535034179686,2183.023388671875,0.004541016390250863,0.009033654654486245,74.90436140200634,24.15437114358656,24.30468662771902,1,2016-12-22
0.0012517152775348706,2264.643994140625,2238.8755004882814,2185.6481884765626,0.004162249035054594,-0.2983472594917155,72.96688862399114,23.243811875806387,24.092511677336493,1,2016-12-23
0.0022483727122095676,2265.91396484375,2242.23349609375,2188.3661865234376,0.004179386709609181,-0.015584569791661562,72.44628284649644,22.671551416709917,23.80831962521118,0,2016-12-27
-0.008356529175972627,2261.745947265625,2244.4964965820313,2190.8345849609377,0.004447349712531682,0.2075759022580954,53.6929415180807,20.45235843047567,23.13712738626408,0,2016-12-28
-0.000293304709629405,2258.561962890625,2247.018994140625,2193.027783203125,0.0036670924294951095,-0.026656955571740748,51.37240607067319,18.427956595720843,22.195293228155435,0,2016-12-29
-0.004637050227782158,2254.135986328125,2249.406494140625,2194.918583984375,0.003609434168536859,0.14232265788686016,40.49935345358873,15.799864239943417,20.916207430513033,1,2016-12-30
0.008486575281279274,2252.943994140625,2252.7005004882812,2197.2483837890627,0.004675059832211014,0.4122924893788251,50.347020723875104,15.076431605189555,19.74825226544834,1,2017-01-03
0.005722273788525856,2253.318017578125,2256.0025024414062,2199.840185546875,0.004990555498848451,-0.001091966361075114,49.60739322143101,15.368477506961426,18.87229731375096,0,2017-01-04
-0.0007706704833204681,2257.134033203125,2258.8410034179688,2202.193583984375,0.004863317001365686,0.004295694488297697,57.35680906733087,15.282547914252973,18.154347433851363,1,2017-01-05
0.0035169592193697863,2262.67802734375,2260.6224975585938,2204.8699853515627,0.0049038205512163275,-0.11703847739017403,57.0472378418316,15.677643707624156,17.659006688605924,0,2017-01-06
-0.0035485942758867184,2268.6919921875,2261.7579956054688,2207.459384765625,0.005022763626089439,-0.03660893814630406,54.91417721126342,15.163964450776348,17.15999824104001,0,2017-01-09
0.0,2270.90595703125,2262.2264892578123,2210.17658203125,0.005013715614506894,0.1307035061946189,53.0123375258908,14.58870048087283,16.645738689006574,1,2017-01-10
0.0028296382793233654,2271.819970703125,2263.144494628906,2213.15478515625,0.005042912443701414,-0.004252093084580411,52.19402522224519,14.48389208996241,16.213369369197743,0,2017-01-11
-0.0021448089967596173,2272.107958984375,2263.0804931640623,2216.0405859375,0.004164996062907674,-0.04382248115903653,52.54796127619214,13.847420777860862,15.740179650930367,1,2017-01-12
0.0018498402425362048,2271.63994140625,2264.148486328125,2219.298984375,0.004150965433015307,-0.10834280570765853,56.62787699281062,13.525994392884058,15.297342599321107,0,2017-01-13
-0.0029675026899970147,2271.437939453125,2264.4414794921877,2222.6979833984374,0.0039203905317633965,0.16056984223536563,51.91367549223613,12.581560679379436,14.754186215332775,1,2017-01-17
0.0017637540575008437,2272.0359375,2265.132470703125,2226.3625830078126,0.003024683274923047,-0.0750721364947936,51.4194138139853,12.017328445956991,14.206814661457619,0,2017-01-18
-0.003609308355419394,2269.709912109375,2265.190466308594,2229.932783203125,0.0026993695618721426,-0.04499543354221491,57.22683778118321,10.78418938388404,13.522289605942904,1,2017-01-19
0.003366237154707852,2269.883935546875,2265.21796875,2232.728583984375,0.002927920989257125,0.11629250187003493,60.7845057136375,10.303030642130125,12.878437813180348,0,2017-01-20
-0.002690124758069401,2267.995947265625,2265.2189697265626,2235.2413818359373,0.0027785022819048965,-0.10789544368576554,63.46632887909217,9.321224988673293,12.166995248278937,1,2017-01-23
0.006564593637664151,2270.431982421875,2266.1744750976563,2237.5775830078123,0.003336210884707544,0.20971780276619212,61.85746827204686,9.631999423415891,11.659996083306329,1,2017-01-24
0.008026090549617448,2275.72802734375,2267.9034790039063,2240.1953857421877,0.004084978451277338,0.008485832929433279,63.926955254307394,11.22555024691519,11.5731069160281,0,2017-01-25
-0.0007353844075136395,2282.326025390625,2269.2934814453124,2242.8399853515625,0.004092095821653812,-0.06178461762276133,63.96553975320078,12.211302612049167,11.700746055232315,0,2017-01-26
-0.000866463892926328,2287.002001953125,2271.531982421875,2245.44978515625,0.0040039578109267076,-0.13127196103568872,59.51014992841822,12.68570991518618,11.897738827223089,0,2017-01-27
-0.006009543517695892,2290.1419921875,2273.113977050781,2247.4599853515624,0.004565846878189143,0.1458586991859554,56.07159621513453,11.81276995778444,11.880745053335358,0,2017-01-30
-0.0008899054071440649,2289.902001953125,2275.1159790039064,2249.4985888671877,0.004447168724819748,0.137603475900129,54.94306242798075,10.832303996270184,11.671056841922324,1,2017-01-31
0.00029836348965073256,2286.13798828125,2276.2019775390627,2251.3471875,0.004424692966942202,-0.041699574299525866,52.22372244411816,9.994927160189945,11.335830905575849,1,2017-02-01
0.0005703094032936118,2282.972021484375,2276.706982421875,2253.32619140625,0.004201384067636264,-0.02792158583788995,55.68672847738645,9.328667982482784,10.934398320957236,1,2017-02-02
0.007264758098647794,2283.518017578125,2278.127978515625,2255.3109912109376,0.0046288655649653785,-0.05349155852337151,60.96246255066675,10.022169783980189,10.751952613561826,0,2017-02-03
-0.002115356985885164,2285.850048828125,2278.906982421875,2257.1033935546875,0.004579140771612632,-0.13687856526815256,62.09203198407018,10.063617488825912,10.614285588614644,1,2017-02-06
0.00022682918569594257,2288.692041015625,2280.1159912109374,2258.870595703125,0.004176713953285302,0.10926329926519496,60.75316109113705,10.022888701795182,10.496006211250752,1,2017-02-07
0.0006933223855400961,2291.716015625,2281.4044921875,2260.4969921875,0.0032685647876287147,0.04619604571812563,66.85161379427575,10.00358287204972,10.397521543410546,1,2017-02-08
0.005752546449780516,2297.12001953125,2283.0319946289064,2262.6199951171875,0.0037493931041256315,0.01928321266905697,68.74874799679488,10.927463311028987,10.503509896934235,1,2017-02-09
0.003566050102845164,2300.8560546875,2285.3150024414062,2264.848798828125,0.003831983414415337,-0.05024989135158631,75.54718497805378,12.183294423850384,10.839466802317466,1,2017-02-10
0.005245845097992419,2307.99404296875,2287.9955078125,2267.43759765625,0.003159264996077611,-0.041248641537493524,74.86073353304728,13.997589705774772,11.471091383008927,1,2017-02-13
0.004007335176634763,2316.89404296875,2291.480017089844,2270.36759765625,0.0030277966712798083,0.05240173369884582,72.29620168813861,16.003809167900272,12.377634939987196,1,2017-02-14
0.004992308919898214,2327.81005859375,2295.3480224609375,2273.5135986328123,0.003003521590675534,0.07308023718551948,76.84627602939379,18.324187879903093,13.566945527970375,0,2017-02-15
-0.0008641180363413437,2335.680029296875,2299.524523925781,2276.363798828125,0.0031635254732651956,-0.029047484461959816,76.8148633727234,19.771386096337665,14.807833641643834,1,2017-02-16
0.0016785565287558146,2342.6919921875,2303.5170166015623,2279.1423974609374,0.002771557640054444,-0.043273756086944726,89.87543473140181,20.9942132316919,16.045109559653447,1,2017-02-17
0.006048066160828425,2350.11796875,2308.526013183594,2281.6229931640623,0.002510488195716774,0.02010048822376964,93.12999956181564,22.847375023666245,17.40556265245601,0,2017-02-21
-0.001082200145408052,2355.165966796875,2312.6635131835938,2283.955595703125,0.0027055102139245486,-0.031874386763000584,90.75094507343137,23.83471174164606,18.69139247029402,1,2017-02-22
0.00041898672168572126,2358.077978515625,2315.935510253906,2286.0411962890626,0.0027327942713039127,0.15795368496215278,90.72279107225035,24.415619083641104,19.836237792963438,1,2017-02-23
0.0014933641914423035,2362.102001953125,2319.4685180664064,2288.248798828125,0.0025796488304789603,-0.047083746708538765,89.36078393644947,24.874103023887983,20.843810839148347,1,2017-02-24
0.0010179830611165563,2365.82001953125,2323.2215209960937,2290.2093994140623,0.002593986293261353,-0.06464078738965817,94.68581281623653,25.142092227690682,21.703467116856814,0,2017-02-27
-0.0025783763780462543,2365.472021484375,2327.3585205078125,2292.4165966796877,0.002778667530901395,0.175128602832052,88.36452357121809,24.57811973288335,22.278397640062124,1,2017-02-28
0.013673854659866258,2372.1,2333.2130126953125,2295.0951953125,0.0047352786161559265,0.03208813852238368,91.27886846367836,26.43440747948989,23.10959960794768,0,2017-03-01
-0.005859880503598425,2375.72197265625,2338.331506347656,2297.5721923828123,0.00530479096221352,-0.12043343154776276,79.97244939503298,26.467514051139005,23.781182496585945,1,2017-03-02
0.0005038772720600271,2378.877978515625,2343.4450073242188,2299.983994140625,0.00525749875498942,-0.06991576948925615,78.7639568803648,26.287570232759663,24.282460043820688,0,2017-03-03
-0.0032772408480052917,2379.989990234375,2347.3395141601563,2302.0749951171874,0.005471311511949801,-0.0857178203206932,70.97895552537179,25.223990541562216,24.470766143368994,0,2017-03-06
-0.0029133737680216987,2380.939990234375,2351.131005859375,2304.1391943359376,0.005290037239601708,0.08441478565717442,64.03633071360088,23.551212690613283,24.286855452817854,0,2017-03-07
-0.002284215165048731,2374.343994140625,2354.6260009765624,2306.1795947265623,0.005334357040704744,0.08160961914754838,56.6334666993791,21.54068192469913,23.73762074719411,1,2017-03-08
0.0007998953585612867,2370.934033203125,2358.1360107421874,2308.2011962890624,0.005338884663554244,-0.025072887826159906,58.538987959548614,19.870782038089146,22.96425300537312,1,2017-03-09
0.003268670195698986,2368.830029296875,2361.372509765625,2310.2756005859374,0.0054208202199519774,-0.07638935577996209,60.005651172276444,18.95264487613713,22.161931379525925,1,2017-03-10
0.0003666328125562224,2368.46201171875,2364.241003417969,2312.7466015625,0.0054142776398198806,-0.07796121593291405,54.31286035948095,18.08671366893259,21.34688783740726,0,2017-03-13
-0.0033790271755046453,2367.8740234375,2366.1010009765623,2315.070400390625,0.005465116784540675,0.002245274975131384,51.324871473200005,16.562387505023253,20.389987770930457,1,2017-03-14
0.008374752796581397,2372.330029296875,2368.484997558594,2317.9989990234376,0.004084042539720584,0.23181652046783618,59.08353097595824,16.759659287159593,19.663922074176284,0,2017-03-15
-0.0016267102694209612,2375.631982421875,2370.0914916992188,2320.4699951171874,0.003656892392616193,-0.13828146382264694,55.92793335133832,16.413697886166574,19.01387723657434,0,2017-03-16
-0.0013143147950017697,2376.761962890625,2371.6429931640623,2322.6199951171875,0.0036732981539015592,0.5375495713709006,53.567213114754104,15.705917556913846,18.352285300642244,0,2017-03-17
-0.0020098935338483948,2376.761962890625,2372.75849609375,2324.70939453125,0.003575843969151356,-0.40894471236452234,54.17198560984101,14.591091115077234,17.600046463529242,0,2017-03-20
-0.012407972940626899,2372.4759765625,2371.6905029296877,2326.0501953125,0.005272281939436284,0.39761755444936564,27.405712877764458,11.202087500325433,16.32045467088848,1,2017-03-21
0.0018898864360001877,2365.11396484375,2370.9719970703127,2327.6411962890625,0.005326137527831358,-0.1644655506451439,34.111901500348836,8.772610981463458,14.810885933003476,0,2017-03-22
-0.001060269661328106,2358.02998046875,2370.0794921875,2329.1823974609374,0.005304103453541601,-0.08748139943387145,32.57357184073861,6.570570488086105,13.162822844020003,0,2017-03-23
-0.0008439958489141475,2351.1759765625,2368.911486816406,2330.555595703125,0.0051103573828053086,-0.08701262873957827,34.45775077754847,4.612499631231003,11.452758201462203,0,2017-03-24
-0.001019587452981141,2344.8,2367.5034912109377,2331.9785986328125,0.005081828165558195,0.0885571070293063,36.07943593385412,2.8351877328045703,9.729244107730677,1,2017-03-27
0.007251474353500598,2347.710009765625,2367.25,2333.6572021484376,0.0056840297158644495,0.039114209049131876,47.95515213812997,2.7649254254729385,8.33638037127913,1,2017-03-28
0.001085324742930105,2350.24599609375,2365.50849609375,2335.522001953125,0.0048587627843768395,-0.0776018663627297,48.27638193216235,2.8825692102864195,7.245618139080588,1,2017-03-29
0.002935109936855751,2354.666015625,2364.8155029296877,2337.4454052734377,0.005005892443862172,0.01673601122384305,47.89226953923716,3.494725010450111,6.495439513354493,0,2017-03-30
-0.002255047489714501,2358.414013671875,2363.7954956054687,2339.426005859375,0.005030641978343036,0.06236707514685036,45.20816283888492,3.5085184123468025,5.8980552931529555,0,2017-03-31
-0.0016421255420062675,2361.864013671875,2362.9719970703127,2341.1766064453127,0.0050208777749985445,0.01846732246167404,46.94072182422201,3.169835771669568,5.352411388856279,1,2017-04-03
0.0005595225490382383,2362.181982421875,2362.560498046875,2343.0758056640625,0.0028315266486896723,-0.06154039658001653,35.983792951133466,2.973647762701148,4.8766586636252525,0,2017-04-04
-0.0030548611983906016,2360.54599609375,2362.0589965820313,2344.5334033203126,0.0030239301556395323,0.17838196699851006,34.69359320492228,2.210897905814363,4.343506512063075,1,2017-04-05
0.001929509405943275,2358.431982421875,2361.689990234375,2345.71580078125,0.003033754733468669,-0.15272506050546863,38.990183054569364,1.9502748046261331,3.864860170575687,0,2017-04-06
-0.0008271302020167459,2356.99599609375,2360.8369873046877,2346.8930029296876,0.0030329324966450475,-0.04637477561851244,40.19680866684286,1.5683059018974745,3.4055493168400446,1,2017-04-07
0.0006876864837839225,2356.6599609375,2360.021484375,2348.14240234375,0.002985811414637426,-0.08581202736766291,60.32695665521807,1.3803907265541966,3.000517598782875,0,2017-04-10
-0.001433879303282093,2355.383984375,2359.43798828125,2349.6000048828123,0.001936478763606575,0.1175727018481183,54.259337297685384,0.9478125075356729,2.5899765805334347,0,2017-04-11
-0.003759951034546627,2353.77998046875,2357.421484375,2350.921201171875,0.0021707058010012213,0.025761799480918945,49.25283794074415,-0.10789402988712027,2.050402458449324,0,2017-04-12
-0.006814694227374907,2348.07197265625,2354.7999877929688,2351.90919921875,0.002524281774221713,-0.017155530565707733,40.93806211158182,-2.208541251529823,1.1986137164534947,1,2017-04-13
0.008613348940219367,2346.765966796875,2353.33798828125,2353.2723974609376,0.004092638996398742,-0.10154208963952227,53.68784825363543,-2.228946323668424,0.513101708429111,0,2017-04-17
-0.0029033798625895946,2343.77197265625,2351.7739868164062,2354.1677978515627,0.004148261193855863,0.1575300064735452,40.944171946409824,-2.763583143058895,-0.14223526186849028,0,2017-04-18
-0.0017163507793208632,2340.649951171875,2351.481481933594,2355.0799951171875,0.004133864316611424,0.0760800804349353,37.50816902306454,-3.471649637745486,-0.8081181370438895,1,2017-04-19
0.007557263417987681,2342.831982421875,2351.8509887695313,2356.3351953125,0.004830612022033571,0.03630337729611832,44.04716314671525,-2.5772537376042237,-1.1619452571559563,0,2017-04-20
-0.0030350729326357184,2346.77998046875,2351.9874877929688,2357.415595703125,0.004880348923369304,-0.034209466181052806,43.28385071535924,-2.4175278517727747,-1.41306177607932,1,2017-04-21
0.01084006896297951,2351.807958984375,2353.495983886719,2358.74119140625,0.006018917153410428,0.05306512757650039,56.07387562255555,-0.2338422783805072,-1.1772178765395576,1,2017-04-24
0.006090687476747014,2361.0919921875,2355.8469848632812,2360.1913916015624,0.006245602249272464,0.07939544671895926,60.221352110897094,2.6332079893800255,-0.41513270335564095,0,2017-04-25
-0.00048570348354270987,2370.947998046875,2357.290979003906,2361.375390625,0.006205818025948923,0.026344169233764925,62.95817423550513,4.75691629899984,0.6192770971154553,1,2017-04-26
0.0005529198041311911,2377.533984375,2358.672985839844,2362.399189453125,0.005948938473710391,-0.002775244141218769,62.03998323538312,6.471885056868359,1.7897986890660362,0,2017-04-27
-0.0019131470681601481,2384.635986328125,2359.47998046875,2363.0981884765624,0.005322859369935578,-0.09234037571281528,60.813367599782616,7.377204014486779,2.907279754150185,1,2017-04-28
0.0017322905115801923,2387.472021484375,2360.7604858398436,2363.920390625,0.004848265551788206,-0.13969392827871607,61.541855078857395,8.331897609855787,3.9922033252913054,1,2017-05-01
0.0011890499458222514,2387.983984375,2362.3769775390624,2364.7205908203123,0.004584706442068532,0.2061096361080743,63.90052189698208,9.211466764519628,5.03605601313697,0,2017-05-02
-0.0012713605313821041,2388.119970703125,2363.7754760742187,2365.1755908203127,0.004545746075928215,0.009167754366337322,66.78568785964859,9.553103678264506,5.939465546162477,1,2017-05-03
0.0005821026438950216,2388.269970703125,2365.6039794921876,2365.70958984375,0.004136420700414446,0.1208953078968169,76.54461532535731,9.822794745762621,6.716131386082506,1,2017-05-04
0.0040886954080285864,2391.28798828125,2367.693981933594,2366.419189453125,0.003888339313042177,-0.18879268108410063,74.21942803920324,10.701525262725227,7.513210161411051,1,2017-05-05
3.744597299082386e-05,2393.49794921875,2369.8859741210936,2367.0599853515623,0.0024300118316296646,-0.03196227181901312,79.4578498096086,11.275201661909705,8.265608461510782,0,2017-05-08
-0.0010252486299153762,2394.64794921875,2371.873974609375,2367.6033837890627,0.0017360763640091063,0.06642876509844053,80.75570279030296,11.399934701448728,8.892473709498372,1,2017-05-09
0.0011306013658478609,2396.94794921875,2374.166467285156,2368.32318359375,0.0017249648080833397,-0.0023155742186645734,77.18156606604332,11.58392545164088,9.430764057926874,0,2017-05-10
-0.002162809124616749,2397.93193359375,2376.6419677734375,2368.292783203125,0.0019202401375475397,0.02146671891312746,79.10663361353936,11.182054782470459,9.781022202835592,0,2017-05-11
-0.0014784413679722608,2396.25390625,2379.739465332031,2368.4723828125,0.0018703855067412165,-0.11349863589174047,64.77843547789524,10.45737174286478,9.91629211084143,1,2017-05-12
0.004776513648450997,2396.841943359375,2382.4049682617188,2368.8563818359376,0.0023250864290025527,0.05612142999800285,62.78190012291164,10.681438197492753,10.069321328171696,0,2017-05-15
-0.0006868970151433507,2397.591943359375,2385.328967285156,2369.3635791015627,0.0023466614402055607,-0.019561156191262086,62.21349079967701,10.6036274301714,10.176182548571639,0,2017-05-16
-0.018178214414433458,2389.07197265625,2386.27197265625,2369.1363818359373,0.006353494544511305,0.21712193254447198,33.54420926588341,6.940580527261318,9.529062144309576,1,2017-05-17
0.003686818283279214,2383.327978515625,2386.765966796875,2369.191181640625,0.006528673113486104,0.037140195353393635,40.81147091241922,4.6847917493855675,8.560208065324774,1,2017-05-18
0.006767499942466504,2381.493994140625,2388.41796875,2369.52837890625,0.006808759202679232,-0.11291741522049159,47.0650564320362,4.141199705294639,7.676406393318747,1,2017-05-19
0.005160131149745784,2379.833984375,2389.411474609375,2369.95677734375,0.007059602800286778,-0.1709737192368922,51.16912562942904,4.648517320120391,7.070828578679077,1,2017-05-22
0.001837871992654172,2379.383984375,2389.901965332031,2370.4557763671874,0.0070804882046255,0.012585862783244917,54.174458037525355,5.344003190267358,6.725463500996733,1,2017-05-23
0.002489126548973042,2388.85595703125,2390.7489624023438,2371.2345751953126,0.007115717866308519,0.05368468177183083,55.81627644478228,6.304236185187165,6.64121803783482,1,2017-05-24
0.00444194837709877,2398.7259765625,2392.06396484375,2371.8307763671874,0.00717612113438765,0.043953806753136426,56.12864319320943,7.836692170193601,6.8803128643065765,1,2017-05-25
0.00031054999597146526,2405.543994140625,2393.644970703125,2372.519580078125,0.0071329170974455,-0.20668077926409112,56.35246017625649,9.007856350238853,7.305821561493032,0,2017-05-26
-0.0012046245861250249,2409.32197265625,2394.8739624023438,2373.2127783203123,0.007036820654122247,0.14212324496870243,56.15708438387792,9.590632273633673,7.762783703921161,0,2017-05-30
-0.000459968801852062,2411.997998046875,2395.90546875,2373.9793798828123,0.007033067338234783,0.4093067070926366,54.74469506751213,9.8493920399128,8.18010537111949,1,2017-05-31
0.007571112611303388,2417.13203125,2398.0019775390624,2375.7001806640624,0.0029956468051639596,-0.14550999991146607,62.602617612913924,11.396519222262214,8.823388141348035,1,2017-06-01
0.0037077313104922904,2421.93203125,2400.4794799804686,2377.5125830078123,0.002996140239994157,-0.10234625526469843,66.40781833936796,13.197528258428974,9.698216164764224,0,2017-06-02
-0.001217665183814387,2425.988037109375,2402.3199829101563,2379.3153857421876,0.0029627769756507653,-0.1583552156975906,62.209052998282864,14.221255301804376,10.602823992172254,0,2017-06-05
-0.0027790399654609166,2429.2720703125,2403.817492675781,2381.0223876953123,0.0031576722589405234,0.15772168737485948,59.98890424293582,14.321196523587787,11.346498498455361,1,2017-06-06
0.0015682572275503848,2433.5400390625,2405.6284912109377,2382.8533837890627,0.0031553295801374642,0.059071592507588644,86.72196726254982,14.540210354310148,11.985240869626319,1,2017-06-07
0.00026720472849017796,2434.28603515625,2407.3364990234377,2384.357783203125,0.003151687727347442,0.044672866881791284,85.60519184649216,14.597965521244078,12.507785799949872,0,2017-06-08
-0.0008299892344156845,2432.826025390625,2409.2030029296875,2385.7705859375,0.002989726795967808,0.07866209133881874,80.66175194624125,14.315715555281258,12.86937175101615,0,2017-06-09
-0.000978763178264619,2431.483984375,2411.1275024414062,2386.9971826171877,0.003035519508593485,0.0004913322050890123,74.6685601223254,13.741569807279575,13.043811362268835,1,2017-06-12
0.004511505177332342,2433.68798828125,2413.02900390625,2388.54978515625,0.0031991647189472208,-0.18691217905472435,76.79227740441915,14.009459785222589,13.236941046859586,0,2017-06-13
-0.0009958307964025304,2434.643994140625,2414.89150390625,2390.1313818359376,0.003233175367948678,0.08553370101029811,72.4399130761564,13.865832955930273,13.362719428673724,0,2017-06-14
-0.0022395981461527104,2434.377978515625,2418.6630004882813,2391.5773828125,0.002435595022415649,-0.05245262235011128,62.51242828484399,13.159737183482775,13.322122979635536,1,2017-06-15
0.0002836393681004967,2434.653955078125,2422.0344970703127,2393.1813818359374,0.0020881710321291034,0.5715929513223685,62.48000084392043,12.511597790941323,13.160017941896694,1,2017-06-16
0.008347228657875183,2439.46796875,2425.62099609375,2395.10078125,0.003381316922164892,-0.3826674063758402,73.35016603075435,13.48138957587662,13.22429226869268,0,2017-06-19
-0.0066966373620162,2438.803955078125,2427.7714965820314,2396.7305810546877,0.004001286575801075,0.04622372748725345,62.349429265214816,12.776914067660982,13.134816628486341,0,2017-06-20
-0.0005826443900691647,2438.3419921875,2429.631005859375,2398.2995849609374,0.003984728557772281,0.05156455429923734,53.25285964897219,11.966098587518445,12.901073020292763,0,2017-06-21
-0.00045578207221763645,2438.75,2431.136511230469,2399.913984375,0.003988088826431799,-0.0338798451873894,47.048156102853284,11.105922920276953,12.542043000289603,1,2017-06-22
0.0015609155178168965,2439.780029296875,2432.2980102539063,2401.78138671875,0.004002026765071562,0.5191487526062262,51.40589066785658,10.608570689550561,12.155348538141794,1,2017-06-23
0.000315801794623205,2436.90205078125,2433.4605102539062,2403.9837890625,0.003977814485778181,-0.38595654297429605,56.741366083468236,10.159437927918134,11.756166416097063,0,2017-06-26
-0.00807282488613359,2433.372021484375,2433.7840087890627,2405.3911865234377,0.004491685370215901,0.09899619565552498,42.19253455531759,8.121049163037696,11.02914296548519,1,2017-06-27
0.008808066374833778,2434.38798828125,2435.2285034179686,2407.3611865234375,0.005429267802872384,-0.023785545771536465,53.17147179093558,8.131421053723443,10.449598583132842,0,2017-06-28
-0.008600023246820632,2431.427978515625,2434.710498046875,2408.991787109375,0.006071837106569807,0.11194891924666228,45.27592987901015,6.372466236518449,9.634172113809964,1,2017-06-29
0.0015332318107057485,2428.449951171875,2433.927490234375,2410.34318359375,0.006102747131768357,-0.1301259057877382,47.68362479525793,5.217698335016394,8.75087735805125,1,2017-06-30
0.002310833849555216,2426.437939453125,2433.5729858398436,2411.9495849609375,0.005401362498693905,-0.4350971322299564,45.41705228718188,4.70023613593321,7.940749113627643,1,2017-07-03
0.001453279024245635,2429.069970703125,2433.7334838867187,2413.1173876953126,0.005047552901963743,0.7713307528872246,47.84494898917194,4.5228508681866515,7.2571694645394444,0,2017-07-05
-0.009368823820586791,2422.881982421875,2432.5639892578124,2413.540185546875,0.005830735471850953,0.00016626337900627064,42.011994888775924,2.5143225324227387,6.308600078116104,1,2017-07-06
0.006403125486305727,2423.977978515625,2432.1334838867188,2414.29478515625,0.006293646108156099,-0.13041193810093477,47.46001932703933,2.142913710407811,5.475462804574446,1,2017-07-07
0.0009277662125786179,2424.781982421875,2431.9164794921876,2415.0679833984377,0.006275269143269072,0.027476710168328644,40.6252363057,2.0069904030124235,4.781768324262042,0,2017-07-10
-0.0007826806116978391,2424.085986328125,2431.723486328125,2415.8945849609377,0.006270396180349262,0.03286509761186496,45.37410583461328,1.7260669364291061,4.170628046695454,1,2017-07-11
0.007305607635895495,2426.227978515625,2431.8684814453127,2416.9929833984374,0.006100861041300859,0.021905558414822446,52.71688264782541,2.8998588413619473,3.916474205628753,1,2017-07-12
0.0018745843139260643,2433.843994140625,2432.3639892578126,2418.1261865234374,0.005476849181501701,-0.03411816550725555,54.62624044249227,4.151811906863713,3.9635417458757454,1,2017-07-13
0.004673503078699293,2440.66201171875,2433.7044921875,2419.5489892578125,0.0046201287069639755,-0.1075603468784524,56.9111931831897,5.997960638374934,4.370425524375583,0,2017-07-14
-5.291283677333336e-05,2447.00400390625,2435.0039916992187,2420.94138671875,0.004651059637781875,0.022684282406900236,56.64254408646636,7.365640136735692,4.969468446847605,1,2017-07-17
0.0005978573436131729,2454.02001953125,2435.3614990234373,2422.1677880859374,0.0046483757629985755,0.06195502360225391,65.5175455522783,8.470527080118245,5.6696801735017335,1,2017-07-18
0.005372639356088893,2460.13603515625,2437.2015014648437,2423.6567919921877,0.0048243455937109405,0.03016721081070184,63.281528243623505,10.294233578116291,6.594590854424645,0,2017-07-19
-0.00015365928181010347,2465.260009765625,2439.0934936523436,2425.187392578125,0.0030181853226434467,0.05222582340288717,75.80403187998124,11.575426734667417,7.5907580304732,0,2017-07-20
-0.00036787164783502746,2467.914013671875,2440.995495605469,2426.645595703125,0.002827826217459386,-0.048681377992567776,74.23777072779436,12.374711270423632,8.547548678463286,0,2017-07-21
-0.0010637348279797232,2470.068017578125,2442.5759887695312,2428.1549951171874,0.002973373510365041,-0.01531197829716191,70.78661723321571,12.650098300519403,9.36805860287451,1,2017-07-24
0.002923171678338221,2473.37197265625,2444.4789794921876,2429.8795947265626,0.002852459444731521,0.36306922037669875,71.84270952927669,13.297648784171543,10.153976639133917,1,2017-07-25
0.0002826639480466575,2474.17197265625,2447.4014892578125,2431.389794921875,0.0022274616688206304,-0.12596808831103212,92.56043956043956,13.709304785930726,10.86504226849328,0,2017-07-26
-0.0009726882691745153,2474.565966796875,2449.13798828125,2432.884794921875,0.002340396524042498,0.12171503378425319,87.51453854034878,13.6833327242216,11.428700359638945,0,2017-07-27
-0.001341115577770502,2474.477978515625,2451.7579956054688,2435.1861962890625,0.0020858284042902333,-0.18159990485016375,82.83097616031408,13.242219544757518,11.791404196662661,0,2017-07-28
-0.0007281456077897763,2474.556005859375,2454.102502441406,2437.2777978515624,0.0021172165681364965,0.052403227515630535,82.95273213438566,12.602115927324576,11.953546542795046,1,2017-07-31
0.0024491149692504877,2474.400048828125,2456.4695068359374,2439.1702001953126,0.0022100063264824162,-0.0016312181200427434,79.41669125687802,12.439621365170751,12.050761507270188,1,2017-08-01
0.0004926487188865458,2474.348046875,2458.7210083007812,2440.841201171875,0.0014605905835987105,0.004867070478868918,78.10929430822269,12.267868344186354,12.094182874653422,0,2017-08-02
-0.002183654185644257,2473.696044921875,2461.84150390625,2442.3160009765625,0.0016380830452616465,0.05025880733550325,63.75043623654178,11.561919828096961,11.98773026534213,1,2017-08-03
0.0018891035295691694,2474.642041015625,2464.4240112304688,2443.7648046875,0.0017417701486155159,-0.11534208349147146,67.20470702206774,11.249615347186591,11.840107281711022,1,2017-08-04
0.001647199789928111,2476.764013671875,2467.098010253906,2445.0816015625,0.001738559104982045,-0.09409008697584553,68.78897987960302,11.202188446683522,11.712523514705524,0,2017-08-07
-0.0024144327873969473,2476.477978515625,2469.5675048828125,2446.2635986328123,0.0017126382525801196,0.14048781484976813,51.16459870391434,10.559536372644743,11.481926086293369,0,2017-08-08
-0.00036360867105078576,2475.76796875,2471.106005859375,2447.48580078125,0.001709290280790284,-0.010909699236440584,50.60247802954851,9.863910357043096,11.158322940443314,0,2017-08-09
-0.014474441722801767,2468.977978515625,2470.625,2448.0139990234375,0.004859230272941859,0.09811655833957533,29.120611521260102,6.349852133841978,10.196628779123047,1,2017-08-10
0.0012755699762128092,2461.8759765625,2469.727502441406,2448.23919921875,0.004938704433411159,-0.13036673982760427,32.712725125479764,3.7724093643173546,8.91178489616191,1,2017-08-11
0.010043754544535322,2458.86201171875,2470.0625122070314,2448.774599609375,0.006100982500555392,-0.1067451444258547,44.35456500985201,3.6660679050532963,7.862641497940188,0,2017-08-14
-0.0004988078808476626,2456.800048828125,2470.2625122070312,2449.3447998046877,0.006031522087652446,0.03473756514842519,43.42422601164352,3.4428552952449536,6.978684257401142,1,2017-08-15
0.0014201029158569245,2455.61806640625,2469.976513671875,2450.120400390625,0.006054861092748201,0.011682059108344856,46.40300820528839,3.507941081916215,6.284535622304157,0,2017-08-16
-0.015436952160958639,2453.978076171875,2467.8045166015627,2450.057802734375,0.007718800348389092,0.07048032010065719,34.569994003454724,0.47963365351733955,5.123555228546794,0,2017-08-17
-0.0018353673110713675,2450.824072265625,2465.4550170898438,2449.8930029296876,0.007616017989711167,0.08278803772571441,33.908699850759376,-2.2542181518206235,3.6480005524733103,1,2017-08-18
0.001162651069903653,2443.330078125,2463.37802734375,2449.8250048828127,0.007591286357274417,-0.1818866228767687,32.33696433707219,-4.145473023040722,2.089305837370504,1,2017-08-21
0.00994077978775465,2440.91005859375,2462.1470336914062,2450.2874072265627,0.008488982074640708,-0.008082321259786363,42.10658258997231,-3.654294120778104,0.9405858457407824,0,2017-08-22
-0.0034535927149730306,2436.096044921875,2460.4575317382814,2450.3612060546875,0.008524396907711508,0.0057389634626516806,41.31030143360901,-3.9034901466534393,-0.02822935273806191,0,2017-08-23
-0.0020744620703185834,2437.888037109375,2458.6350341796874,2450.38220703125,0.007171003713566011,0.018852678810847623,38.32918655389835,-4.458694877683683,-0.9143224577271862,1,2017-08-24
0.0016728693563305974,2441.388037109375,2457.1825317382813,2450.5940087890626,0.00717961679834135,-0.08995045057690687,38.329279379624666,-4.517396684015694,-1.6349373029848877,1,2017-08-25
0.00048707205438569545,2444.56201171875,2455.879528808594,2450.815810546875,0.006288859753907692,0.03453833844255505,40.254160391245065,-4.416983722848272,-2.1913465869575646,1,2017-08-28
0.000842821736810162,2443.32001953125,2454.3770263671877,2450.6726123046874,0.00631172782066244,0.021074053643045598,41.258855392839926,-4.123641444109126,-2.577805558387877,1,2017-08-29
0.004615148933961866,2446.030029296875,2453.37802734375,2451.0838134765627,0.0065102607098341736,-0.03711680404167239,57.22921740017376,-2.9461919108339316,-2.651482828877088,1,2017-08-30
0.005720976220730423,2452.566015625,2453.3525268554686,2451.804609375,0.004060329825784357,0.2714707064273745,60.45928547734471,-0.8685332385216498,-2.2948929108060003,1,2017-08-31
0.001982540682532896,2459.266015625,2453.338525390625,2452.6456103515625,0.0038649367591466225,-0.19114691728336897,54.27133721247244,1.1600547084940445,-1.6039033869459915,0,2017-09-01
-0.007550806889900619,2461.988037109375,2452.1855346679686,2453.036611328125,0.004932058439527223,0.2909966897426257,47.63371408354171,1.2444502463367826,-1.0342326602894367,1,2017-09-05
0.0031287267736885838,2465.83603515625,2451.7165405273436,2453.5660107421877,0.003970095816510387,-0.029121778087425332,49.12600562903186,1.9098329565827044,-0.4454195369150086,0,2017-09-06
-0.00017843612323464875,2467.338037109375,2451.270544433594,2454.4804150390623,0.003732268494346091,-0.01012293394506203,66.04193500141747,2.3742846777122395,0.11852130601044102,0,2017-09-07
-0.001488850703918465,2465.29404296875,2452.43154296875,2454.89521484375,0.0036853275225511998,-0.017059938558075638,66.5223139603907,2.4183372023908305,0.578484485286519,1,2017-09-08
0.01083929931877714,2467.6060546875,2454.771044921875,2456.26341796875,0.0048488178917597225,-0.004503742035328662,72.55357389741462,4.553625001114597,1.3735125884521346,1,2017-09-11
0.0033639480109453057,2475.33203125,2456.3030395507812,2457.7248193359374,0.004844980726687073,-0.017968944514279772,68.84370795239819,6.842360300137443,2.4672821307891963,1,2017-09-12
0.0007571207193879381,2481.898046875,2457.9910400390627,2459.112021484375,0.004847580807314768,0.042386558986853284,74.67522675359811,8.708333502860569,3.715492405203471,0,2017-09-13
-0.0011007176162897148,2488.00205078125,2459.3665405273437,2460.373623046875,0.0048575220637139494,0.015157042982526292,76.28282819129777,9.851664832596725,4.942726890682122,1,2017-09-14
0.0018471814878802117,2495.762060546875,2462.8775390625,2462.18322265625,0.004637169067613548,0.42089485079489375,76.39884850438574,11.00290593864247,6.154762700274192,1,2017-09-15
0.0014559207541648966,2498.9140625,2466.7935424804687,2463.7570263671873,0.004629774368323117,-0.34099943038924774,76.92099119773033,12.069867501414592,7.337783660502272,1,2017-09-18
0.0011101954279371107,2500.948046875,2470.7075317382814,2465.34142578125,0.0035031497811342806,0.015308765251037526,77.07000510314708,12.990006943385197,8.468228317078857,1,2017-09-19
0.0006343478158390425,2502.922021484375,2473.494030761719,2466.995625,0.0035005524524207386,0.1016700678599527,74.88449082403743,13.68972426448454,9.512527506559994,0,2017-09-20
-0.0030459176984141134,2503.918017578125,2476.3220336914064,2468.142626953125,0.0037799973405565563,-0.17267901031364985,65.18099929843248,13.472477466925739,10.304517498633144,1,2017-09-21
0.0006477937229520947,2504.316015625,2479.4845336914063,2469.2304248046876,0.003654526238275982,-0.02954218216273996,63.94046425787155,13.277957997171143,10.899205598340744,0,2017-09-22
-0.002222050282888466,2502.873974609375,2482.1650268554686,2469.97822265625,0.0019354495288621406,0.15168625216297538,74.58497913683084,12.53070350487451,11.225505179647499,1,2017-09-25
7.216672978804795e-05,2500.91201171875,2484.795031738281,2470.7322265625,0.00161895229269194,-0.07354285524644522,71.91261276351368,11.816820662919781,11.343768276301956,1,2017-09-26
0.004085143947080816,2500.672021484375,2487.83203125,2471.6608251953126,0.0020680853330686255,0.1349173008724196,75.8313935653837,11.936517439624367,11.46231810896644,1,2017-09-27
0.001204615596159142,2502.564013671875,2490.455529785156,2472.3854248046873,0.002016445443012964,-0.08953622165408437,80.19378446631964,12.135181515721797,11.596890790317511,1,2017-09-28
0.0037051100814438076,2505.992041015625,2492.8410400390626,2473.3036279296875,0.002221455578650686,0.014884826175611376,74.74271443041498,12.894421578546371,11.856396947963283,1,2017-09-29
0.003874003457017716,2512.48408203125,2495.4695434570312,2474.4352294921873,0.0024271358463064685,0.0018973623247813265,75.28673455491837,14.120899083959557,12.309297375162538,1,2017-10-02
0.0021588381272976687,2520.032080078125,2499.306042480469,2475.7286328125,0.002454609615447113,-0.04738762138254449,76.58202438901992,15.356445021004674,12.918726904330967,1,2017-10-03
0.0012467201713795006,2526.1720703125,2502.9160400390624,2476.9408349609375,0.0024490179833153098,-0.017149940783736994,80.73555977581175,16.401535880451775,13.61528869955513,1,2017-10-04
0.005646787369921524,2534.574072265625,2507.264538574219,2478.425634765625,0.0023248563580114193,0.012897373848389737,83.128894658175,18.176567305882145,14.527544420820533,0,2017-10-05
-0.0010736344069645076,2540.56806640625,2511.6595458984375,2479.903837890625,0.002496916965701209,-0.052769362002529685,79.38974190615687,19.141546354905586,15.450344807637544,0,2017-10-06
-0.0018044339160793177,2543.6900390625,2514.4905395507812,2481.356435546875,0.0024232826629949763,-0.1419225952033455,74.05255366395262,19.312487433785464,16.222773332867128,1,2017-10-09
0.002322412261707374,2546.902001953125,2517.19853515625,2482.963232421875,0.0023364238713428015,0.19126717974699825,75.39525171524329,19.697776282843733,16.91777392286245,1,2017-10-10
0.0018035072962026,2550.402001953125,2520.042028808594,2484.5410302734376,0.002234159788804568,0.009690779414097683,83.96305727457866,20.142124039922237,17.56264394627441,0,2017-10-11
-0.0016867529508860502,2550.173974609375,2522.80751953125,2486.0082275390623,0.002505926263273205,0.05548052364842282,79.2973315868923,19.916897533973497,18.033494663814228,1,2017-10-12
0.0008781073155288421,2550.941943359375,2525.4545166015623,2487.628427734375,0.0024017659284058974,-0.0021569198804033407,85.40270355426533,19.692153509160562,18.365226432883496,1,2017-10-13
0.0017507533144689447,2553.52392578125,2528.1430053710938,2489.2446240234376,0.0022409922067168674,-0.07377946782543554,86.14728542647632,19.648238861945174,18.621828918695833,1,2017-10-16
0.0006725789853143649,2555.26796875,2530.778515625,2490.8136279296873,0.002213872776520171,-0.005531128878044411,84.59390264769598,19.527146361070663,18.8028924071708,1,2017-10-17
0.0007423349056041584,2556.47197265625,2533.4295166015627,2492.5404296875,0.002212755060672074,0.033574670301079745,84.36227072976507,19.36130089793687,18.914574105324014,1,2017-10-18
0.00032799789456050554,2558.706005859375,2536.5045166015625,2494.30203125,0.0014644116774575522,0.006734859901577739,82.35903009600705,19.077738946324644,18.94720707352414,1,2017-10-19
0.0051168427389869375,2563.114013671875,2540.154016113281,2497.04203125,0.0019896519198460273,0.1241687420517168,83.21065927338489,19.683965953151528,19.09455884944962,0,2017-10-20
-0.003972484039719171,2564.58203125,2543.57001953125,2499.5152294921877,0.002405378730247992,-0.05302184448143288,70.49611535422702,19.11854461394887,19.09935600234947,1,2017-10-23
0.001617908278173541,2566.535986328125,2547.1845092773438,2501.581025390625,0.0023656787893018474,0.06881072151863288,70.88478469210402,18.78872187573961,19.0372291770275,0,2017-10-24
-0.004663049754275228,2565.71396484375,2549.6900024414062,2503.4318212890626,0.0028685113815737676,0.13092389817385897,53.48889462723306,17.360529301278802,18.701889201877762,1,2017-10-25
0.001270946219078306,2565.37392578125,2552.206994628906,2505.2776171875,0.0028183265525710505,0.0016162780821882272,57.55000366327204,16.30299347455002,18.222110056412216,1,2017-10-26
0.008073022498049642,2566.545947265625,2555.2924926757814,2508.298818359375,0.0037316668622518812,0.0011177490846019378,70.32895293921622,16.937552797025546,17.965198604534883,0,2017-10-27
-0.003192470570786421,2568.115966796875,2557.477990722656,2511.2444189453126,0.003955641312452348,-0.060540027206693825,62.09799145469792,16.58437295637077,17.68903347490206,1,2017-10-30
0.0009444586571358826,2569.3419921875,2559.5119873046874,2514.182216796875,0.003957134519744634,0.05032197430216123,61.17936720871643,16.312510101476164,17.413728800216884,1,2017-10-31
0.0015921101716727115,2573.784033203125,2561.5929931640626,2516.71921875,0.003969003650601797,-0.0008375775799730478,65.9129916697641,16.240687904533388,17.179120621080184,1,2017-11-01
0.00018996581088659426,2577.674072265625,2562.9819946289062,2519.435419921875,0.0039707253235245505,0.054394460064563166,65.23187484668048,16.038425428137543,16.950981582491657,1,2017-11-02
0.0030970753849743904,2579.028076171875,2564.9074951171874,2522.412822265625,0.003767113115430614,-0.11886749593841206,66.5752815251939,16.334561735377065,16.82769761306874,1,2017-11-03
0.0012712512404724485,2582.688037109375,2567.227490234375,2525.3744189453123,0.003425507261410082,-0.0074929035982189696,67.14140815385629,16.642862291963866,16.790730548847765,0,2017-11-06
-0.00018910292286977715,2585.764013671875,2569.227490234375,2528.3024169921873,0.0034381074698355074,0.07713786395706346,66.09684323167468,16.655658523676266,16.763716143813465,1,2017-11-07
0.001443655000098465,2588.76796875,2571.1844848632813,2531.264013671875,0.002843002731566401,0.021823290583168786,67.1409828924647,16.774222786322298,16.76581747231523,0,2017-11-08
-0.003761887644002093,2589.72197265625,2572.868994140625,2533.8046142578123,0.003288763177639887,-0.013941438263925354,55.181257998257855,15.897398978864203,16.592133773625026,0,2017-11-09
-0.0008976438525517549,2588.61396484375,2574.3255004882812,2536.0176171875,0.0021580713862730605,-0.0921828256288858,60.44640516908795,14.844185141174876,16.242544047134995,1,2017-11-10
0.0009836343625724275,2587.356005859375,2575.685510253906,2538.18341796875,0.0018418494211222582,-0.02422530045218263,59.663085688199594,14.052477300208466,15.80453069774969,0,2017-11-13
-0.0023096092988857952,2585.00205078125,2576.6610107421875,2540.603818359375,0.00202639988951806,0.07000469869611181,64.42632626983973,12.795814208601314,15.202787399920016,0,2017-11-14
-0.005525675723266343,2579.05009765625,2576.8290161132813,2542.585419921875,0.002622749281772447,-0.015641210018717877,52.44565678745452,10.528675727044629,14.267965065344939,1,2017-11-15
0.008196058063241196,2579.254052734375,2578.006005859375,2544.9962158203125,0.0038262708415641054,-0.07161677247747866,52.63757137140184,10.30923391964052,13.476218836204055,0,2017-11-16
-0.0026259630899742037,2578.5640625,2578.1880126953124,2547.344619140625,0.003777610943038198,-0.005985470293387141,53.53373804078029,9.478186368281058,12.676612342619457,1,2017-11-17
0.0012756828808564435,2578.0240234375,2579.046008300781,2549.22521484375,0.0037778214199132936,-0.0863677563599009,53.99811586307092,8.981500999949276,11.93759007408542,1,2017-11-20
0.006541139295859866,2582.056005859375,2580.541015625,2551.2762158203127,0.004362207797230188,0.10823296758533574,59.95148269285877,9.837368087795312,11.5175456768274,0,2017-11-21
-0.0007502611166068096,2588.547998046875,2582.5375244140623,2553.2504150390623,0.004355247532550464,-0.1751953760261158,58.5901593051336,10.240260805726848,11.26208870260729,1,2017-11-22
0.0020560951489239088,2591.90400390625,2584.638525390625,2555.3864111328126,0.004164597730809853,-0.4986125733056933,57.466200250544475,10.865189806319904,11.182708923349812,0,2017-11-24
-0.0003842577408796899,2596.41796875,2585.6560180664064,2557.4102099609377,0.004145914541735208,1.1774599715706153,55.39598002816541,11.151214638051897,11.17641006629023,1,2017-11-27
0.00984851271879017,2605.397998046875,2588.3665161132812,2559.8736083984377,0.0050513334327101245,0.1576090558434844,65.10639677557282,13.291998830143257,11.599527819060837,0,2017-11-28
-0.000369225702197995,2610.806005859375,2590.907019042969,2562.26201171875,0.004918617338439392,0.17097963553504658,63.461215380690554,14.740399051844634,12.227702065617597,1,2017-11-29
0.008190950433802913,2620.906005859375,2594.318017578125,2565.0488134765624,0.004538480772454566,0.2139205941383111,74.31647512757749,17.42310200967313,13.266782054428704,0,2017-11-30
-0.002024530803113933,2628.866015625,2597.4365112304686,2567.8812109375,0.004437540299651749,-0.20435588134603377,72.61137459970003,18.898794025490133,14.39318444864099,0,2017-12-01
-0.0010521566439205543,2636.47001953125,2600.01650390625,2570.6256103515625,0.004273184073641511,0.018960092940143225,70.5665430080136,19.617823392826722,15.438112237478139,0,2017-12-04
-0.0037393815604747083,2636.976025390625,2601.938513183594,2573.2838134765625,0.004685482124813735,-0.11880005166623608,68.55246348327154,19.170260250757565,16.184541840134024,0,2017-12-05
-0.00011410565998426492,2637.616015625,2603.87001953125,2575.932412109375,0.004406581478738398,-0.08301175170609743,76.34696817740421,18.57720534403552,16.663074540914323,1,2017-12-06
0.0029323579853828274,2635.49599609375,2606.0000244140624,2578.5312109375,0.004382442637794348,0.01351949537054109,73.4687591374473,18.51589476148638,17.033638585028736,1,2017-12-07
0.005506306319651655,2637.352001953125,2609.3440185546874,2581.360009765625,0.004560281806361274,-0.051655110916998814,81.01784098632011,19.41514421341799,17.509939710706586,1,2017-12-08
0.003201957471006933,2641.46201171875,2613.228515625,2584.172607421875,0.0045031361008700385,0.004710961861357665,81.82489590444368,20.575693355839576,18.123090439733186,1,2017-12-11
0.001548922064604108,2648.37001953125,2617.1920166015625,2586.8724072265627,0.003623562597069196,0.1360600735958848,79.70606852160579,21.579144985448238,18.8143013488762,0,2017-12-12
-0.0004729570906678582,2655.08603515625,2621.391015625,2589.4378076171874,0.0036293597248098536,-0.0001541086774393685,80.21128182124033,22.01889525542856,19.455220130186675,0,2017-12-13
-0.004070859227173984,2658.092041015625,2625.7605102539064,2591.7232080078124,0.0031139979318899305,-0.035198242329809726,71.6834016896573,21.247765005529345,19.81372910525521,1,2017-12-14
0.008974343513216354,2662.954052734375,2630.2690185546876,2594.1980078125,0.004053004522414689,0.6663694245314806,77.11991427065978,22.300042750381635,20.310991834280497,1,2017-12-15
0.005362807225250732,2668.988037109375,2635.834509277344,2597.0146044921876,0.004150857800655271,-0.35021291949847566,75.07142095208542,24.015062999014845,21.051806067227368,0,2017-12-18
-0.0032302694598687065,2672.460009765625,2640.8010131835936,2599.749404296875,0.004076280034208341,-0.08586634905050472,70.73348123078947,24.391849201302648,21.719814694042427,0,2017-12-19
-0.0008278931807477186,2675.739990234375,2644.81201171875,2602.3216064453127,0.004122694799709179,-0.04737827495539493,63.85264003212206,24.231990594854324,22.222249874204806,1,2017-12-20
0.0019856558213586784,2682.252001953125,2649.1865112304686,2604.9082080078124,0.004107002241943838,0.014447528363671136,68.53071253071253,24.25499012451155,22.628797924266156,0,2017-12-21
-0.0004581666477052604,2683.7580078125,2653.23251953125,2607.5564111328126,0.003938218652656102,-0.2708972922417274,69.47310055642072,23.89848145508904,22.882734630430733,0,2017-12-22
-0.0010584151831672939,2681.826025390625,2657.1865234375,2610.1030126953124,0.003928176857579345,-0.17924390782289268,74.09397399441451,23.120258461216963,22.93023939658798,1,2017-12-26
0.0007909409391904099,2682.0560546875,2659.96552734375,2612.6026171875,0.003918892789558082,0.11784884251976502,74.81163224801413,22.41618701987909,22.827428921246202,1,2017-12-27
0.0018339987251561052,2683.7140625,2663.039025878906,2615.1662158203126,0.003910095584687883,-0.012715057424304343,74.14054376664009,22.00158137330527,22.662259411658017,0,2017-12-28
-0.005183153157965359,2681.5220703125,2664.34052734375,2617.4132177734373,0.004080283659802593,0.1254638165608375,60.616575658180096,20.314797999406437,22.192767129207702,1,2017-12-29
0.008303361477520088,2684.016064453125,2667.0200317382814,2620.0874169921876,0.003934172644921356,0.38797512828055036,65.1985920074253,20.53267268029731,21.860748239425625,1,2018-01-02
0.006398818768781567,2690.528076171875,2670.701037597656,2622.8444189453126,0.004080023847958917,0.04315026358158969,68.68747122301488,21.845450020820408,21.857688595704584,1,2018-01-03
0.004028636080503967,2698.80205078125,2675.4220336914063,2626.024619140625,0.003914724879072001,0.04325866316030047,71.7363265348635,23.496931657567075,22.185537208077083,1,2018-01-04
0.007033767443369587,2709.9240234375,2681.1160278320312,2629.50501953125,0.004158913111545239,-0.12388906619353368,80.59212736769818,26.051482263087564,22.95872621907918,1,2018-01-05
0.0016623439316436617,2724.743994140625,2686.6525268554688,2633.316220703125,0.004163465973307228,0.0021239287742955693,77.71355762498777,28.11979316932866,23.990939609129075,1,2018-01-08
0.0013029315960912946,2735.839990234375,2691.6420288085938,2637.1340234375,0.00406834019798484,0.06817285654434779,75.69573436175519,29.705401471434016,25.133831981590063,0,2018-01-09
-0.0011122268282528491,2742.873974609375,2696.0540283203127,2640.4772216796873,0.0040736186588242905,0.032427194545863625,79.4563931756144,30.365056846272637,26.18007695452658,1,2018-01-10
0.007033646478779465,2751.58798828125,2701.226525878906,2644.3718212890626,0.004255859542890779,0.01837760831308133,83.8533847956544,32.077840858225954,27.359629735266456,1,2018-01-11
0.006749602987881076,2760.206005859375,2707.3960205078124,2648.5914208984377,0.004371810778440848,-0.01603811624136997,85.35360395542003,34.544343210908664,28.7965724303949,0,2018-01-12
-0.003524487622672101,2765.947998046875,2713.6165161132812,2652.5326171875,0.004017762849754676,0.2162287230780382,80.54198596809415,35.29975306869119,30.09720855805416,1,2018-01-16
0.009415051560751175,2776.202001953125,2719.9540161132813,2656.98681640625,0.004169121957166313,-0.1312298298371718,84.73928064192467,37.57457508219659,31.592681862882646,0,2018-01-17
-0.0016163897301626484,2786.16201171875,2725.347521972656,2661.190615234375,0.004399207043731178,-0.02296363914582855,82.40211554622137,38.56727289721857,32.98760006974983,1,2018-01-18
0.004385235112838837,2794.710009765625,2731.789025878906,2665.5740185546874,0.004409029699838352,0.005651716037047949,83.099624389287,39.88431949100004,34.36694395399987,1,2018-01-19
0.008066726499347698,2804.056005859375,2739.4750244140623,2670.4206201171874,0.004521245705967893,-0.06303316390233682,91.03401972938109,42.27009825973482,35.947574815146865,1,2018-01-22
0.0021743654797181655,2816.597998046875,2747.203015136719,2675.3156201171873,0.004504308717211491,0.01480449809140616,90.22670770850065,44.14897662846852,37.5878551778112,0,2018-01-23
-0.0005599757022828333,2823.593994140625,2754.9130126953123,2680.3740185546876,0.004632211920542443,0.15196518635241762,88.30625167163022,44.99108494723714,39.06850113169639,1,2018-01-24
0.0006026209018938911,2831.83798828125,2762.8505126953123,2685.513017578125,0.0044884110283081625,-0.05054090560320845,87.60276733046278,45.27454464559196,40.309709834475505,1,2018-01-25
0.011841196508761032,2844.352001953125,2772.3630126953126,2691.2736181640626,0.005145399704712718,-0.10286850326611763,88.67161002762809,47.66262589834196,41.7802930472488,0,2018-01-26
-0.006731974332887192,2848.464013671875,2780.6625122070313,2696.76681640625,0.005972777572083903,0.03244615331483769,78.99176076658716,47.44766686693265,42.91376781118557,0,2018-01-29
-0.010898815620283941,2845.1240234375,2788.1035034179686,2701.9230126953125,0.007129475249954898,0.1183719776329506,66.93643540255485,44.25761804790045,43.18253785852855,1,2018-01-30
0.0004889853730833948,2842.37802734375,2794.5035034179687,2706.686416015625,0.006590119372517227,0.06585129372119636,68.13860940609027,41.36402732784927,42.818835752392694,0,2018-01-31
-0.0006480882520516484,2838.9240234375,2799.949499511719,2711.549013671875,0.006558110773625353,-0.06989502533750203,64.25797191185163,38.479595006409,41.950987603195955,0,2018-02-01
-0.02120854792396809,2816.7759765625,2801.856494140625,2715.1488134765623,0.009409123040592328,0.09122588236477269,44.80409127499829,31.006831465677806,39.76215637569233,0,2018-02-02
-0.04097922480422822,2775.857958984375,2797.14599609375,2716.14701171875,0.014925530630983605,0.22363382501347862,30.994716528428683,15.769350955880782,34.96359529173002,1,2018-02-05
0.017440920592313836,2750.399951171875,2794.5174926757813,2718.1082080078127,0.01660778554293722,0.11420227308674336,34.889136008868846,7.3369124624182405,29.43825872586767,0,2018-02-06
-0.005001588416939429,2721.969921875,2791.035986328125,2719.6930078125,0.016533132631462933,-0.21480054416250516,34.03220813886645,-0.42863650817071175,23.464879679059994,0,2018-02-07
-0.03753641975808808,2673.77392578125,2782.6744873046873,2719.284609375,0.019157275637227206,0.1479758087080043,24.67864813028453,-14.537721864130162,15.864359370421964,1,2018-02-08
0.014936090208494734,2645.257958984375,2775.2739868164062,2719.1348095703124,0.019557992106747763,0.0667942795434433,27.230844245146983,-22.350958953147256,8.22129570570812,1,2018-02-09
0.013914584754042503,2646.669970703125,2768.7619873046874,2719.733408203125,0.020871336787122045,-0.28486092535996665,31.64848069677545,-25.310040807433325,1.5150284030798316,1,2018-02-12
0.0026129297463290957,2640.22998046875,2763.08798828125,2720.04060546875,0.02102404102613699,-0.13901435655973382,32.68887604363643,-26.786362708641263,-4.1452498192643885,1,2018-02-13
0.013402458257245842,2643.623974609375,2757.8914794921875,2721.1688037109375,0.02182094783643918,0.1451103740787889,36.9380205697035,-24.790706619246976,-8.274341179260906,1,2018-02-14
0.012069112762299383,2673.66396484375,2754.5499755859373,2723.00400390625,0.02242021080505401,-0.07871503561867821,36.81476213306552,-20.346461134566653,-10.688765170322057,1,2018-02-15
0.0003734693722488025,2696.19794921875,2750.6459716796876,2725.057001953125,0.021496130875831073,-0.013316595150616561,38.31107301209717,-16.551264839124087,-11.861265104082463,0,2018-02-16
-0.005841389459353419,2708.249951171875,2744.8104736328123,2726.7968017578123,0.016504970199436364,0.0,39.46246126617564,-14.662361322448305,-12.421484347755632,0,2018-02-20
-0.0054965031281792864,2715.927978515625,2737.9204833984377,2728.0838037109374,0.015797722796740885,0.03896987046603706,38.162063897926416,-14.206350420914532,-12.778457562387413,1,2018-02-21
0.0009735510790762625,2716.993994140625,2731.2414794921874,2729.1330029296873,0.015685704286318807,-0.018057344340518977,38.61073650303597,-13.47738996975977,-12.918244043861884,1,2018-02-22
0.01602837635051313,2720.214013671875,2726.6439819335938,2730.8792041015627,0.008657642075105273,-0.1398315334541017,48.52177535891536,-9.295349670944688,-12.193665169278447,1,2018-02-23
0.011757015343810906,2729.6900390625,2721.9804809570314,2733.18900390625,0.008358374621885517,0.07381357097326546,65.52817089390624,-3.3362503887638013,-10.422182213175518,0,2018-02-26
-0.012706888443829278,2735.29404296875,2716.5179809570313,2734.8176025390626,0.009684464474380301,0.09180030204359557,55.995041412899475,-1.4469757731162645,-8.627140925163667,0,2018-02-27
-0.011095788639207016,2737.79404296875,2711.08798828125,2736.05400390625,0.010711081385014915,0.1312608773290478,53.76867692895546,-2.3793410449598014,-7.377580949122894,0,2018-02-28
-0.013324399541987275,2732.53603515625,2703.7809814453126,2736.091201171875,0.010868229948466377,0.06359183615772612,63.34077257614779,-5.967282528085434,-7.095521264915402,1,2018-03-01
0.005071602744632031,2721.326025390625,2697.244482421875,2736.1130029296874,0.010154701986673446,-0.13805324632461258,60.62725032477049,-7.627033497450611,-7.201823711422445,1,2018-03-02
0.011032026532745043,2709.593994140625,2695.1849853515623,2736.90240234375,0.010896827455108267,-0.04050369418567301,59.822119616913916,-6.472062053606351,-7.0558713798592265,1,2018-03-05
0.002638858606169414,2706.36201171875,2699.143994140625,2737.8798046875,0.010751887507639064,-0.0922986683236734,59.851295902703974,-4.920636648630079,-6.6288244336133975,0,2018-03-06
-0.00048387472056610203,2708.956005859375,2700.727001953125,2738.724404296875,0.010556975249371174,0.005210930561251992,54.7512437606083,-3.7543613811071737,-6.053931823112153,1,2018-03-07
0.004463078207817217,2721.216015625,2703.5925048828126,2739.837001953125,0.010613924313504271,-0.05889881380460216,51.407355784282686,-1.8270082284197997,-5.208547104173682,1,2018-03-08
0.01737883151892694,2740.280029296875,2713.8710083007813,2741.9584033203123,0.010828035873183078,0.05328380182405712,58.42296673310662,3.501005686900953,-3.4666365459587554,0,2018-03-09
-0.001273985129042532,2752.696044921875,2722.0445068359377,2743.9664013671877,0.010219929926144285,-0.04735450283842735,60.76009138536339,7.352283284559235,-1.3028525798551573,0,2018-03-12
-0.006363576551088879,2760.134033203125,2727.510009765625,2745.5218017578127,0.009503642569924142,0.03336379687655433,60.220428220428225,8.873118897003224,0.7323417155165188,0,2018-03-13
-0.005724521948562322,2764.67001953125,2731.83701171875,2747.03919921875,0.008888204408876292,0.0211594054670321,56.977302902887324,8.70074035094649,2.326021442602513,0,2018-03-14
-0.000781930531963182,2766.342041015625,2734.272021484375,2748.069599609375,0.007338581473177742,0.04391642093541859,50.00526810364544,8.295030017059617,3.519823157493934,1,2018-03-15
0.001703447167811456,2759.430029296875,2735.3125244140624,2748.8485986328124,0.007289446289957128,0.5320497444768335,44.64041977821642,8.255963418912415,4.4670512097776305,0,2018-03-16
-0.014204195388793028,2745.410009765625,2734.347521972656,2748.627197265625,0.008223273551076243,-0.3871110341601064,43.99600640545642,5.012973022605365,4.576235572343178,1,2018-03-19
0.0014818054520648882,2735.735986328125,2734.3815185546873,2748.102998046875,0.008185933745249365,-0.01649005547775184,50.66243281023781,2.735726002093088,4.20813365829316,0,2018-03-20
-0.0018439898833508828,2728.2259765625,2734.911511230469,2747.3873974609373,0.008199131036297281,0.04956013432785644,58.41437163089948,0.5207228451508854,3.470651495664705,0,2018-03-21
-0.025162888405856454,2707.49794921875,2731.8980102539062,2745.2353955078124,0.011054963694375728,0.09627399717012453,40.79150878466786,-6.66425859673609,1.4436694771845462,0,2018-03-22
-0.02096688071186603,2674.74794921875,2723.946008300781,2742.03599609375,0.009566374992710269,0.016975349625278247,26.639230456428606,-16.639332522859604,-2.1729309228242837,1,2018-03-23
0.02715725576151251,2663.873974609375,2717.893505859375,2739.8557958984375,0.0145088986056969,-0.07606975541732608,39.97809635213525,-18.657756756029357,-5.469896089465299,0,2018-03-26
-0.017276308813847896,2643.010009765625,2711.310510253906,2736.3833984375,0.015066771533415102,0.06309636865192414,35.42507711591165,-23.690445425645066,-9.114005956701252,0,2018-03-27
-0.00291665716625622,2621.6240234375,2705.869006347656,2732.955,0.015089549172602924,0.030414854359639643,32.69793103274314,-27.971331134168395,-12.885470992194682,1,2018-03-28
0.013769718690019195,2621.06005859375,2704.029016113281,2729.721201171875,0.016230166193300675,-0.07827190818738194,30.595081942693113,-28.145105960542423,-15.937397985864232,0,2018-03-29
-0.022337423560165104,2619.784033203125,2698.560510253906,2725.3981982421874,0.017078487457467262,0.017752970025417314,26.658314464382457,-32.66628606285212,-19.28317560126181,1,2018-04-02
0.012614865848792123,2610.964013671875,2693.2360107421873,2721.4811962890626,0.0177785302424263,-0.06599409205177431,33.07682490437763,-33.23807372616011,-22.074155226241473,1,2018-04-03
0.01156648273982852,2617.377978515625,2689.064501953125,2717.715595703125,0.018371671509049486,-0.007836058235959342,38.6130056125822,-30.894967133403952,-23.838317607673968,1,2018-04-04
0.0068628636575538415,2628.94599609375,2685.86650390625,2714.1897998046875,0.018613036178381445,-0.041196356437524284,41.127435673004896,-27.259245529119198,-24.522503191963015,0,2018-04-05
-0.021920248779842444,2621.665966796875,2679.14150390625,2709.5283984375,0.018181505220748607,0.02537123540828934,36.07642066478476,-28.756404668592495,-25.36928348728891,1,2018-04-06
0.0033365488963206236,2627.92197265625,2670.47099609375,2705.0065966796874,0.016842140896452897,-0.07132312318295853,40.01242650786286,-28.908469583993792,-26.077120706629888,1,2018-04-09
0.0167269537832615,2636.406005859375,2664.1635009765623,2700.6865966796877,0.015300556536188796,0.16351336415117657,44.428805750208994,-25.211313547560167,-25.903959274815946,0,2018-04-10
-0.005525364482924067,2635.906005859375,2658.0074951171873,2696.459794921875,0.014236926012126394,-0.14657472626029233,43.64591799918765,-23.198441062276743,-25.362855632308108,1,2018-04-11
0.008250750063987677,2636.135986328125,2653.7329956054687,2693.29099609375,0.014314362228701794,-0.0030086560245145,52.02054443331491,-19.617999281964785,-24.213884362239444,0,2018-04-12
-0.0028866254882486952,2646.502001953125,2649.181494140625,2689.9407958984375,0.013795577906975736,-0.018648225315483047,57.483488592655604,-17.202685528863185,-22.811644595564193,1,2018-04-13
0.008109038386684864,2659.438037109375,2645.472998046875,2687.057998046875,0.011285334438921489,0.010774491892362237,52.37649230073281,-13.396009979095652,-20.928517672270488,1,2018-04-16
0.010661504701720004,2669.3419921875,2645.1464965820314,2685.9431982421875,0.011129979321886344,0.08787581850804771,62.06908470899215,-7.983433490912375,-18.339500835998866,1,2018-04-17
0.0008313658006817715,2682.631982421875,2644.731494140625,2687.137197265625,0.010779650063898642,0.03829358618947776,63.52645105950174,-3.4723444076812484,-15.366069550335343,0,2018-04-18
-0.005726124690152989,2688.4599609375,2643.7914916992186,2687.0969970703127,0.010940247332671776,-0.01081760711365376,57.20345998683525,-1.1357102137158108,-12.519997683011438,0,2018-04-19
-0.00853653230061302,2691.2279296875,2645.1139892578126,2686.8665966796875,0.008299421090636468,0.01574462537628296,63.50613339470339,-1.1260306763006156,-10.241204281669274,1,2018-04-20
5.623169212687351e-05,2689.717919921875,2649.2154907226563,2688.6523974609377,0.00832851930479985,-0.11605595841622285,59.486270433839856,-1.0936372373921586,-8.411690872813852,0,2018-04-23
-0.01338056164164636,2675.351953125,2648.0159912109375,2688.95259765625,0.007924082288685989,0.22625140658463105,48.31061933642991,-3.9060495122512293,-7.510562600701327,1,2018-04-24
0.001837059563023713,2661.503955078125,2649.35498046875,2688.620595703125,0.007778457836951246,-0.04099547365191791,45.90922066799885,-5.678908636289179,-7.1442318078188976,1,2018-04-25
0.010434204774367295,2656.265966796875,2652.4519775390627,2688.700595703125,0.008063656335476083,0.035704664840838785,62.21690658645468,-4.806257726930653,-6.676636991641249,1,2018-04-26
0.0011136248915897262,2656.219970703125,2653.9039672851563,2688.1261962890626,0.007995767047679927,-0.1236575162832031,61.352261583362306,-3.830863964341461,-6.107482386181292,0,2018-04-27
-0.008187490964434607,2651.77197265625,2657.2124755859377,2686.4631982421874,0.007942229397646081,0.15922040741874355,48.06662121359696,-4.766816760084112,-5.839349260961857,1,2018-04-30
0.0025490454770622506,2655.819970703125,2659.22998046875,2684.9147998046874,0.006962438786827704,-0.04979050595944534,52.863724821609765,-4.907328873442566,-5.652945183457999,0,2018-05-01
-0.007205863568357729,2655.073974609375,2658.7789794921873,2683.302998046875,0.00707497433091694,0.1359035819940384,43.489632149820565,-6.487542749132899,-5.81986469659298,0,2018-05-02
-0.0022536742393085563,2647.631982421875,2657.1234741210938,2681.87099609375,0.006994963028406552,-0.04435115220582053,43.84238738682669,-8.125511422048021,-6.2809940416839884,1,2018-05-03
0.012811178963797909,2646.333984375,2660.0709716796873,2681.0601953125,0.008073943120232364,-0.13762530607390244,46.836290556703595,-6.628705097229158,-6.350536252793023,1,2018-05-04
0.0034579455015175675,2651.249951171875,2663.044470214844,2679.5667919921875,0.008158217988221304,-0.02052313762645186,41.906396288722064,-4.645755051747528,-6.009580012583925,0,2018-05-07
-0.0002656413228280252,2654.67392578125,2663.7969604492187,2677.4131884765625,0.006664636964698018,0.14640888205925662,41.13128911625998,-3.0958536942989667,-5.426834748926933,1,2018-05-08
0.009682220255068819,2667.09794921875,2666.5769653320312,2676.483388671875,0.0071612408896073055,0.045005473819123676,51.07189225371412,0.217449922013202,-4.297977814738906,1,2018-05-09
0.009370643723504823,2685.765966796875,2669.530969238281,2676.6681884765626,0.007032322674100627,-0.13619255682035947,62.04766117488064,4.8275055206181605,-2.472881147667493,1,2018-05-10
0.0017075955546570487,2698.6259765625,2673.1019653320313,2677.669189453125,0.007025503328557372,-0.14961368261630936,62.80947811966687,8.755290515372963,-0.22724681505940186,1,2018-05-11
0.0008834895573073265,2710.1259765625,2675.716455078125,2678.446787109375,0.006059246843675539,0.04157086456684689,75.03799314332497,11.925083252006516,2.2032191983537817,0,2018-05-14
-0.006842140279927467,2718.031982421875,2675.9694580078126,2678.2569873046873,0.006828529425483023,0.09912969716400166,67.59982299808327,12.782503718185126,4.319076102320051,1,2018-05-15
0.004060561678767671,2722.965966796875,2676.6604614257812,2678.1437841796874,0.005994735801276609,-0.012977069084434523,64.75343258483824,14.186893708965727,6.292639623649186,0,2018-05-16
-0.0008558723207806596,2722.3779296875,2678.010461425781,2678.010380859375,0.005866787189971474,0.07070075850859481,63.39057989977619,14.939650076853923,8.022041714290134,0,2018-05-17
-0.00263219493841671,2719.4279296875,2680.151965332031,2677.490380859375,0.00509652237591273,-0.027278869513965742,68.78254481755124,14.788002959473488,9.375233963326806,1,2018-05-18
0.007386752997235124,2720.003955078125,2683.2879638671875,2676.4191796875,0.005377371493364734,-0.09747670153431442,71.01177217547809,16.099302459850605,10.720047662631567,0,2018-05-21
-0.0031357617896576873,2722.601953125,2687.7819580078126,2675.247578125,0.005598578244955822,0.10828955814349528,75.28342873672557,16.259553852163663,11.827948900537987,1,2018-05-22
0.0032484098921563564,2724.76796875,2692.47646484375,2674.607177734375,0.004944325322034539,-0.015064388589124511,79.01492806838019,16.905803572541117,12.843519834938613,0,2018-05-23
-0.002023213496498033,2726.293994140625,2695.517468261719,2674.1727783203123,0.004128222432224916,-0.014223739634460997,71.40388123366508,16.778323910150903,13.630480649981072,0,2018-05-24
-0.0023572204364039617,2727.966015625,2698.0884765625,2673.6527783203123,0.004161059176457464,-0.08232214867229704,66.50630045577765,15.974311691531511,14.099246858291162,0,2018-05-25
-0.011564187290653005,2719.33603515625,2700.1789794921874,2672.4097802734377,0.005453244515270631,0.24145513156411047,55.031462474408926,12.651919137189907,13.809781314070912,1,2018-05-29
0.012695791223314323,2719.250048828125,2703.6394775390627,2672.63158203125,0.006677787764579066,-0.047236269504796535,57.02722898282927,12.628932346968668,13.573611520650465,0,2018-05-30
-0.006879559974886984,2713.646044921875,2707.119482421875,2672.39818359375,0.006918254337335806,0.18915235988324652,45.056085146895484,10.972075300640427,13.053304276648458,1,2018-05-31
0.010849230370481022,2715.01806640625,2712.3639892578126,2672.8519873046876,0.007805643834433752,-0.12892645775860034,51.68526462285921,11.89024836454928,12.820693094228623,1,2018-06-01
0.004479598435997323,2720.12607421875,2716.5364990234375,2674.9155908203124,0.007806586008611936,-0.07693452904601938,53.901060263666345,13.45132129650574,12.946818734684047,1,2018-06-04
0.0007025929724704394,2731.9140625,2720.345007324219,2678.1263916015623,0.00750499341909172,0.03327184913008163,59.4408994976735,14.675047384937898,13.292464464734818,1,2018-06-05
0.008567392465728796,2741.582080078125,2725.3665161132812,2680.402392578125,0.007765412486106184,0.0395141263782266,61.85883374303907,17.345206507349758,14.103012873257807,0,2018-06-06
-0.0007141884679080501,2754.602099609375,2728.9955200195313,2683.557392578125,0.007782779310164816,0.02165022196255295,61.96196056547619,19.081598186862266,15.0987299359787,1,2018-06-07
0.0031259043893263616,2763.48408203125,2731.7935180664062,2687.0379931640623,0.0077028489105841124,-0.1612017915170173,65.61703512854609,20.91538410760586,16.26206077030413,1,2018-06-08
0.001068707668436586,2770.51005859375,2734.50751953125,2689.8605908203126,0.007567938256622358,0.039275530847284745,62.598366368025516,22.35067975279526,17.47978456680236,1,2018-06-11
0.0017433852107295866,2778.120068359375,2737.3435302734374,2693.9599951171876,0.005846442322911556,0.05320756683516592,66.36258429900607,23.60739290889478,18.705306235220842,0,2018-06-12
-0.004026127868587581,2778.776025390625,2740.552526855469,2697.18359375,0.005311228474114855,0.11207905230375181,60.964322202777744,23.427907241278717,19.649826436432416,1,2018-06-13
0.002471549778432225,2781.2,2743.5540283203127,2699.9395947265625,0.004327423549384479,-0.07324178110694968,64.07590568426129,23.567544905817158,20.433370130309367,0,2018-06-14
-0.001017102715529128,2781.3259765625,2746.5305297851564,2702.2759912109377,0.003413611167383735,0.5397056705441792,65.28477056754512,23.1826104061729,20.983218185482073,0,2018-06-15
-0.0021261277624751163,2779.6759765625,2749.56953125,2705.661591796875,0.0034421209487294534,-0.3917597060889694,75.38268340067813,22.145388274863762,21.215652203358413,0,2018-06-18
-0.004023402292699374,2774.823974609375,2751.04853515625,2708.6501953125,0.0037911234337571088,0.10706488305610162,63.55968271729095,20.190131356710026,21.010548034028737,1,2018-06-19
0.0017121542893689945,2773.16201171875,2753.1925415039063,2710.8591943359374,0.002606329474554981,-0.09234683315355363,74.191006123968,18.805468323108926,20.569532091844778,0,2018-06-20
-0.006345510515579966,2766.616015625,2754.0160400390623,2713.010595703125,0.003261052636428552,0.0013324770267755248,56.50002830064086,16.105508641747747,19.676727401825374,1,2018-06-21
0.0018619345065358228,2761.660009765625,2755.372033691406,2714.8283935546874,0.003115749853925275,0.6388367729831144,53.66311163513586,14.215039976138542,18.584389916688007,0,2018-06-22
-0.013724668973416176,2750.3240234375,2755.159033203125,2716.0437939453127,0.005022484763775863,-0.3300646841413212,39.07444769494603,9.555741264929111,16.77866018633623,1,2018-06-25
0.0022045770199778936,2742.418017578125,2756.8190307617188,2716.948193359375,0.005066149891041223,-0.02576379637920112,30.693271926771146,6.274230199174326,14.677774188903848,0,2018-06-26
-0.008604355128821406,2728.87998046875,2755.6000244140623,2716.8129931640624,0.00543293026103838,0.06587183726078072,26.27760293689026,1.762670695601173,12.094753490243313,1,2018-06-27
0.00617868985946779,2722.189990234375,2756.1520263671873,2716.966396484375,0.005932964847733598,-0.09013956398413248,30.040788420750033,-0.46150202345916114,9.583502387502818,1,2018-06-28
0.0007584033300001014,2714.888037109375,2755.3395263671873,2717.471201171875,0.006004694949071413,0.0363179336049233,29.63328217455043,-2.0344930463156743,7.25990330073912,1,2018-06-29
0.003067957412152822,2716.816015625,2754.3315185546876,2718.6026025390624,0.006233135725600438,-0.1371027099364336,31.17092574587393,-2.5784216334959638,5.292238313892104,0,2018-07-02
-0.00494735062681062,2714.847998046875,2752.5525146484374,2719.461201171875,0.006278228693558935,-0.3824118589743589,30.7341102062165,-4.0513173642739275,3.423527178258898,1,2018-07-03
0.008620803683929923,2722.24404296875,2750.765515136719,2721.5022021484374,0.007039624128315983,0.5591014198570725,37.148492209383754,-3.2932467898635878,2.080172384634401,1,2018-07-05
0.008481281595267509,2730.946044921875,2750.2380126953126,2723.91060546875,0.007364328216148086,-0.1308352571674004,45.0121039218671,-0.8102801192867446,1.502081883850172,1,2018-07-06
0.008822985887663393,2744.106005859375,2750.495007324219,2726.255205078125,0.007833026971588122,0.1852369462407104,52.397370307209414,3.086736556847427,1.819012818449623,1,2018-07-09
0.003473267180873929,2757.53203125,2751.08701171875,2728.73380859375,0.0058592642384001385,0.003283323452961895,57.239491425727344,6.8761875202294505,2.8304477588055885,0,2018-07-10
-0.007094202866256172,2769.692041015625,2750.4455078125,2731.2532080078126,0.0066497904570452905,-0.030505106910724833,51.45070724819712,8.185681397114422,3.9014944864673553,1,2018-07-11
0.008749042674663476,2782.02802734375,2751.578515625,2734.1230078125,0.005824021076812317,-0.05088440750390133,60.21125349700462,11.054423953894911,5.332080379952867,1,2018-07-12
0.0010792374947172778,2790.326025390625,2752.5195190429686,2737.435810546875,0.0057974154955509165,-0.07566076147666212,59.85651973812416,13.416951173763664,6.949054538715027,0,2018-07-13
-0.001028135726814483,2793.17802734375,2753.4580200195314,2740.8098095703126,0.0059041753380495695,0.07636871657651945,70.27906920137283,14.885280592799063,8.536299749531834,1,2018-07-16
0.00397369863071062,2796.32001953125,2755.2480224609376,2743.732412109375,0.005913594717177329,0.0869050236536566,71.02019407290847,16.753123182866148,10.179664436198697,1,2018-07-17
0.0021605126279586884,2804.6400390625,2757.899523925781,2746.592216796875,0.005239188977513928,0.01521736293280096,80.78777447425107,18.509835814203598,11.845698711799677,0,2018-07-18
-0.003952993120479142,2805.880029296875,2759.758020019531,2749.2436181640624,0.005438398624713951,0.0536065510547763,74.11652531338763,18.787365944327576,13.234032158305258,0,2018-07-19
-0.0009484477101494582,2805.984033203125,2762.3615234375,2751.3244189453126,0.005085680668663812,-0.010709623104235066,72.75100161056316,18.578516323086205,14.302928991261448,1,2018-07-20
0.0018380494891383492,2807.69404296875,2764.9665283203126,2753.0026171875,0.004405990814128121,-0.09705079781083792,72.2687151867184,18.613985139300894,15.165140220869338,1,2018-07-23
0.004780911145920941,2809.864013671875,2770.133020019531,2754.8562158203126,0.004511463283775085,0.1713920826091262,79.74569644834179,19.500183989448487,16.03214897458517,1,2018-07-24
0.009101605057599604,2815.95400390625,2776.2835205078127,2757.17501953125,0.004196585165750082,0.04488967791022058,79.99882238958564,22.02003754007592,17.22972668768332,0,2018-07-25
-0.0030322960242857855,2822.543994140625,2783.1740234375,2759.6948193359376,0.003915114816266598,0.023125209240040245,73.12033765927771,23.054898000402773,18.394760950227212,0,2018-07-26
-0.00656220869212365,2825.9419921875,2788.299523925781,2761.622021484375,0.004659103986599304,-0.06351283918097561,60.68587398940199,22.11760623195778,19.139330006573328,0,2018-07-27
-0.005754170294581917,2825.066015625,2792.511022949219,2763.27142578125,0.0050680802784156,-0.05042555112000158,52.59662910777737,19.837307539827634,19.27892551322419,1,2018-07-30
0.004884728797982518,2824.24404296875,2796.990026855469,2765.3378271484376,0.00515174034742854,0.1979952103373308,63.00213575726263,18.916757650596537,19.206491940698662,0,2018-07-31
-0.0010403515262938923,2817.70205078125,2801.997033691406,2766.9448291015624,0.0051192913791475924,-0.10380123320595158,55.33604081625596,17.746226778578148,18.914438908274562,1,2018-08-01
0.004926444803381669,2815.658056640625,2806.5275268554688,2769.0004296875,0.005140691155796351,8.568123723629029e-06,58.52019197266525,17.732538103238312,18.678058747267315,1,2018-08-02
0.004644183009877123,2819.9640625,2810.5540283203127,2771.141630859375,0.005230423620843646,-0.13071703157040937,62.914403389988586,18.567150686018977,18.655877135017647,1,2018-08-03
0.003538227451535869,2829.5240234375,2813.86552734375,2773.5944287109373,0.005274461668947376,-0.054102093182945676,62.668213211144206,19.811151793627687,18.886932066739657,1,2018-08-06
0.0028241822564987196,2837.956005859375,2817.0960205078127,2776.336826171875,0.00517661761329465,0.10643204979472176,63.121104191878324,21.20219756173401,19.34998516573853,0,2018-08-07
-0.0002623799656497061,2846.823974609375,2821.2800170898436,2779.693623046875,0.0044092973184977615,-0.06509932693756593,67.40826530775252,21.990598689888884,19.878107870568602,0,2018-08-08
-0.0014416744645237012,2852.09599609375,2824.0445190429687,2782.2850244140627,0.004298349859402205,0.02958627567518568,66.77041631723026,22.02903592684197,20.308293481823277,0,2018-08-09
-0.007113887913551609,2850.681982421875,2825.643017578125,2784.845224609375,0.004402422166090091,0.0650353208226524,57.76088757609596,20.188730312218922,20.28438084790241,0,2018-08-10
-0.004005992185342366,2844.98798828125,2826.818017578125,2786.5914208984377,0.004153229188640635,-0.028160301813761057,50.45708025853808,17.611403532602708,19.74978538484247,1,2018-08-13
0.006389254777276809,2841.289990234375,2828.338513183594,2788.4532177734377,0.004344691745062814,-0.05896402542199308,48.08736069991273,16.82972359467567,19.16577302680911,0,2018-08-14
-0.007602164835758152,2833.4240234375,2828.4760131835938,2789.844619140625,0.005092390055815815,0.22440314749707024,44.47857878009885,14.30323783311269,18.193265988069825,1,2018-08-15
0.007919408484583057,2830.84599609375,2830.2860107421875,2791.211416015625,0.00547528051228344,-0.11613813623286695,56.19931597763848,13.941296358362706,17.342872062128404,1,2018-08-16
0.0033231157222237684,2834.215966796875,2832.7010009765627,2792.806611328125,0.005378973379574808,-0.060136138613861356,64.0115442192538,14.251892564588616,16.724676162620447,1,2018-08-17
0.0024280177746833775,2841.239990234375,2835.2045043945313,2794.36701171875,0.005317115104244818,-0.09233813091742271,62.515386264582276,14.88485847595939,16.356712625288235,1,2018-08-20
0.0020685364303643095,2845.839990234375,2837.3325073242186,2795.9862109375,0.005281651804652082,0.15119235442395218,64.95597006464988,15.68258990269942,16.221888080770473,0,2018-08-21
-0.0003981517707819515,2854.52998046875,2838.120007324219,2797.4856103515626,0.0052830617525359445,-0.1489472307900731,61.29986477349561,16.037942582343476,16.185098981085073,0,2018-08-22
-0.0016912621251551352,2857.78798828125,2839.0970092773437,2799.1126123046874,0.0052920336372747935,0.008588616381304925,55.74198334288701,15.747480347686178,16.097575254405296,1,2018-08-23
0.006198839704363079,2862.7,2841.8905029296875,2800.956611328125,0.004928823197443415,-0.044574134228926976,57.96552850527449,16.753212171983705,16.22870263792098,1,2018-08-24
0.007670409427647185,2870.63798828125,2846.5974975585937,2803.298212890625,0.004872015705568783,0.10067575614384894,61.50060129645382,19.109237158255837,16.80480954198795,1,2018-08-27
0.00026927832649970007,2877.55,2850.6589965820312,2805.77361328125,0.0047297143541472075,-0.06188330477091308,61.957996020428666,20.799581155134092,17.60376386461718,1,2018-08-28
0.005701434129840033,2887.993994140625,2855.6929931640625,2808.8026123046875,0.0034097455965258726,0.043809552156620635,66.89770652343014,23.204728794439234,18.72395685058159,0,2018-08-29
-0.004430329054144866,2896.823974609375,2859.3884887695312,2811.47880859375,0.0037861456050474725,0.0017572499928713015,69.78014391356646,23.794792357490678,19.73812395196341,1,2018-08-30
0.00013447750859452157,2902.189990234375,2862.446984863281,2814.5140087890627,0.0038072127879892025,0.027315910263481014,74.78669065240499,24.017049162431704,20.59390899405707,0,2018-08-31
-0.0016543221469484948,2902.185986328125,2864.76298828125,2817.350810546875,0.003948071338378749,0.06934005721766967,69.26418117970313,23.53457354283455,21.182041903812568,0,2018-09-04
-0.002803126684318036,2900.402001953125,2866.2704956054686,2820.7814111328125,0.004150016112518251,0.052263702379332866,76.23456452348381,22.24062615003413,21.393758753056883,0,2018-09-05
-0.0036523050860121087,2893.20400390625,2867.2880004882813,2823.8812109375,0.0043840778109512915,-0.032178233059794725,65.3014452814869,20.131795936906656,21.141366189826837,0,2018-09-06
-0.002213344827027508,2887.314013671875,2868.1929931640625,2827.3222119140623,0.004417040097312887,-0.05332290155967734,59.05384364480057,17.741998861101365,20.461492724081744,1,2018-09-07
0.0018978268127400888,2882.435986328125,2870.3854858398436,2830.5386083984376,0.003991791273117467,-0.07575136566126228,58.541681812044985,16.102216643214433,19.589637507908282,1,2018-09-10
0.003739841510076891,2880.669970703125,2873.683483886719,2833.92900390625,0.0032954362158559565,0.055759514376067854,60.184595989316016,15.492334298330206,18.770176865992667,1,2018-09-11
0.00035667194221011833,2880.733935546875,2876.131481933594,2837.173203125,0.0032972321705532813,0.150380444138406,61.08101848616682,14.920123011367195,18.000166095067573,1,2018-09-12
0.005282254329749936,2885.959912109375,2880.42197265625,2840.99240234375,0.0032141852452682723,-0.02010906000095769,67.78439896898303,15.51910214947884,17.50395330594983,1,2018-09-13
0.00027548183892078804,2892.619921875,2883.636474609375,2844.3597998046876,0.0028743731487680503,-0.028917958883231676,63.0796705729551,15.875353492984232,17.17823334335671,0,2018-09-14
-0.005569722252617426,2894.953955078125,2885.5699829101563,2846.9393994140623,0.00339384418924072,-0.06649975938932062,46.38832251673574,14.682845286586598,16.679155732002688,1,2018-09-17
0.005369014643958003,2898.23798828125,2887.9329833984375,2849.3422021484375,0.0038139760259552733,0.0415130829722572,52.723633286849164,14.818483849355744,16.3070213554733,1,2018-09-18
0.0012532727238796504,2902.043994140625,2890.182482910156,2851.6243994140623,0.0036637734150325946,0.06834584739210459,47.275622473029266,15.046243568875525,16.054865798153745,1,2018-09-19
0.007840591898404803,2907.3580078125,2893.6289794921877,2854.7589990234374,0.003947515310882641,0.03150984417676517,62.173302295713604,16.872027944317324,16.218298227386462,0,2018-09-20
-0.00036853301202766087,2912.29599609375,2897.2634765625,2857.3865966796875,0.003777353595279341,0.65930920705001,61.50383321427289,18.024051887249698,16.57944895935911,0,2018-09-21
-0.0035156877607932513,2918.410009765625,2899.4974853515623,2859.7477978515626,0.004163070495431162,-0.39990305123247005,58.858104198612494,17.899595606643743,16.843478288816037,0,2018-09-24
-0.0013050961134796202,2920.660009765625,2900.4384887695314,2862.090400390625,0.004162625999945145,-0.018027552822351245,60.91142642583297,17.294166831093207,16.93361599727147,0,2018-09-25
-0.003289278113945082,2920.264013671875,2900.860986328125,2864.018798828125,0.004375734451811542,0.026017148621385378,61.388441866764396,15.857722268306134,16.718437251478402,1,2018-09-26
0.0027632870875580196,2916.914013671875,2900.858984375,2865.986396484375,0.004142346325970756,-0.09251683959807344,67.03158068490647,15.19216009301499,16.41318181978572,0,2018-09-27
-6.870120538793323e-06,2913.776025390625,2901.5014892578124,2868.1761962890623,0.004143837370818625,0.11618128820904383,65.50798732548915,14.495981217083227,16.02974169924522,1,2018-09-28
0.003641105118425747,2914.82001953125,2902.654992675781,2870.631396484375,0.003688615094392383,-0.024782764438076255,65.4644138657537,14.631735895325164,15.75014053846121,0,2018-10-01
-0.0003966902079042267,2916.393994140625,2903.9904907226564,2872.9603955078123,0.003411379806412847,0.016804457491209623,64.52560295130148,14.478804892291464,15.495873409227261,1,2018-10-02
0.0007115197468861023,2920.302001953125,2905.835986328125,2875.06259765625,0.003405235942063502,0.0561932284960176,60.098478894077395,14.359918687438494,15.268682464869508,0,2018-10-03
-0.008169482334351885,2917.8240234375,2907.0139892578127,2876.1733984375,0.003390249960346358,-0.031758290557742264,48.690906814720115,12.196583511627978,14.654262674221203,0,2018-10-04
-0.005527978766503461,2912.142041015625,2907.70849609375,2877.1360009765626,0.0036659443256468693,-0.04829975187800717,48.743885580604,9.083123109507596,13.540034761278482,0,2018-10-05
-0.00039511662920677093,2904.110009765625,2908.0734985351564,2878.4481982421876,0.0036085654544126314,0.012272436108500262,41.29594988936753,6.449339829888686,12.121895775000525,0,2018-10-08
-0.0014179036575431292,2895.492041015625,2907.696008300781,2880.002998046875,0.003609115605126892,0.044316374023454896,37.95910631846135,3.9860823193057513,10.49473308386157,0,2018-10-09
-0.0328642290012785,2867.526025390625,2902.5340087890627,2879.3907958984373,0.010684906101262107,0.2895412677783158,11.109409422381404,-5.540483263849637,7.28768981431933,0,2018-10-10
-0.02057300761734404,2832.87802734375,2893.743518066406,2877.69099609375,0.011519117302838482,0.07900954271385463,8.535962279635996,-17.512900377809274,2.327571775893609,1,2018-10-11
0.014206197825152422,2809.189990234375,2886.8510131835938,2876.4891943359376,0.013168107541255327,-0.18112814376619069,21.932130395485927,-23.60147492860051,-2.8582375650052145,0,2018-10-12
-0.005904978964482943,2782.46201171875,2879.9505126953127,2874.6979931640626,0.012806808822725755,-0.17317302889406339,20.963586706798907,-29.406226286871515,-8.167835309378475,1,2018-10-15
0.02149560016316343,2768.377978515625,2875.231005859375,2873.8883935546874,0.015471353748858078,0.040004087570179925,35.58974501729945,-28.902080986663805,-12.314684444835542,0,2018-10-16
-0.00025266233815879335,2773.083984375,2870.2940063476562,2872.90359375,0.015442787537785045,-0.032705634836688535,33.925428248282884,-28.23436196884677,-15.498619949637789,0,2018-10-17
-0.014391922356395415,2781.165966796875,2862.1955078125,2871.1251953125,0.015754346964704142,0.0873027017498782,30.183412201312933,-30.614640909480386,-18.52182414160631,0,2018-10-18
-0.00036116989772350117,2781.29599609375,2854.1010131835938,2869.4091943359376,0.015803816358008035,-0.01246393537218693,28.022386374368168,-32.210419100467334,-21.259543133378514,0,2018-10-19
-0.004299527548581317,2782.31396484375,2845.9265014648436,2867.86119140625,0.015751744235867313,-0.07308691853508964,27.20342377977687,-34.042901800416075,-23.816214866786027,0,2018-10-22
-0.005511829997012829,2768.46796875,2837.182995605469,2866.2363916015624,0.015717741388518662,0.3129257010089246,25.719866447286122,-36.30238754018592,-26.313449401466006,0,2018-10-23
-0.030864433977743855,2737.84599609375,2824.689501953125,2862.5591943359377,0.015329577052489898,0.0834440326404815,22.182646840617622,-44.406845241826886,-29.932128569538182,1,2018-10-24
0.018625040052811848,2725.20400390625,2814.2680053710938,2860.303193359375,0.015808467048668548,-0.015772358066714953,31.041425595926867,-46.30410822557724,-33.20652450074599,0,2018-10-25
-0.017327264039978307,2703.385986328125,2801.5035034179687,2856.663193359375,0.015643124729499514,0.030103367760665467,28.313383847741875,-51.00261091023958,-36.76574178264471,0,2018-10-26
-0.0065595995737004476,2680.460009765625,2787.3364990234377,2852.485595703125,0.015653909415692665,-0.021453563764354255,27.605291237114585,-55.49376804418898,-40.511347034953566,1,2018-10-29
0.015666780052058682,2668.847998046875,2775.296496582031,2848.9971923828125,0.01467956548680717,0.09026090877764692,39.27743824834993,-55.07911397270573,-43.424900422504,1,2018-10-30
0.010851331974038647,2679.9759765625,2764.6079956054687,2845.97279296875,0.015439180616756046,0.0015178710785079819,48.16172363001628,-51.80438652723251,-45.10079764344971,1,2018-10-31
0.010557843693063784,2686.935986328125,2756.54599609375,2843.5437939453127,0.015484493628797013,-0.0785311042626885,46.97424430641822,-46.36446872580336,-45.353531859920444,0,2018-11-01
-0.0063166863793988615,2699.810009765625,2748.4204956054687,2840.8653955078125,0.015574779504735608,-0.09915332170604085,46.87140540230848,-42.954914225315406,-44.87380833299944,1,2018-11-02
0.005600317169601965,2719.222021484375,2741.114501953125,2838.1377978515625,0.015692508423146383,-0.14322625157524937,41.03285127655776,-38.57757193319185,-43.614561053037924,1,2018-11-05
0.006259295774170726,2733.78603515625,2734.8699951171875,2835.3119970703124,0.015718576196716506,-0.029337891101122726,43.534107866564796,-33.341114923920486,-41.55987182721444,1,2018-11-06
0.021208856064105275,2754.216015625,2736.2804931640626,2833.63939453125,0.012392129266307847,0.108719453693775,55.200224253866175,-24.196646272580438,-38.08722671628764,0,2018-11-07
-0.0025089163835961825,2767.5080078125,2740.2034912109375,2831.4951953125,0.011758532793554146,-0.06503558084844285,54.43962653056354,-17.319607356565484,-33.93370284434321,0,2018-11-08
-0.00919901370610332,2779.097998046875,2740.897497558594,2829.0927978515624,0.010334932694652322,0.09676743204801896,52.76940585828093,-13.793960013921605,-29.90575427825889,0,2018-11-09
-0.01970148934024063,2776.67998046875,2739.668994140625,2825.586796875,0.012511756077445488,-0.08127514563058602,48.53337899640552,-15.24521994117913,-26.97364741084294,0,2018-11-12
-0.0014819196931705747,2770.0259765625,2735.2819946289064,2822.09599609375,0.011772958956055055,0.1111015055773632,58.00463131371383,-16.53079456790556,-24.885076842255465,0,2018-11-13
-0.007567410690302756,2747.564013671875,2729.900500488281,2818.355595703125,0.011591480546140826,0.08175412490699818,49.480321009811036,-18.992919190457087,-23.70664531189579,1,2018-11-14
0.010593753366266334,2732.23798828125,2727.9714965820312,2815.39859375,0.01159522807044535,-0.054865522155241764,59.77902256849039,-18.42242388882596,-22.649801027281825,1,2018-11-15
0.0022233054237545957,2723.289990234375,2726.39599609375,2812.6903955078124,0.01141690074865228,-0.049463015105970065,63.41106565737316,-17.281290505445668,-21.576098922914593,0,2018-11-16
-0.01664310858849427,2716.1919921875,2723.1385009765627,2808.9623974609376,0.012442780785680894,-0.047543514212015636,51.12997313512541,-19.82312597923101,-21.225504334177877,0,2018-11-19
-0.01815124083246611,2700.133984375,2718.1984985351564,2804.0423974609375,0.013089460536953198,0.14811896168576344,40.764231694451944,-25.484763336244214,-22.077356134591145,1,2018-11-20
0.0030432907461763747,2689.803955078125,2717.889990234375,2799.26259765625,0.010103190029090329,-0.25931518570886014,37.35313898666156,-28.988723809417024,-23.45962966955632,0,2018-11-21
-0.006554842390161242,2670.2759765625,2714.2394897460936,2793.8302001953125,0.01003131015243471,-0.489812812750973,37.346891405711325,-32.78926705784261,-25.32555714721358,1,2018-11-23
0.0155323683669224,2657.711962890625,2714.977490234375,2789.199599609375,0.012087175774246126,1.133294584907488,41.53835667661041,-32.131362023364545,-26.686718122443775,1,2018-11-26
0.003261692144003847,2655.999951171875,2717.023486328125,2785.0669970703125,0.010864959316252074,-0.008270138951957162,40.22514838703795,-30.554129794696564,-27.460200456894334,1,2018-11-27
0.022973979644221654,2676.37998046875,2720.081494140625,2781.8565966796873,0.013355115151287693,0.14027094935296103,40.728017675373245,-24.05464642343577,-26.77908965020262,0,2018-11-28
-0.0021831080910337253,2693.95400390625,2721.3844970703126,2778.4535986328124,0.013082862885760865,-0.09670877943250666,40.8436081391877,-19.16616555099108,-25.256504830360313,1,2018-11-29
0.008170747552017188,2719.4759765625,2722.3744873046876,2775.0419970703124,0.012915232619524968,0.29704100911313636,47.210160440041705,-13.333250031223088,-22.87185387053287,1,2018-11-30
0.010941426132194287,2742.860009765625,2725.739990234375,2772.2560009765625,0.013283434911579801,-0.09569415912824986,59.192938385806805,-6.202223715521541,-19.537927839530607,0,2018-12-03
-0.03236490314939877,2746.438037109375,2723.827490234375,2767.8697998046873,0.016322923429568165,0.06967296604588813,47.45853709711714,-7.7487778720601455,-17.180097846036514,0,2018-12-04
-0.0015222281477752508,2736.87001953125,2720.852490234375,2763.47759765625,0.01500965672879188,0.14720165821100117,49.32764999664714,-9.200032257736893,-15.58408472837659,0,2018-12-06
-0.023320118765389863,2715.926025390625,2711.8119995117186,2758.0197998046874,0.017012973314788474,-0.1811027269937051,39.278951598254245,-15.247471780080105,-15.516762138717294,1,2018-12-07
0.0017621539947350051,2691.43603515625,2703.356494140625,2752.49419921875,0.016887268147479952,-0.018707098136833356,39.08661528021477,-19.441599954828234,-16.301729701939482,0,2018-12-10
-0.00035634616892232795,2660.718017578125,2696.1449951171876,2746.9502001953124,0.016022830484469616,-0.047909139826274094,43.37077451711552,-22.58102219873581,-17.55758820129875,1,2018-12-11
0.005419503676349802,2650.92001953125,2692.3875,2741.4797998046874,0.016104865260379426,0.01661687826736369,51.23270210977547,-23.643403778592074,-18.774751316757413,0,2018-12-12
-0.00019993032368359476,2641.838037109375,2688.8055053710937,2736.022001953125,0.013760918899105528,-0.012647358101903539,50.08361075329976,-24.248595059670606,-19.869520065340055,0,2018-12-13
-0.019086709555430348,2635.21201171875,2683.7239990234375,2729.51080078125,0.01461148190827069,0.021624597193804496,45.90397394656224,-28.482087034016786,-21.592033459075402,0,2018-12-14
-0.020773480559224233,2616.856005859375,2674.5109985351564,2722.3973974609376,0.014567066945481499,0.14689853532035713,34.49500811941327,-35.782834094548434,-24.43019358617001,1,2018-12-17
8.640058610476231e-05,2598.731982421875,2665.0054931640625,2715.6091943359374,0.013357096223449168,-0.03051216153017755,33.1123262191111,-41.07746351215701,-27.759647571367413,0,2018-12-18
-0.01539571453679811,2569.9099609375,2655.8169921875,2708.059794921875,0.010919434008927366,0.1402109670095748,18.860274809866027,-47.88461983297202,-31.78464202368834,0,2018-12-19
-0.01577210632742365,2533.2859375,2647.0934936523436,2699.8013916015625,0.011005518602536969,0.09062010584474933,17.331196862313845,-55.8263594416394,-36.59298550727855,0,2018-12-20
-0.020588228309714296,2496.619970703125,2635.4280029296874,2692.4201953125,0.01063159035388366,0.36266722184854205,11.158868887789708,-65.46472834724318,-42.36733407527148,0,2018-12-21
-0.027112254452099527,2457.652001953125,2621.3550048828124,2684.874794921875,0.01142880975834938,-0.6586958026297061,4.009864395238353,-77.4967884114235,-49.39322494250189,1,2018-12-24
0.04959374278953943,2441.960009765625,2611.0675048828125,2678.8861962890624,0.022415578239715413,0.6259665527782774,26.941979611485365,-76.73904899708259,-54.86238975341803,1,2018-12-26
0.008562680784222065,2438.334033203125,2601.4005126953125,2673.6469970703124,0.02262056312889363,-0.026055711643535817,30.11825979846479,-73.58526526597234,-58.606964855928894,0,2018-12-27
-0.0012415825080966947,2441.998046875,2588.498010253906,2667.1633984375,0.02259291747413218,-0.09919521818019283,34.02297389955339,-70.52227630249172,-60.99002714524146,1,2018-12-28
0.00849248413140935,2460.04404296875,2576.9505126953127,2661.116201171875,0.02252454330721424,-0.07148297947667126,36.2983589511315,-65.63482878688046,-61.91898747356927,1,2018-12-31
0.0012684969251244294,2491.830029296875,2564.4435180664063,2655.941201171875,0.02170053844809754,0.07834958635670386,36.79164830646892,-60.803986998053915,-61.6959873784662,0,2019-01-02
-0.02475673039503723,2487.868017578125,2547.3195068359373,2649.5433984375,0.0229231562902169,0.03366317007575348,30.74706102264568,-61.28326445732864,-61.61344279423869,1,2019-01-03
0.03433571464262353,2496.489990234375,2538.9135009765623,2645.064599609375,0.02536694927745893,0.09726005032613516,40.297452178921894,-54.25553476013101,-60.14186118741716,1,2019-01-04
0.007010434848680358,2509.27998046875,2531.6005004882813,2641.244599609375,0.02467922924022304,-0.023858445870944323,45.654804947990215,-46.71522762118593,-57.45653447417092,1,2019-01-07
0.009695285023358924,2522.791943359375,2528.6669921875,2639.6107958984376,0.023201025658394256,-0.0031598405078971936,52.59265715064505,-38.30324883662115,-53.62587734666097,1,2019-01-08
0.004098045450532162,2537.7779296875,2526.0289916992188,2637.19859375,0.020049579700016352,-0.007601831041295526,53.468129001960094,-30.4345635708396,-48.9876145914967,1,2019-01-09
0.004518418782931244,2567.5279296875,2524.0219848632814,2635.9575927734377,0.014339372486072382,-0.0898663157843248,58.43078192829099,-22.991074145452785,-43.788306502287924,0,2019-01-10
-0.00014629784190933748,2580.391943359375,2521.2814819335936,2635.05779296875,0.014376755538122416,-0.07358718727326474,63.07490365933485,-16.92757793515875,-38.41616078886209,0,2019-01-11
-0.005257525167898014,2586.9759765625,2517.8849853515626,2633.0573974609374,0.014603898106274523,0.07017050234085387,68.2186337880299,-13.072949718787186,-33.347518574847115,1,2019-01-14
0.010721688622945758,2594.15400390625,2518.402490234375,2631.0285986328126,0.014698061007858445,-0.02390381013560583,81.02556369708373,-7.695078158239085,-28.21703049152551,1,2019-01-15
0.0022219854881162515,2600.38203125,2521.910498046875,2628.5431982421874,0.014680382300087867,0.07802997906241838,74.17569174597998,-2.931270867723015,-23.159878566765013,1,2019-01-16
0.0075914003822110665,2608.246044921875,2526.400500488281,2626.8011962890623,0.010567973600549004,-0.020547733489946318,74.06836738443155,2.4187241756894764,-18.044158018274114,1,2019-01-17
0.01318305304897005,2623.13603515625,2534.588000488281,2625.4491943359376,0.0054938813416481385,0.054333961882069515,77.41840924537192,9.354831697728514,-12.564360075073589,0,2019-01-18
-0.014157306164566674,2633.193994140625,2542.8619995117188,2622.998193359375,0.008200223878677212,-0.021217208238442864,67.80315360297485,11.666309193867619,-7.718226221285348,1,2019-01-22
0.0022029127742235755,2638.873974609375,2553.9659912109373,2619.49439453125,0.007881675953276006,-0.14403343569617355,68.03969999096358,13.807028401418393,-3.4131752967446,1,2019-01-23
0.0013757255543636049,2644.119970703125,2568.527490234375,2616.20439453125,0.007867257187867302,0.026932478258410164,82.61107412257319,15.616467783635926,0.39275331933150553,1,2019-01-24
0.008488694060713842,2649.87998046875,2578.3804931640625,2613.87939453125,0.008092782694480312,0.10778347631210439,78.08038170626085,18.64543657256081,4.043289969977367,0,2019-01-25
-0.007846827493937836,2644.5080078125,2586.131494140625,2612.2319970703124,0.008727020084196062,-0.04977231091337342,69.6445561842049,19.138049483106442,7.062241872603182,0,2019-01-28
-0.0014562465775435074,2645.92802734375,2593.8444946289064,2610.5883984375,0.008461673078261888,-0.031053591199784125,64.98929324241237,18.998772041775283,9.449547906437603,1,2019-01-29
0.01554926091974429,2654.398046875,2602.5544921875,2610.1777978515624,0.009112496773923402,0.10380691686066501,69.27276804907692,21.94778908637454,11.949196142424992,1,2019-01-30
0.008597395948725328,2666.75205078125,2612.2579956054688,2609.65580078125,0.009295338906734828,0.2756774574005929,70.61310544619417,25.846905605197662,14.728738034979527,1,2019-01-31
0.0008986100931438479,2675.1060546875,2625.1900024414062,2609.0610009765624,0.009196665958860992,-0.23644676813759136,70.9870267457205,28.801058044493857,17.543202036882395,1,2019-02-01
0.006776236617404008,2691.31005859375,2634.8365112304687,2609.7438037109373,0.008586898810805564,-0.1091979093137061,76.60058560849323,32.25037470992402,20.48463657149072,1,2019-02-04
0.00470842037697472,2710.850048828125,2644.23701171875,2611.6600048828127,0.006434993651002111,0.06771728323613657,75.22370369797487,35.608767689172055,23.50946279502699,0,2019-02-05
-0.0022244379802809355,2720.962060546875,2652.097021484375,2613.2936083984373,0.006713264409364782,-0.03086206992400531,72.84342950064263,37.348389836000024,26.2772482032216,0,2019-02-06
-0.009357140143940179,2721.35205078125,2658.1515258789063,2614.763408203125,0.00784997866619495,0.1799609360435268,63.555502252726555,36.246739951124255,28.271146552802133,1,2019-02-07
0.0006762010869560964,2721.622021484375,2663.713525390625,2615.4520068359375,0.007561632610500368,-0.11291334065784486,58.23765444790488,35.11652534547511,29.640222311336732,1,2019-02-08
0.0007091030986317026,2718.6080078125,2669.39052734375,2616.004609375,0.0068173409814002855,-0.06964770613041205,70.2667505691082,33.984016885367055,30.508981226142797,1,2019-02-11
0.0128902247439735,2720.014013671875,2677.4965209960938,2616.023408203125,0.0073813561493138655,0.1318546356318826,74.22437748840095,35.49587498185247,31.50635997728473,1,2019-02-12
0.003023994668760688,2724.297998046875,2684.633020019531,2616.3280078125,0.006149023965222364,-0.041142122601495745,74.76289871408801,36.93797994992519,32.592683971812825,0,2019-02-13
-0.002651641555101225,2732.233984375,2691.1145141601564,2616.039208984375,0.0059705117272942304,0.04355058875250695,69.42751870097766,37.06454855172842,33.487056887795944,1,2019-02-14
0.01087875260858695,2745.77802734375,2698.0965209960937,2615.74380859375,0.006646341869687024,-0.05115475933520397,80.30824495150887,39.12412533958877,34.61447057815451,1,2019-02-15
0.0014987433214488366,2759.77001953125,2703.5490234375,2617.3378076171875,0.006480307143479606,-0.0310824736617078,82.10513328136304,40.62373973949116,35.81632441042184,1,2019-02-19
0.0017771107537685182,2767.764013671875,2711.139025878906,2619.1128076171876,0.006410872258680986,0.10453515573067973,78.54585895098086,41.72977210527506,36.999013949392484,0,2019-02-20
-0.003526436790880272,2772.133984375,2717.9480224609374,2621.9488037109377,0.006512347085858986,-0.07851046012246377,71.02538589401803,41.33740144461126,37.86669144843624,1,2019-02-21
0.006411102394986878,2781.52197265625,2725.4650146484373,2625.047802734375,0.0053766547184227334,-0.046942133142129805,73.44836798683596,41.978055451132605,38.688964248975516,1,2019-02-22
0.0012318625699112573,2785.623974609375,2732.03251953125,2628.234404296875,0.00535084249783535,0.12565354950646634,71.10438969917101,42.27604070840107,39.40637954086063,0,2019-02-25
-0.0007904570968998437,2788.451953125,2739.535009765625,2631.0910009765626,0.0054492688062675754,-0.04768072616870367,67.7667579979161,41.85141404380829,39.895386441450164,0,2019-02-26
-0.0005440493877303387,2789.987939453125,2747.15400390625,2633.9277978515624,0.004293969454483778,0.026002393776181965,69.78304167653515,40.92053502439694,40.10041615803952,0,2019-02-27
-0.0028255083152146643,2791.9099609375,2752.3260009765627,2637.6185986328123,0.0044920996800857736,0.17869234501390596,78.8551003179279,39.09548983173818,39.89943089277926,1,2019-02-28
0.00689532059343434,2794.11396484375,2757.3054931640627,2642.7735986328125,0.0046083232530763785,-0.10140627741363717,81.25113477458997,38.75169850838893,39.669884415901194,0,2019-03-01
-0.003880558492514008,2793.453955078125,2761.619494628906,2647.7066015625,0.0037722032592354226,-0.011319290604388077,75.58085820002799,37.172820654529914,39.17047166362694,0,2019-03-04
-0.001131532823106185,2792.603955078125,2764.8584838867187,2653.360400390625,0.0037961133889080146,-0.08060044610644268,67.21327425680329,35.260093966696786,38.38839612424091,0,2019-03-05
-0.006524098653592381,2788.41796875,2766.5459838867187,2659.4410009765625,0.004323243074161414,0.046483705918962004,56.56071847206425,31.9078465369721,37.09228620678715,0,2019-03-06
-0.00812571755868352,2781.30595703125,2767.411975097656,2666.087197265625,0.004891956362305732,0.03472730239093935,51.02825968597559,27.121350878290286,35.09809914108778,0,2019-03-07
-0.0021316888487414865,2769.181982421875,2769.262976074219,2673.9265966796875,0.004158838439343511,-0.12915326221024126,37.63963539415168,22.59471873719167,32.59742306030856,1,2019-03-08
0.014666041867757107,2767.27998046875,2773.033984375,2680.2385986328127,0.006659059842298092,0.099450982682592,51.0557186458843,21.99995161290144,30.477928770827138,1,2019-03-11
0.0029533182046204143,2767.65400390625,2777.119982910156,2686.2923974609375,0.006741843639591699,-0.08831958776578086,51.99486982465711,21.938978433574448,28.770138703376603,1,2019-03-12
0.006949583813841809,2775.547998046875,2780.429479980469,2692.79599609375,0.007090128167783969,0.10194502875589251,59.982283171717995,23.18876113321994,27.653863189345273,0,2019-03-13
-0.0008680223820187738,2787.4580078125,2783.2019775390627,2698.82859375,0.007009011553547693,-0.07312578491638577,54.78599808435915,23.70903702636724,26.86489795674967,1,2019-03-14
0.00498490290027398,2803.339990234375,2787.0394775390623,2705.0775927734376,0.006851101889550118,0.7028927423288558,57.502962673783564,24.963281250042655,26.484574615408267,1,2019-03-15
0.0037059469012648005,2813.26796875,2789.9064697265626,2712.77859375,0.006707380600664175,-0.39348351195521447,60.60988879747339,26.495882226568483,26.48683613764031,0,2019-03-18
-0.0001305615560248663,2821.477978515625,2792.54697265625,2718.7911962890626,0.006671985519186709,0.008277244895422697,60.991174691434686,27.365185059405576,26.662505921993365,0,2019-03-19
-0.0029443536044478913,2824.139990234375,2794.523474121094,2724.2819970703126,0.0062749921214147065,0.03517642998405801,60.84136014695363,27.069102660132103,26.743825269621112,1,2019-03-20
0.010852481049954399,2833.419970703125,2798.523474121094,2729.891396484375,0.0057519927703203536,-0.044067993945744566,63.14385942036981,28.973655922765374,27.189791400249966,0,2019-03-21
-0.018974501239482744,2829.065966796875,2798.9254760742188,2734.206396484375,0.00914707329915859,0.17746400119580796,51.65950716360594,25.81439584023883,26.914712288247742,0,2019-03-22
-0.000839020658475631,2822.15,2799.037976074219,2738.24080078125,0.0080299195790308,-0.1992651155574049,51.8359751710822,22.857558220599913,26.103281474718177,1,2019-03-25
0.007182725862306283,2819.327978515625,2800.265979003906,2742.6847998046874,0.00827703835405503,-0.034508574297365646,59.830241445959786,21.883869674031303,25.259399114580802,0,2019-03-26
-0.0046443248906916645,2815.556005859375,2800.915490722656,2747.14,0.008160990257315516,0.040695499867723584,62.286755991134875,19.827415389123416,24.173002369489325,1,2019-03-27
0.003589481529391092,2807.668017578125,2802.46298828125,2751.2427978515625,0.008239827799462055,-0.06923211781206173,65.47099244370355,18.793570626214205,23.097116020834303,1,2019-03-28
0.0067342800173637585,2814.406005859375,2803.998486328125,2755.6087939453123,0.008368422610200602,0.1780151061385169,62.016771406623356,19.281882061955457,22.334069229058535,1,2019-03-29
0.011568600124275408,2828.17197265625,2807.71748046875,2760.2333935546876,0.009049640002361208,-0.05128020636798736,65.95140016839488,22.06045531076188,22.279346445399206,1,2019-04-01
1.745570720723677e-05,2837.927978515625,2811.5969848632812,2764.163994140625,0.009047270895754822,-0.08226758312289861,62.92698726505123,23.989991462802664,22.6214754488799,1,2019-04-02
0.002148376881724312,2851.533935546875,2816.694482421875,2768.973994140625,0.00892720726716914,0.09267540194845147,64.65070203392594,25.719735095345186,23.24112737817296,1,2019-04-03
0.0020846350796801527,2864.32392578125,2823.21748046875,2773.78779296875,0.008347070526611636,-0.14881232492997198,63.3247856114746,27.259678927625373,24.044837688063442,1,2019-04-04
0.004636432770241061,2875.991943359375,2830.7009765625,2778.7959912109377,0.004605606400150509,0.03857848976878575,63.81451380938147,29.220501071617946,25.079970364774343,1,2019-04-05
0.0010474599539205265,2881.707958984375,2836.3244750976564,2783.41619140625,0.004455804737742468,-0.031530717972604316,64.42266870656351,30.665472312712154,26.197070754361906,0,2019-04-08
-0.006067494393846573,2883.899951171875,2840.6584716796874,2788.1031884765625,0.005136178392761928,-0.007845677679406915,61.81844815806047,30.046507321224,26.966958067734325,1,2019-04-09
0.0034778715639784963,2886.861962890625,2844.5229736328124,2793.0673876953124,0.004558897381823641,0.019703345116868,58.0240179805712,30.01767219727344,27.57710089364215,1,2019-04-10
3.8123067008344336e-05,2888.647998046875,2848.5149780273437,2797.2127880859375,0.004638894181250322,-0.03931790326075357,78.51341322522872,29.66178233954406,27.994037182822535,1,2019-04-11
0.006609324208602496,2891.581982421875,2852.761474609375,2801.278984375,0.004626578376590715,0.25428778213522296,82.00388631107111,30.567761783322567,28.50878210292254,0,2019-04-12
-0.0006293691084816588,2893.543994140625,2856.3934814453123,2805.2599853515626,0.003443020835769374,-0.16412018088860858,78.63916532905297,30.78325451364526,28.963676585067088,1,2019-04-15
0.0005093580038946222,2899.316015625,2860.1179809570312,2808.9037841796876,0.0034255548847803765,0.09265924553624472,86.19123253963014,30.719342650138515,29.314809798081374,0,2019-04-16
-0.0022738117853239315,2901.764013671875,2863.9289794921874,2812.1587841796877,0.003597261201630755,0.07198688262535557,81.01875194868825,29.791889257325693,29.41022568993024,1,2019-04-17
0.0015790922795098083,2905.106005859375,2866.436486816406,2815.6271826171874,0.0035829623760754666,-0.038650256297798835,78.79333167454591,29.091105631818664,29.346401678307927,1,2019-04-18
0.001012017561471401,2905.218017578125,2871.7994873046873,2819.6655810546877,0.0033370583822267047,-0.14170397194263062,71.97198698268127,28.44506130085938,29.16613360281822,1,2019-04-22
0.008841205788409079,2910.83798828125,2878.565478515625,2824.18158203125,0.0042551112946249605,0.2207047536152924,78.04320585640916,29.6656780245994,29.26604248717446,0,2019-04-23
-0.002191763174733685,2914.8759765625,2884.00498046875,2828.5305810546874,0.003640656174666695,-0.056062354401166914,72.6775484353859,29.771002243951443,29.367034438529856,0,2019-04-24
-0.0003689736527457965,2920.019970703125,2890.044970703125,2832.1593798828126,0.003634829878526204,-0.008208206476612245,70.54999174186574,29.42809046003731,29.37924564283135,1,2019-04-25
0.0046852921407636305,2926.98994140625,2896.2669677734375,2835.896376953125,0.0037490706638142576,-0.051052177173903535,70.64280994951687,29.917736624805002,29.486943839226083,1,2019-04-26
0.001071522174355355,2934.001953125,2901.6984741210936,2839.8423779296877,0.0033430196192397546,-0.034922297887201026,70.67366123206592,30.211713406498802,29.63189775268063,1,2019-04-29
0.0009514170090862972,2936.431982421875,2905.630480957031,2843.2469775390623,0.003282498611207753,0.25056262875390023,83.97473477647637,30.321109784068994,29.769740158958303,0,2019-04-30
-0.007502163081421376,2935.727978515625,2908.45498046875,2846.126376953125,0.00432966686219896,-0.06864123702966674,65.91111908240667,28.298308730851204,29.475453873336885,0,2019-05-01
-0.0021239857917741967,2933.997998046875,2910.660986328125,2848.7827783203124,0.004318938578292042,0.036235498033700964,62.402292914901246,25.895623742793305,28.759487847228172,1,2019-05-02
0.009638279380647763,2935.15,2913.973486328125,2852.197978515625,0.005187491229570253,-0.11706366426548209,65.0808601454635,25.96125217192548,28.199840712167635,0,2019-05-03
-0.004470988428756373,2933.03798828125,2915.9599853515624,2854.9939794921875,0.005512776232649283,-0.04584800338379236,59.73635870208993,24.66622367284799,27.49311730430371,0,2019-05-06
-0.016511651392423388,2920.681982421875,2915.373986816406,2856.7527783203127,0.007047130750684271,0.18412492273496373,43.78208773649759,19.50794576846647,25.89608299713626,0,2019-05-07
-0.0016054253132695706,2911.819970703125,2915.4349853515623,2858.4631787109374,0.007044859795742205,-0.06589666390724114,44.255661380177735,14.87489231699601,23.691844861108212,0,2019-05-08
-0.0030214249424966866,2902.4599609375,2914.5604858398438,2860.02998046875,0.0070423036340774,0.03272266455176376,40.83451597082364,10.3814794929649,21.02977178747955,1,2019-05-09
0.0037202972597878414,2889.611962890625,2914.2144775390625,2861.9681787109375,0.006948191688035341,-0.02521692789111929,43.184013046892915,7.5946522603640005,18.34274788205644,0,2019-05-10
-0.02413055719884427,2865.4919921875,2909.4374877929686,2862.1317822265623,0.009729933325703538,0.09349889816585266,24.48792590176072,-0.2218437008377805,14.629829565477596,1,2019-05-13
0.008015944543135589,2855.56396484375,2905.8789794921877,2862.963779296875,0.010403332783278166,-0.13983903678463283,31.784603328342058,-4.5453045461781585,10.794802743146446,1,2019-05-14
0.00583897507464215,2849.87197265625,2903.073974609375,2864.18998046875,0.010726120848903682,-0.06377613372838209,36.08818014646113,-6.56060126155262,7.3237219422066335,1,2019-05-15
0.008895287120600504,2850.9919921875,2901.86748046875,2866.2873828125,0.011314914417400379,0.06290235282880707,38.72891929826385,-6.041744235539227,4.650628706657462,0,2019-05-16
-0.005837333350761975,2846.618017578125,2899.59248046875,2868.499384765625,0.010683755761400083,-0.006718646565642361,35.87616536832577,-6.90575686988177,2.3393515913496152,0,2019-05-17
-0.0067493779153879885,2852.289990234375,2896.2054809570313,2870.4425830078126,0.01074484699768457,-0.0067218730775262525,33.0823085828718,-9.043596796241218,0.06276191383144873,1,2019-05-20
0.008495835590448308,2858.280029296875,2892.7394897460936,2872.0637841796874,0.010181934491774444,-0.021464895635673664,40.55010006411875,-8.690571263125094,-1.68790472155986,0,2019-05-21
-0.0028243962306494508,2859.342041015625,2889.1904907226562,2873.3587841796875,0.010202083006908396,-0.009013201780921798,40.30884379809267,-8.960309594401679,-3.142385696128224,0,2019-05-22
-0.01191414994527018,2848.526025390625,2883.993994140625,2873.585185546875,0.010791669738662826,0.22082654978083904,30.83375803134271,-11.784177466299298,-4.870744050162439,1,2019-05-23
0.0013535590072402126,2841.83203125,2878.3030029296874,2873.936787109375,0.01068627017745713,-0.2590426022998882,32.97823066234368,-13.557582141068451,-6.608111668343642,0,2019-05-24
-0.008375676922946718,2834.264013671875,2871.27099609375,2873.5349853515627,0.007818989401205798,0.4353235983289665,35.81403870687549,-16.680717769088005,-8.622632888492515,0,2019-05-28
-0.0069119122568113145,2817.99599609375,2863.1304931640625,2872.5365869140624,0.0074699782797524325,-0.10751679535469183,34.06929473906749,-20.48270031023185,-10.994646372840382,1,2019-05-29
0.0020984713906617714,2804.514013671875,2856.386999511719,2871.6623876953126,0.007130749880927055,-0.11485203087722329,36.34304138575986,-22.76216451717255,-13.348150001706816,0,2019-05-30
-0.01319537280847849,2790.47802734375,2848.1140014648436,2870.2189892578126,0.006730023695971278,0.21570010042643073,30.15166047236542,-27.22428806710832,-16.123377614787117,0,2019-05-31
-0.0027652403144732274,2774.156005859375,2838.0545043945312,2868.010390625,0.0067265304379760275,-0.00761047237154977,37.22622132464705,-31.017079610630844,-19.102118013955863,1,2019-06-03
0.021432370568193138,2774.33203125,2831.5945068359374,2868.061591796875,0.010389546647860728,-0.03497404082624056,44.81314571860556,-28.942969758675645,-21.07028836289982,1,2019-06-04
0.008161854781411959,2782.9580078125,2828.699499511719,2868.6173876953126,0.010355178769299407,-0.0638074737882558,45.95282396683946,-25.162944667300962,-21.88881962378005,1,2019-06-05
0.006135586748687638,2793.883984375,2826.9030029296873,2869.11798828125,0.010592958595240542,-0.035180185730768754,44.50065351565247,-20.53137446862638,-21.61733059274932,1,2019-06-06
0.01049769746289475,2818.139990234375,2827.0340087890627,2870.4773876953127,0.010251095628795906,-0.05827339382434382,52.216341512343746,-14.287471229637958,-20.15135872012705,1,2019-06-07
0.0046600444669098184,2846.59599609375,2827.3005126953126,2871.9031884765627,0.010286812875186074,-0.010630690609607973,57.60697305863708,-8.164564483689901,-17.75399987283962,0,2019-06-10
-0.00034988023558091275,2863.085986328125,2830.9930053710937,2872.92958984375,0.009666684559901566,0.10626843910538986,53.78023235315467,-3.3549424334532887,-14.874188384962356,0,2019-06-11
-0.0020375791387226005,2873.8240234375,2833.264514160156,2873.1825927734376,0.009225501126090331,-0.14393973528583492,54.204281492591136,-0.017537547986194113,-11.902858217567124,1,2019-06-12
0.004097381912668174,2883.45400390625,2835.2985107421873,2873.6705908203126,0.009214279965657593,0.019990986456657645,63.44542028349365,3.5387331783540503,-8.81453993838289,0,2019-06-13
-0.001611511904139773,2886.181982421875,2835.831506347656,2873.9421923828127,0.007411011741297458,-0.03477669126373906,61.764239969223105,5.912926847777271,-5.869046581150858,1,2019-06-14
0.0009317492412306283,2886.769970703125,2837.3385009765625,2874.14779296875,0.007075060909707123,-0.05493499420277259,68.34078766592688,7.92024853175235,-3.111187558570217,1,2019-06-17
0.009717399870633026,2893.1759765625,2841.214501953125,2874.6479931640624,0.004636912041511587,0.2167798048366567,77.3119873935689,11.642683450459572,-0.16041335676425922,1,2019-06-18
0.002985163546397107,2902.499951171875,2844.3194946289063,2875.2617919921877,0.004406403571491186,-0.04106301248859523,77.57293551186703,15.121252610267675,2.8959198366421277,1,2019-06-19
0.009472185190685156,2915.007958984375,2849.214990234375,2876.7813916015625,0.004741513312648007,0.1947870141990533,92.03130251482219,19.885585055264073,6.293852880366517,0,2019-06-20
-0.0012592227925193322,2927.703955078125,2855.6259887695314,2878.0263916015624,0.004347468400166511,0.26894848163608964,93.54478809627756,23.094957996760968,9.654073903645408,0,2019-06-21
-0.0017318870104667816,2938.839990234375,2861.5904907226563,2879.1669921875,0.004488435431576194,-0.37305187926947725,88.85380085724586,24.938609150748107,12.710980953065949,0,2019-06-24
-0.009496397343734198,2938.765966796875,2867.339990234375,2879.3663916015626,0.005773357520258516,0.1410505712536978,74.272370609021,23.86762229923397,14.942309222299555,0,2019-06-25
-0.0012339337557076835,2936.22998046875,2873.8779907226562,2879.530390625,0.005730157635408815,-0.019019788066815146,70.17631888770534,22.4693665391178,16.447720685663203,1,2019-06-26
0.003823175554131808,2930.377978515625,2880.6809814453127,2879.887587890625,0.005715320437570592,-0.09934925313625809,66.58736925741509,22.00645825421452,17.559468199373466,1,2019-06-27
0.0057574526279098315,2928.63798828125,2890.165979003906,2880.7137890625,0.00579284953006948,0.7146719367588932,67.31272322285803,22.736363808551687,18.594847321209112,1,2019-06-28
0.007672301032188189,2932.433984375,2901.1599853515627,2881.8997900390623,0.006054370846894643,-0.3499746433939126,71.77691959122666,24.849584567158217,19.845794770398935,1,2019-07-01
0.002928125887423194,2943.560009765625,2909.6469848632814,2883.2005908203123,0.005521077100180535,-0.08521473193261575,75.41604839934253,26.914471907003644,21.25953019771988,1,2019-07-02
0.007672378673070135,2959.968017578125,2918.1304931640625,2884.4433935546876,0.005815346083997242,-0.39104478537691234,76.80913034081713,30.04514931855465,23.016654021886836,0,2019-07-03
-0.00180590159841032,2973.066015625,2925.4764892578123,2885.706591796875,0.005358541557179099,0.2399252382140693,76.51369027130207,31.72398497639597,24.758120212788665,0,2019-07-05
-0.004835444424841517,2979.90400390625,2930.606982421875,2886.7021923828124,0.005654485142683436,0.20030558430676715,70.85871791390983,31.524284007025017,26.111352971635938,1,2019-07-08
0.0012365569653400854,2982.96396484375,2935.2519775390624,2887.4971923828125,0.0055798506057449255,0.03797273436537596,66.9608346984443,31.30212783418301,27.149507944145356,1,2019-07-09
0.0045106896075925995,2986.9759765625,2940.619482421875,2888.4979931640623,0.004189001700609248,0.04103411102649557,67.7959004235768,31.843506000690468,28.08830755545438,1,2019-07-10
0.002285226738359958,2987.7939453125,2946.6229736328123,2889.57958984375,0.003976101863051019,-0.0006618531889289736,63.75172162656635,32.45040228783273,28.960726501930054,1,2019-07-11
0.004620174547884881,2992.465966796875,2952.7294799804686,2891.380390625,0.004004007962527786,-0.054368113673309626,67.94399481853812,33.66173527251976,29.900928256047997,1,2019-07-12
0.00017586919155743175,3000.135986328125,2959.0954833984374,2893.3159912109377,0.003966412800319123,-0.036204735702748514,70.06338295323926,34.26945735232448,30.774634075303297,0,2019-07-15
-0.003403778522185874,3005.018017578125,2964.8139892578124,2894.483994140625,0.0038905805790899767,0.14635443830186712,78.11448558158396,33.53659544092716,31.32702634842807,0,2019-07-16
-0.006531243569450895,3003.28798828125,2968.1474853515624,2895.5229931640624,0.004554429527685448,-0.03378191887850579,70.75929659417847,31.015094903468253,31.264640059436108,1,2019-07-17
0.003581997784064761,3002.32802734375,2971.5799926757813,2897.7441943359377,0.003974756589195878,0.05781237737981271,70.68180412141233,29.538890253603313,30.91949009826955,0,2019-07-18
-0.00617673452276668,2994.896044921875,2972.7015014648437,2899.687998046875,0.004409882548588297,-0.024906374821207056,60.1692379589999,26.56991065324064,30.049574209263767,1,2019-07-19
0.002828694915066654,2989.042041015625,2974.4300048828127,2901.97419921875,0.00422589405173225,-0.08207517597971936,56.58393552966099,24.61267070961503,28.96219350933402,1,2019-07-22
0.006847482673755456,2989.32802734375,2977.435998535156,2904.4556005859376,0.004707260827659777,0.10530137258802474,59.60578676476963,24.42927097183565,28.05560900183435,1,2019-07-23
0.004688147952890187,2996.3560546875,2982.5450073242187,2908.6093994140624,0.004722803571705773,0.02981873592076334,57.40761337406394,25.131181083404954,27.47072341814847,0,2019-07-24
-0.005262401280453521,2998.068017578125,2987.039501953125,2911.994599609375,0.00506597016954039,0.06519535596320658,53.88354443413212,24.127126178057097,26.802003970130198,1,2019-07-25
0.007387691099234761,3007.918017578125,2992.0865112304687,2915.4926025390623,0.005402522329242868,-0.1085246305081965,63.98429954004055,24.835677721161574,26.408738720336473,0,2019-07-26
-0.0016161146071345112,3015.106005859375,2996.047009277344,2918.3856005859375,0.005440866293532834,-0.0109442145654981,61.50503267467601,24.717686653765668,26.070528307022315,0,2019-07-29
-0.0025786549148275606,3016.647998046875,2998.489501953125,2921.4585986328125,0.005385537514737411,0.1266184729988309,55.778339609511356,23.7221328534838,25.600849216314614,0,2019-07-30
-0.010885526112695776,3008.811962890625,2998.8579956054687,2924.2615966796875,0.006125876940542264,0.27349928566906234,45.116783321796014,20.05527475183453,24.491734323418598,0,2019-07-31
-0.00899879386967306,2998.789990234375,2996.7449951171875,2926.045595703125,0.006558070251767145,0.03620148151990876,35.86160401025495,14.814356931076873,22.556258844950253,0,2019-08-01
-0.007282739927037873,2980.027978515625,2993.827001953125,2927.5611962890625,0.006656604033192293,-0.19003673487267958,32.41849998643144,8.823501939993548,19.809707463958915,0,2019-08-02
-0.0297778200029859,2944.781982421875,2987.26650390625,2928.0111962890624,0.010925026056397604,0.1699902905370081,24.38582235150487,-2.9356455555416687,15.2606368600588,1,2019-08-05
0.013017017169932643,2918.5,2982.3735107421876,2929.1253955078123,0.011792363261912134,-0.08501491354546153,34.369809502708534,-9.161235751374534,10.376262337772133,1,2019-08-06
0.0007668762331907164,2899.22001953125,2976.9190063476562,2930.757197265625,0.011528772206100171,0.08566534508641599,32.629967388425754,-13.758140180430928,5.549381834131521,1,2019-08-07
0.018762303409984193,2896.126025390625,2973.828015136719,2933.8585986328126,0.013663233448605497,-0.08735086599656083,44.58228317526594,-12.88643975153127,1.8622175169989625,0,2019-08-08
-0.00661660635492356,2893.44599609375,2969.0720092773436,2936.45439453125,0.013293066869531129,-0.18493977220027535,40.94456090147735,-13.607413593009369,-1.2317087050027038,0,2019-08-09
-0.012317322177972212,2901.03798828125,2962.4920043945312,2939.0671923828127,0.01355091479531304,-0.008424564696069226,33.93191964713657,-16.885011270635914,-4.362369218129346,1,2019-08-12
0.015131688322181258,2909.947998046875,2958.606005859375,2942.7045947265624,0.014930280150902038,0.15881294369654242,38.67239150694082,-15.78084043022227,-6.646063460547931,0,2019-08-13
-0.029292752911742603,2901.272021484375,2951.4150146484376,2943.4511962890624,0.017023145435791254,0.12132148014487232,33.06262983219189,-21.573971019547116,-9.631644972347768,1,2019-08-14
0.0024642680276520945,2883.1740234375,2944.039514160156,2943.8802001953127,0.01708441750600016,-0.06553067523669698,30.8816128557566,-25.308486768794864,-12.767013331637187,1,2019-08-15
0.014426124657807904,2877.180029296875,2939.6430053710938,2944.7839990234374,0.017911619994596586,-0.1280741862375424,36.833933491755715,-24.66894982408121,-15.147400630125993,1,2019-08-16
0.012105865492430645,2885.37001953125,2936.5739990234374,2945.7901953125,0.015218395281613834,-0.08598839980931194,41.546913747009725,-21.0971331893802,-16.337347141976835,0,2019-08-19
-0.007914727601131322,2880.2080078125,2931.3260009765627,2946.0657958984375,0.015102881917229806,-0.04760559444901502,42.31887379076622,-19.904195539485954,-17.05071682147866,1,2019-08-20
0.00824679859557964,2896.973974609375,2926.5694946289063,2946.8399951171873,0.015287818854089199,-0.016680194672899273,47.18282756591787,-16.83458742444691,-17.00749094207231,0,2019-08-21
-0.0005060748601761755,2912.0439453125,2922.53349609375,2947.7021923828124,0.014033095884537994,-0.04073541209465148,49.08446033905965,-14.355837771431197,-16.47716030794409,0,2019-08-22
-0.025946336754618105,2903.72998046875,2913.59599609375,2946.8115966796877,0.016151714414276135,0.36246829275035775,50.24408542889441,-18.300100219678825,-16.841748290291036,1,2019-08-23
0.010982987735216332,2894.6759765625,2906.4664916992188,2946.6395947265623,0.016236136054751958,-0.2746289175451234,49.646676376323505,-18.687331163986073,-17.210864865030043,0,2019-08-26
-0.003203180635808267,2888.40595703125,2899.265490722656,2946.22939453125,0.015344476561105373,0.2369754422527528,48.47768069187623,-19.513252430983357,-17.671342378220707,1,2019-08-27
0.006545480165679685,2881.107958984375,2894.6434936523438,2945.633193359375,0.012060036499583971,-0.12297137235723632,44.44540589652553,-18.439846500464228,-17.825043202669413,1,2019-08-28
0.012687291793508804,2881.433984375,2893.1944946289063,2945.595595703125,0.012553327991018737,0.024067842500193448,50.632714875598204,-14.46585833801555,-17.15320622973864,1,2019-08-29
0.0006427872591217021,2897.303955078125,2892.914990234375,2945.0411962890626,0.01186580491155101,-0.052638370866971984,55.034986839554925,-11.037519600763517,-15.930068903943615,0,2019-08-30
-0.00689910050906084,2902.881982421875,2895.991491699219,2944.1573974609373,0.011469532615154614,0.13884800542208908,47.56158754383204,-9.83630913987372,-14.711316951129637,1,2019-09-03
0.010842079212828093,2916.606005859375,2898.7919921875,2944.00599609375,0.01166095182487291,-0.07582931475598265,63.61371628540414,-6.269476129213217,-13.022948786746355,1,2019-09-04
0.013009813642266721,2934.218017578125,2903.3929931640623,2945.1783984375,0.012064728910001377,0.23192019950124698,66.54044676812063,-0.35461526842709645,-10.489282083082504,1,2019-09-05
0.0009106051537297599,2945.043994140625,2905.4239868164063,2946.4769970703123,0.012042735791088915,-0.17764054732742274,62.8699163441303,4.499755398353045,-7.491474586795395,0,2019-09-06
-9.401025965849463e-05,2955.43798828125,2908.41298828125,2947.547197265625,0.007180304709449259,0.25605887814940154,58.69305304265961,8.229419476582734,-4.347295774119769,1,2019-09-09
0.0003223043548219451,2970.061962890625,2913.2474853515623,2948.299794921875,0.006903908780449071,0.08978149993054041,63.46535346698719,11.134316484722149,-1.2509733223513857,1,2019-09-10
0.007229681189480308,2982.691943359375,2916.977978515625,2949.0317919921877,0.006562192411746561,-0.10440833682370299,63.16606833124924,15.001639860930936,1.9995493143050789,1,2019-09-11
0.002879153101061016,2989.40595703125,2925.426477050781,2949.7629931640627,0.006538813066031035,-0.03491791570187852,64.5492152848857,18.549876889816005,5.3096148294072645,0,2019-09-12
-0.0007244143620946941,2995.141943359375,2933.415966796875,2949.9943896484374,0.005942071820738019,-0.0632026947661174,85.77354057276375,20.944522911210242,8.43659644576786,0,2019-09-13
-0.0031355866640028207,2999.04794921875,2938.8799682617187,2950.145390625,0.006209435631926266,0.20490524344885164,79.57265163682031,21.82974079810765,11.115225316235819,1,2019-09-16
0.0025817523700197853,3004.3099609375,2942.982470703125,2950.740390625,0.005280353850722523,-0.1429374734592357,84.01592082406808,22.891950719095803,13.470570396807815,1,2019-09-17
0.00034269198975556137,3005.469970703125,2948.2934692382814,2951.282392578125,0.004636845458989036,-0.05838154223099434,82.46513043060516,23.545457117123988,15.48554774087105,1,2019-09-18
1.997472142156731e-05,3004.91396484375,2952.411474609375,2951.5567919921873,0.002748016633877606,-0.05584017578350875,78.0829046656392,23.793930255626037,17.14722424382205,0,2019-09-19
-0.0048955765157830955,3001.85,2955.86748046875,2951.3999951171877,0.0033288089584635285,0.8689759497314478,70.60486869848572,22.543204364965277,18.226420268050695,0,2019-09-20
-9.693591923765066e-05,3000.614013671875,2963.1009765625,2950.9601953125,0.003328862465276583,-0.4777944896648447,80.69048307527842,21.283251284789912,18.83778647139854,0,2019-09-23
-0.008416371322106486,2992.79404296875,2967.5119873046874,2950.0061962890627,0.004355481757662132,0.21509137971605607,60.83622337232208,18.04490886847998,18.67921095081483,1,2019-09-24
0.006158571742003405,2988.4220703125,2973.297497558594,2949.6227978515626,0.004154968910173748,-0.13984713902086343,53.923779407825954,16.759543475077407,18.295277455667346,0,2019-09-25
-0.002428916406865711,2982.5880859375,2977.7815063476564,2949.4868017578124,0.004007686702557877,-0.07393431796349659,49.53651405408998,14.98315128964714,17.632852222463306,0,2019-09-26
-0.005316352490240539,2976.532080078125,2979.6420043945313,2948.820400390625,0.0042223488680419915,0.05237429941230043,43.75005731200287,12.157844612576355,16.537850700485915,1,2019-09-27
0.005047606675254723,2973.524072265625,2982.156005859375,2948.822998046875,0.0046458972772262875,0.00081626869717355,49.09934878286788,10.998323011914636,15.429945162771661,0,2019-09-30
-0.012258373372913245,2968.254052734375,2983.8550048828124,2947.9273974609373,0.005725691273219751,0.09590875095794882,31.278594875858502,7.053646491139261,13.754685428445182,0,2019-10-01
-0.017903202985502964,2948.80205078125,2981.3465087890627,2945.5702001953123,0.007471845930567899,0.09925717896510577,20.406695560068343,-0.31648918226574096,10.940450506302998,1,2019-10-02
0.00797191259701524,2935.40400390625,2978.0780029296875,2943.3915966796876,0.008322939903398602,-0.10194983368163957,28.677797372659867,-4.250869930185672,7.902186419005265,1,2019-10-03
0.014216897585460186,2933.447998046875,2976.7430053710937,2942.3583984375,0.009932621637874697,-0.14495338721469764,41.12420761538092,-3.9839402187035375,5.524961091463505,0,2019-10-04
-0.004478294673592398,2925.8580078125,2974.7610107421874,2940.6169970703127,0.009970095655368157,-0.01548775618844822,37.34348085102452,-4.7839907832481,3.463170716521184,0,2019-10-07
-0.015560819201407838,2916.42001953125,2970.4445190429688,2938.058798828125,0.010728739918054753,0.13911559453202882,31.608581545379707,-9.004268262568985,0.9696829207031503,1,2019-10-08
0.0091044925499415,2922.777978515625,2966.368017578125,2936.1831982421877,0.011027811905468686,-0.18849200462811877,36.96873807727816,-10.106956606623044,-1.2456449847620883,1,2019-10-09
0.006415695380997066,2928.277978515625,2962.796008300781,2935.3381982421874,0.011353756944706283,0.18244465973275825,42.051713382638304,-9.361577732160185,-2.868831534241708,1,2019-10-10
0.010938977513132997,2931.92998046875,2960.9400146484377,2935.6723974609376,0.011863245043409593,0.10725946079643833,47.10240207431242,-6.107021237769914,-3.5164694749473493,0,2019-10-11
-0.0013871187334510982,2937.401953125,2959.34951171875,2936.35439453125,0.01175411122838178,-0.2853836015770721,49.935706565321986,-3.8162296717914614,-3.576421514316172,1,2019-10-14
0.009955676641137279,2957.925927734375,2958.8485107421875,2939.373193359375,0.01133330723391098,0.30704849429720205,51.49567178386821,0.37771169471488975,-2.78559487250996,0,2019-10-15
-0.0019995427986508885,2971.983935546875,2957.9965087890623,2941.531591796875,0.00914615529902074,-0.034309988669961045,51.6758530450641,3.1814248071018483,-1.5921909365875984,1,2019-10-16
0.0027628315736780706,2983.94794921875,2957.5545043945312,2943.8109912109376,0.009011638698450463,-0.03926855543723218,55.12848657516639,6.000728739054921,-0.07360700145909449,0,2019-10-17
-0.003919344949506964,2987.133935546875,2957.2609985351564,2944.7731884765626,0.00829952955017983,0.05332740448594642,51.3539768089365,7.2038787855817645,1.3818901559490775,1,2019-10-18
0.006871616056117524,2995.24794921875,2958.0079956054688,2946.53458984375,0.008214904941180082,0.0009146611929751192,59.96940276810477,9.701346861158527,3.0457814969909673,0,2019-10-21
-0.003568666378412577,2995.3099609375,2959.477490234375,2948.800390625,0.005849744068524033,0.07811220186065837,68.59258514683955,10.69154310108479,4.5749338178097325,1,2019-10-22
0.0028471487971184484,2998.2759765625,2960.4599853515624,2950.3643896484373,0.00551054062087758,-0.03230012983552277,66.94950064787963,12.025955106463243,6.065138075540435,1,2019-10-23
0.0019204463587332299,3000.743994140625,2962.0934814453126,2953.7581884765623,0.0053727587653384385,0.08287731427232248,62.07325227010421,13.3946731347487,7.531045087382089,1,2019-10-24
0.004072700506109195,3008.014013671875,2965.131481933594,2957.2571875,0.004540528501073635,-0.08587830142485753,67.4209564741403,15.292391193657295,9.08331430863713,1,2019-10-25
0.005581337868471481,3014.55400390625,2968.265478515625,2960.2719873046876,0.00453935377906108,0.04318064787248521,84.593891522826,17.95067993080238,10.85678743307018,0,2019-10-28
-0.0008324053147991117,3022.733984375,2973.0974731445312,2962.536787109375,0.0037757199226587075,0.019705132242260115,81.29224142751804,19.62699292988782,12.610828532433707,1,2019-10-29
0.00325337015914573,3031.183984375,2981.05546875,2965.4619873046877,0.003616329547889511,0.051532510022451294,80.36670151523009,21.50483241056145,14.389629308059256,0,2019-10-30
-0.0030228605633046968,3036.63798828125,2987.4019775390625,2967.72458984375,0.003913374795979211,0.09779980209860151,71.5742080116223,21.99630711510008,15.910964869467422,1,2019-10-31
0.009662312168146059,3045.5099609375,2993.14697265625,2970.6037890625,0.004236334067765901,-0.04651857778763213,77.80661435657373,24.471994333690418,17.62317076231202,1,2019-11-01
0.003704089049704651,3053.27998046875,3000.1209716796875,2975.2269873046876,0.0039997920041964915,0.056049986224467885,75.33282710962739,27.03897158608379,19.506330927066376,0,2019-11-04
-0.001185699214361291,3060.826025390625,3009.198974609375,2979.1517919921876,0.0036641164158867506,0.07480780461651881,76.43001714014807,28.450839370810172,21.295232615815138,1,2019-11-05
0.0007024972279667807,3066.82802734375,3017.067980957031,2983.3041943359376,0.0037105167630392503,-0.00558501221443064,75.49982783620115,29.405078181006502,22.917201728853414,1,2019-11-06
0.0027300951851503275,3076.352001953125,3024.4204833984377,2987.248994140625,0.0037080723058523068,-0.07020922582191058,82.72720521282022,30.48767825424011,24.431297033930754,1,2019-11-07
0.0025606760900243053,3081.58603515625,3030.560986328125,2990.618994140625,0.0036658893340916028,-0.15506540237331978,81.15447283360196,31.618642381547033,25.86876610345401,0,2019-11-08
-0.0019624672514313435,3083.334033203125,3036.6039916992186,2993.8299951171875,0.003695202803308147,-0.13312961780534527,83.97792270760347,31.660177000979274,27.027048282959065,1,2019-11-11
0.0015646460846321375,3086.77802734375,3041.411999511719,2997.541396484375,0.0035991965264057474,0.1494317882885252,83.52275602994023,31.717224009070378,27.96508342818133,1,2019-11-12
0.0007115345908383919,3090.230029296875,3046.629504394531,3000.6665966796877,0.0035748769244850873,0.005195161862477038,83.05836095906253,31.575963792549828,28.68725950105503,1,2019-11-13
0.0008370427393644686,3092.52001953125,3051.5635009765624,3003.0791943359377,0.003217180095130071,-0.06592158737748033,81.6581147713733,31.312047012740095,29.212217003392045,1,2019-11-14
0.007695488006902673,3097.99599609375,3058.276501464844,3005.9141943359373,0.0027126722627712056,0.02367698631055215,82.68798991609879,32.64941705547881,29.8996570138094,1,2019-11-15
0.0005031528617669423,3105.0,3064.0420043945314,3008.7861962890624,0.0026425558497310173,0.02391213762723976,84.60981167428862,33.45038858708449,30.60980332846442,0,2019-11-18
-0.0005925944462060739,3110.66796875,3070.251501464844,3011.6019970703123,0.0025836818721687946,0.05044271454068738,81.92568966505775,33.5491432379913,31.1976713103698,0,2019-11-19
-0.003756184245747196,3113.551953125,3075.4484985351564,3013.75259765625,0.0030706372044751492,0.11825650931047949,80.17531244934517,32.309262258959734,31.419989500087787,0,2019-11-20
-0.0015827522106851566,3114.933984375,3080.1109985351563,3015.6319970703125,0.0031078390800684127,-0.07349647736580711,69.68302403622883,30.57717641631143,31.251426883332517,1,2019-11-21
0.0021749356911917594,3112.9,3084.497998046875,3017.69,0.0030830650412591223,-0.1358810473262625,68.10269151138716,29.410132791259002,30.883168064917815,1,2019-11-22
0.007507291353015866,3115.22197265625,3089.2089965820314,3020.4035986328126,0.003628523218862426,0.08624937022257795,77.28862308975687,30.023290541637834,30.71119256026182,1,2019-11-25
0.0021955703874654287,3119.289990234375,3094.3905029296875,3023.1,0.0036351305198937755,0.3090620918473328,78.23849440268239,30.710381065498495,30.71103026130916,1,2019-11-26
0.004174424362754614,3128.323974609375,3099.73349609375,3026.037998046875,0.00370853340657471,-0.34017976502298686,79.11027956649853,31.94452505887375,30.957729220822078,0,2019-11-27
-0.004011219709926239,3135.811962890625,3104.9044921875,3028.721796875,0.004155220071930836,-0.425650722952294,69.57977893186327,31.538297800519558,31.073842936761576,0,2019-11-29
-0.008631020716408422,3136.527978515625,3107.2525024414062,3031.1577978515625,0.0046035189691084515,0.884657741680146,59.36808690720894,28.698007603583847,30.59867587012603,0,2019-12-02
-0.00663809511563529,3128.439990234375,3107.9989990234376,3033.1861962890625,0.0050173046056567385,0.11742524537776755,50.42709352504746,24.496764062247166,29.378293508550257,1,2019-12-03
0.00632356747139462,3122.88798828125,3109.9059936523436,3036.10939453125,0.005518484438439846,0.00855217644719719,55.30131127547571,22.486372639194542,27.999909334679117,1,2019-12-04
0.0015002511791302187,3115.647998046875,3111.9384887695314,3038.7605908203127,0.0053936217585912735,-0.0924930731464928,55.821781609902295,21.027554065415643,26.605438280826423,1,2019-12-05
0.009135724328457329,3116.633984375,3114.974987792969,3042.12638671875,0.006007674064955767,0.03655132600104749,56.94254450519809,21.916882068475843,25.667727038356308,0,2019-12-06
-0.00316282139344648,3121.051953125,3117.1189819335937,3045.60978515625,0.00616362325445483,-0.02378197748693056,53.63383812329714,21.570155686012185,24.848212767887485,0,2019-12-09
-0.0010969340964486207,3128.915966796875,3119.394482421875,3048.7253857421874,0.005713502968116312,-0.015927210062138486,53.19262093682217,20.778278941577355,24.03422600262546,1,2019-12-10
0.002908158040315856,3134.68994140625,3121.8839721679688,3052.7529833984377,0.0057485566186618944,-0.026494855527431693,58.69919323857088,20.64778592559196,23.35693798721876,1,2019-12-11
0.008575225775086182,3144.91796875,3125.6104736328125,3058.3721826171877,0.006246272053637269,0.2288612957193068,65.28897537008018,22.45932003446387,23.177414396667785,1,2019-12-12
7.258178414493166e-05,3149.49599609375,3129.2189819335936,3063.5355859375,0.006049668775136998,-0.06133842925659472,64.19114886622161,23.641012492945265,23.270134015923283,1,2019-12-13
0.007147785279833618,3160.593994140625,3132.7684814453123,3068.324384765625,0.0052991193541586665,0.08317698561601006,64.0691508956391,26.10425648649425,23.836958510037476,1,2019-12-16
0.00033529222633799094,3172.593994140625,3136.2929809570314,3073.398984375,0.004338093394283576,-0.055835094098570126,63.02346513004388,27.82202567835293,24.63397194370057,0,2019-12-17
-0.00043230017186479675,3182.49599609375,3139.8409790039063,3079.3605810546874,0.004319096607185342,0.048663263022581615,59.98084915919494,28.740700522684165,25.45531765949729,1,2019-12-18
0.004459292004863613,3189.856005859375,3144.686486816406,3085.0799853515623,0.00434441119113384,-0.06094120274445092,66.99035755882869,30.268105278134044,26.41787518322464,1,2019-12-19
0.004944781081796634,3200.339990234375,3150.5704833984373,3090.741787109375,0.0038372277058112006,0.7063598600555971,80.11550194443798,32.38423002193349,27.611146150966412,1,2019-12-20
0.0008661436002121992,3206.852001953125,3156.256481933594,3095.8165869140626,0.003374807312779542,-0.5254294244813766,90.78889271217459,33.89567867779442,28.868052656332015,0,2019-12-23
-0.00019544819997963092,3213.023974609375,3160.7434814453127,3100.9611865234374,0.003270217920831474,-0.5769237044506009,89.11036034091948,34.64332001956973,30.02310612897956,1,2019-12-24
0.005128166675301138,3222.777978515625,3165.7129760742187,3105.8457861328125,0.00334767171283305,0.6694870153409485,89.95294949636529,36.1529180515422,31.24906851349209,1,2019-12-26
3.398471712534601e-05,3229.707958984375,3170.0324829101564,3110.8523876953127,0.0028445073275639053,0.12224768311049927,87.67104545641114,36.932435984302174,32.38574200765411,0,2019-12-27
-0.005780822450430323,3229.72197265625,3174.047985839844,3115.319189453125,0.0037857063594251097,0.24394129633822526,81.91330835141235,35.6281574499626,33.03422509611581,1,2019-12-30
0.0029460216619106028,3231.0759765625,3179.8934814453123,3120.210791015625,0.0033112347210166723,-0.04201580556768991,85.15803395314626,34.9573041730946,33.41884091151157,1,2019-12-31
0.008378802677341701,3237.97001953125,3188.1259887695314,3125.2333935546876,0.00397918651332837,0.1952389835426771,86.84835480584944,36.19276869227224,33.973626467663706,0,2020-01-02
-0.007059870562045378,3236.958056640625,3194.2304931640624,3130.010595703125,0.004884671399749136,0.0071591043749439365,71.55300943310846,34.91351418516342,34.161604011163654,1,2020-01-03
0.0035333728907271933,3238.21005859375,3200.672998046875,3134.8457958984377,0.0048280977971199585,0.062490314804717784,73.48441121362544,34.42516387103797,34.21431598313852,0,2020-01-06
-0.0028032386528962228,3241.388037109375,3205.2364990234373,3139.38359375,0.0047961355769870805,-0.07199267514031216,65.10130962401118,32.92430995011591,33.956314776534,1,2020-01-07
0.004902451368978156,3245.842041015625,3211.0910034179688,3143.99359375,0.004995626477682075,0.0846733470899994,68.20882521860344,32.63921369141508,33.69289455951022,1,2020-01-08
0.006655262605488987,3249.21201171875,3218.2,3148.6991943359376,0.00528858387634459,-0.022971203486063296,72.40450679737741,33.77094856240228,33.70850536008864,0,2020-01-09
-0.002855178689662563,3255.31201171875,3224.3860107421874,3153.2683984375,0.005298261563906685,-0.11717194464507874,66.51430292242624,33.52692405195876,33.67218909846267,1,2020-01-10
0.006976215252569862,3263.681982421875,3230.3640014648436,3158.095595703125,0.0056317740537896515,0.0761561385935332,67.74516037548933,34.77085438755785,33.8919221562817,0,2020-01-13
-0.001514532772802224,3272.8759765625,3236.081494140625,3163.007392578125,0.005161826822600557,0.06597405901040365,65.50437858187968,34.95193122976434,34.10392397097823,1,2020-01-14
0.0018701968845122874,3280.123974609375,3240.973498535156,3167.4549951171875,0.005149167886960902,0.00918478585103677,66.79410966982599,35.185299420114006,34.320199060805386,1,2020-01-15
0.00836655302646827,3288.54599609375,3247.1880004882814,3172.2257958984374,0.005147432292493431,-0.04861224939473163,68.55519673693672,37.16249486609877,34.88865822186406,1,2020-01-16
0.003862162248501333,3301.4,3254.11201171875,3177.3257958984377,0.0041114347497413425,0.052432087398109894,70.37107345535928,39.30996041825392,35.772918661142036,0,2020-01-17
-0.0026519776473655776,3307.93203125,3259.8830078125,3182.20599609375,0.004456258608327975,0.10160967414699074,73.6882179665722,39.84007722073147,36.58635037305992,1,2020-01-21
0.0002890760711180551,3315.65205078125,3264.9095092773437,3186.9373974609375,0.004161830455042334,-0.11719336198244024,72.57431513032184,39.877971004345,37.24467449931694,1,2020-01-22
0.0011409766124783616,3322.90205078125,3269.9860107421873,3191.5865966796873,0.004099119615815629,0.03944223987107387,68.99162680081321,39.75554935256832,37.74684946996722,0,2020-01-23
-0.009042160974207403,3318.634033203125,3273.5905151367188,3195.7557958984376,0.00509418576182857,-0.015379469085753827,66.35898733309878,36.80782836763592,37.55904524950097,0,2020-01-24
-0.015730711659182384,3301.435986328125,3273.776513671875,3198.791591796875,0.007248516918040515,0.032967714450574004,49.41287954592412,29.943506301355228,36.035937459871825,1,2020-01-27
0.010053584595046017,3292.5259765625,3275.587512207031,3202.4355908203124,0.0076615129426810345,-0.07817178058234686,57.83708426567809,26.825615744033257,34.19387311670411,0,2020-01-28
-0.0008668741908683941,3282.85595703125,3278.193005371094,3205.9709912109374,0.007653173319586526,0.01944744122302544,54.30830317371218,23.850559256348788,32.12521034463305,1,2020-01-29
0.003134358792605374,3274.479931640625,3280.8369995117187,3209.234990234375,0.007702750461386983,0.05280188875772507,51.99304876724231,22.066335616174456,30.11343539894133,0,2020-01-30
-0.01770582037552626,3260.48994140625,3279.220495605469,3211.3047900390625,0.008831611768230288,0.19506114211088676,42.72032155810035,15.779031240960649,27.246554567345196,1,2020-01-31
0.007254613892351713,3261.54794921875,3279.9239868164063,3213.87958984375,0.009172475923667444,-0.16982140097578202,42.849866973440996,12.539921376223901,24.30522792912094,1,2020-02-03
0.014980414164082134,3265.81796875,3282.4894897460936,3217.6621923828125,0.010690466110703397,0.06287528653409424,52.27132213397602,13.741772516195397,22.19253684653583,1,2020-02-04
0.01125059589785371,3278.0759765625,3287.364990234375,3222.2851904296876,0.011339630947795219,0.03116915609597437,56.507261084088604,17.48632485769076,21.251294448766817,1,2020-02-05
0.003325672876785646,3290.5,3292.0014892578124,3226.994990234375,0.01137547743370199,-0.056831526539010246,54.35756081474611,21.105495955747756,21.222134750163004,0,2020-02-06
-0.005400853672730133,3310.93798828125,3294.651989746094,3230.8763916015623,0.011084776354167764,-0.03944433725641516,49.71715670183892,22.25902346024941,21.429512492180287,1,2020-02-07
0.007326397804890528,3331.572021484375,3298.9889892578126,3235.10779296875,0.009495225054783686,-0.07262876547971031,54.4306675946975,24.85397367274072,22.114404728292374,1,2020-02-10
0.0016884725532351208,3343.60400390625,3302.4699951171874,3239.1901953125,0.009201517686110041,0.08669749013061945,55.029051009452665,27.05532111663433,23.10258800596077,1,2020-02-11
0.006462646466197652,3352.556005859375,3307.2849975585937,3243.9595947265625,0.009195560383042744,0.044637969247450116,57.17210785233997,30.202751018106028,24.522620608389822,0,2020-02-12
-0.0016304457368023773,3358.18798828125,3311.5174926757813,3249.1609912109375,0.00932371616692934,-0.10939451679127732,61.16945822325919,31.88495029273554,25.995086545258967,1,2020-02-13
0.0018435333204338544,3368.677978515625,3314.6849853515623,3254.9001904296874,0.006021686767329677,-0.02319124565467634,72.33436346542933,33.335731429600855,27.463215522127346,0,2020-02-14
-0.002919942636890105,3372.31796875,3316.7184814453126,3260.050791015625,0.006392159608487518,0.096704389273913,66.62190768200526,33.30514864215638,28.631602146133154,1,2020-02-18
0.004705785881164548,3377.99794921875,3319.986474609375,3265.4251904296875,0.005063961422309871,-0.03631612627986347,69.05013331925342,34.16681619417659,29.738644955741844,0,2020-02-19
-0.00381551976362815,3376.753955078125,3322.5604736328123,3269.971591796875,0.004426998680403652,0.11205245974212819,64.99885938367471,33.42189738941579,30.475295442476636,0,2020-02-20
-0.01051810302712286,3369.515966796875,3323.1709716796877,3274.007392578125,0.00566537564911925,-0.027468289551600078,70.33669908547807,29.627083389438667,30.305653031869042,0,2020-02-21
-0.03351362667122315,3338.661962890625,3319.6919677734377,3275.8747900390626,0.011977449147038972,0.24109312880233724,46.83991930539931,17.39299452515388,27.723121330526013,0,2020-02-24
-0.030279995565056117,3290.245947265625,3313.9209716796877,3275.6063916015623,0.014081052174466174,0.1536951986741315,29.51375580602202,-0.18245989569049925,22.14200508528271,0,2020-02-25
-0.0037785406053220116,3236.2939453125,3305.928466796875,3274.5627880859374,0.013818648572008154,-0.020031232355863016,21.877238968157656,-14.893234939029298,14.73495708042031,0,2020-02-26
-0.04416324258407911,3157.399951171875,3291.1964721679688,3270.7619873046874,0.01708569219046717,0.28808766284083753,14.343425143474107,-37.22806945729735,4.342351772876778,0,2020-02-27
-0.008238340444361891,3080.6939453125,3274.724475097656,3266.0173876953127,0.016747022764912387,0.21301086668808766,14.16534749527652,-56.26022988021623,-7.778164557741824,1,2020-02-28
0.046039229006110016,3053.561962890625,3267.9599731445314,3263.9715869140623,0.02494467642683304,-0.2553500350659368,29.30808636371178,-59.68052310911753,-18.158636268016966,0,2020-03-02
-0.028107896121075893,3028.593994140625,3255.682482910156,3260.21619140625,0.025565936508032464,-0.0007553284346679678,25.18207290575978,-68.6091120475403,-28.248731423921633,1,2020-03-03
0.04220259077449118,3031.3400390625,3247.308984375,3258.71119140625,0.03043813892312485,-0.20442059998337647,34.778575374039065,-64.71146392752917,-35.54127792464314,0,2020-03-04
-0.033922077046888544,3040.376025390625,3231.771484375,3254.7655908203124,0.031512272629932836,0.09979657087888483,30.971635844680975,-69.39051188525491,-42.3111247167655,0,2020-03-05
-0.01705385200037013,3044.0060546875,3213.1009887695313,3249.73279296875,0.03158204857273245,0.17492369100727867,28.871641872604997,-76.379489717046,-49.124797716821604,0,2020-03-06
-0.07596969747745097,2975.2720703125,3184.043493652344,3240.196396484375,0.03727354113608644,0.2877163917720784,23.592465308815832,-98.99810107174471,-59.09945838780623,1,2020-03-09
0.04939630628156144,2951.04404296875,3160.55048828125,3233.0427978515627,0.041945154463270976,-0.09468339554736305,30.630083292135836,-104.76838000552016,-68.23324271134902,0,2020-03-10
-0.048868445131273974,2873.29599609375,3129.731982421875,3223.0699951171873,0.04389560654037579,-0.027589491811087052,27.887390900472255,-119.33121738768887,-78.452837646617,0,2020-03-11
-0.09511268097833658,2764.635986328125,3084.7914794921876,3208.2569921875,0.050517843794438425,0.1910337495962966,24.08930867537137,-150.18071920281182,-92.79841395785597,1,2020-03-12
0.09287124972971839,2712.365966796875,3051.6454833984376,3197.8617919921876,0.06140367254989692,-0.062337797331543654,35.476085171606684,-154.26119375454982,-105.09096991719474,0,2020-03-13
-0.11984055240393443,2640.279931640625,3001.943981933594,3180.4273876953125,0.06761890331394278,-0.05947895366589273,31.445216641361753,-181.61734633242622,-120.39624520024104,1,2020-03-16
0.05995484974402432,2569.671923828125,2959.8889770507812,3166.3141845703126,0.07250160211067143,0.07235969739092551,36.222045199706564,-189.56831765140487,-134.23065969047383,0,2020-03-17
-0.051830762729157875,2501.015966796875,2910.4864868164063,3149.3505859375,0.07037776741092533,0.051258922971237464,36.333556014146,-204.09469789959167,-148.2034673322974,1,2020-03-18
0.0047078080405855705,2486.765966796875,2862.294482421875,3132.79478515625,0.07083363725046345,-0.09582580432534404,37.09636683022503,-212.2492891213592,-161.01263169010977,0,2020-03-19
-0.04335951230846191,2405.545947265625,2810.652978515625,3113.8321826171873,0.07119241609348456,0.1379884616834881,31.118812897081753,-224.55320538685237,-173.7207464294583,0,2020-03-20
-0.02929386782180443,2375.799951171875,2761.228479003906,3093.086181640625,0.06880973077196455,-0.181420264083632,31.41092653918193,-237.02022731943998,-186.38064260745463,1,2020-03-23
0.09382773976227554,2359.427978515625,2727.1844848632813,3076.72578125,0.07482646704604044,0.02047796766594079,34.072640443064884,-227.3401851550775,-194.5725511169792,1,2020-03-24
0.011535011448221999,2374.919970703125,2695.1429931640623,3060.474384765625,0.07410612182913075,0.09742765911029139,36.7252509607238,-214.91337094155915,-198.64071508189522,1,2020-03-25
0.062414163303876835,2419.056005859375,2677.70849609375,3047.4127880859373,0.07008291454649063,-0.06421919973590395,42.107228709612805,-190.40252289050113,-196.9930766436164,0,2020-03-26
-0.033687352562252526,2466.366015625,2657.07099609375,3032.45638671875,0.06425858621275006,-0.2015349575575609,44.95157945648269,-176.09685174740162,-192.81383166437345,1,2020-03-27
0.03351600948370015,2544.216015625,2633.8919921875,3018.65318359375,0.05051952552680222,-0.07264978626724738,43.548369602194576,-156.0869228092838,-185.46844989335554,0,2020-03-30
-0.016012721914555605,2571.668017578125,2612.952990722656,3003.7525830078125,0.04794943778705287,0.1434659683679005,45.834379261142324,-141.9860585798474,-176.77197163065392,0,2020-03-31
-0.04414243033166543,2570.656005859375,2579.9719848632812,2986.7467822265626,0.04702201519110423,-0.09309465482397916,49.70783460229334,-138.42150178076827,-169.1018776606768,1,2020-04-01
0.02282934723487151,2550.02197265625,2555.119982910156,2970.8497802734373,0.047402095719049256,0.08386820925553318,44.10370270294782,-129.552167329216,-161.19193559438463,0,2020-04-02
-0.015137125124949469,2539.457958984375,2530.933972167969,2954.1119775390625,0.04492808105481462,-0.05680835495243797,54.021403201784764,-124.17816264689736,-153.78918100488718,1,2020-04-03
0.07033131865275055,2546.86396484375,2526.7899658203123,2941.4761767578125,0.046609605716717066,0.05033155813461443,55.146367635350806,-104.5901149017759,-143.94936778426492,0,2020-04-06
-0.0016030527844311804,2561.8279296875,2515.648962402344,2929.79177734375,0.0385577559820443,0.10096598291025383,61.074046736496825,-88.39207204525019,-132.83790863646198,1,2020-04-07
0.03405645287963033,2617.72392578125,2516.078967285156,2919.2665771484376,0.039371152008588296,-0.16661442384201774,63.52503192067966,-67.46901794898804,-119.76413049896719,1,2020-04-08
0.014487410153376512,2670.307958984375,2531.537976074219,2909.59498046875,0.03514164930655964,0.3444417781000084,70.29753764416441,-47.12930738145042,-105.23716587546384,0,2020-04-09
-0.010104660822607414,2724.903955078125,2534.068469238281,2899.1543798828125,0.032865390156940975,-0.3266034141185258,72.69098399322328,-32.90534031510833,-90.77080076339274,1,2020-04-13
0.030572589146256046,2761.37998046875,2557.064978027344,2891.5651806640626,0.0326320101966569,0.05568161096939006,69.36239640654728,-14.65104622285935,-75.54684985528607,0,2020-04-14
-0.022030438529415775,2786.17001953125,2569.773486328125,2882.253984375,0.0331856381077084,-0.07260498635083956,64.46265197124697,-5.183990874006213,-61.4742780590301,1,2020-04-15
0.005816689462164515,2796.084033203125,2589.845983886719,2872.29318359375,0.027799523314594298,0.003995775729646711,59.15316087907474,3.5837998490869722,-48.46266247740669,1,2020-04-16
0.026793594848223412,2813.03203125,2613.1044921875,2863.0905859375,0.02798415568065375,0.11015890804982398,68.25730988517597,16.396015014020577,-35.490926979121234,0,2020-04-17
-0.01788104803401469,2825.338037109375,2639.016491699219,2852.63818359375,0.02830577441667451,-0.09925906274279439,61.18529170375851,22.146929568830274,-23.963355669530934,0,2020-04-20
-0.030674795694063395,2803.438037109375,2663.974499511719,2840.815185546875,0.02314255666744976,-0.02058282953660906,58.23265626888811,19.49199477070988,-15.272285581482771,1,2020-04-21
0.022930247703843776,2806.62802734375,2681.5734985351564,2829.7595849609374,0.02389519502189689,-0.007047437907756526,68.86178301595598,22.19548466083552,-7.778731533019114,0,2020-04-22
-0.0005394221197431159,2806.27802734375,2697.685498046875,2818.5605859375,0.021687131682451528,0.13542199287304424,66.58422434117134,23.940206905006107,-1.43494384541407,1,2020-04-23
0.013918057304545428,2798.714013671875,2708.018994140625,2807.70638671875,0.021651239808672004,-0.06767436906017632,71.29172584034085,28.14065177367229,4.480175278403203,1,2020-04-24
0.014714069804799612,2809.77802734375,2724.869494628906,2797.7971875,0.021547018211234985,-0.03323171354738508,65.69853606348353,34.440593250456004,10.472258872813763,0,2020-04-27
-0.005242380698498916,2835.143994140625,2736.706494140625,2787.461787109375,0.019594331991598535,0.09362731627827436,64.67565389498475,37.78019174668452,15.933845447587915,1,2020-04-28
0.026583916282167053,2863.183984375,2754.452490234375,2778.8461865234376,0.0193350188435218,0.16771273343220017,63.9255771836616,46.03840285986371,21.954756930043075,0,2020-04-29
-0.009212446303987654,2886.1099609375,2776.5489868164063,2769.371787109375,0.0198958955282875,-0.015146772921795337,59.18081419879156,49.82362296580368,27.528530137195197,0,2020-04-30
-0.028059034078492195,2884.903955078125,2791.7394897460936,2758.52138671875,0.020508045306774865,-0.27275408022637193,54.788712562162274,45.702488656922924,31.163321841140743,1,2020-05-01
0.004249827591976452,2877.75595703125,2809.443994140625,2748.6211865234377,0.01970380606209162,-0.005017006981371086,49.744169360297356,42.91251410063387,33.51316029303937,1,2020-05-04
0.009040556385797371,2878.765966796875,2819.681994628906,2741.4721875,0.01635837046815801,0.08538132953823219,56.9523285882835,42.28774365456684,35.26807696534487,0,2020-05-05
-0.006979410390386298,2860.54794921875,2829.1324951171873,2735.87638671875,0.01538848720431586,-0.048191833534683814,53.96857747718134,39.7193009361572,36.15832175950734,1,2020-05-06
0.011504630788313985,2854.299951171875,2835.6929931640625,2731.1723876953124,0.0156500257466481,0.058500951442697735,50.5780494471109,39.868479271107844,36.90035326182744,1,2020-05-07
0.016871538638701944,2874.11796875,2842.6919921875,2730.1931884765627,0.01590369349789435,-0.05846153252014463,59.34324874460216,43.40874460683335,38.20203153082863,1,2020-05-08
0.00013307822091168653,2891.607958984375,2851.1199951171875,2729.712587890625,0.015406381741817991,-0.011546278427327139,69.98367256436487,45.71887275807194,39.70539977627729,0,2020-05-11
-0.020500317528877154,2891.943994140625,2852.322998046875,2725.310390625,0.016876527796030556,0.06222340255574488,57.34864285815633,42.21589461685562,40.20749874439296,0,2020-05-12
-0.01746272460422804,2886.260009765625,2854.154992675781,2721.64298828125,0.014905571941249033,0.20158097362504712,52.09275500007135,34.99211727055399,39.164422449625164,1,2020-05-13
0.01152482269503552,2880.522021484375,2856.802490234375,2716.0905859375,0.015535443562552997,-0.08136353661212847,51.503931941098,31.526284679912806,37.6367948956827,1,2020-05-14
0.0039263632504382695,2867.302001953125,2856.259484863281,2712.8857861328124,0.012577872855176388,-0.02538076455505356,48.5022876733815,29.345058274403982,35.978447571426955,1,2020-05-15
0.03150119163168075,2872.04599609375,2862.796984863281,2712.51658203125,0.015835060881794153,0.15722897035060002,57.96074271923874,34.497939789041084,35.68234601494978,0,2020-05-18
-0.010484399194493177,2882.6099609375,2872.1159790039064,2716.0441796875,0.0163343242776762,-0.21798116312893512,48.41704352774623,35.67141978243535,35.680160768446896,1,2020-05-19
0.01665110025908012,2912.931982421875,2880.7309814453124,2717.8317822265626,0.01659756283252242,0.004223235620434362,55.42957336986468,40.06682139921986,36.557492894601495,0,2020-05-20
-0.007773596407737116,2932.133984375,2888.2664794921875,2721.974384765625,0.016794764226053527,-0.005745817500369621,62.11037326360566,41.21116733837562,37.48822778335632,1,2020-05-21
0.002353711326488428,2950.483984375,2894.2019775390627,2731.4705859375,0.016018048067325028,-0.20209700559817712,61.7096387021238,42.19170529646499,38.42892328597806,1,2020-05-22
0.012289184036080147,2958.056005859375,2899.8664794921874,2737.0855859375,0.016402695369973123,0.4728547468306614,62.536343882365436,45.37644327752241,39.81842728428693,1,2020-05-26
0.014827297215913804,2980.693994140625,2908.5034790039062,2750.0855859375,0.014684068891959163,0.09395571514063428,68.18084652571463,50.89317645004621,42.03337711743879,0,2020-05-27
-0.0021079145460738413,2992.31796875,2913.0144775390627,2760.09638671875,0.012650813393295865,-0.14863707408565174,65.16148292570121,54.12489055551305,44.451679805053644,1,2020-05-28
0.004812335824971425,3011.477978515625,2919.6084838867187,2773.0205859375,0.012577886162177114,0.3397325510095428,62.5606093796781,57.203135581955394,47.001970960433994,1,2020-05-29
0.003751234813537785,3031.533984375,2930.859484863281,2785.9473876953125,0.012582142901075174,-0.35811745037718135,63.445152275477476,59.87396934960134,49.57637063826746,1,2020-06-01
0.008210832780053412,3049.343994140625,2942.7634887695312,2801.465390625,0.00914230981137452,0.10951353174628586,74.39333718112292,63.28566698390841,52.318229907395654,1,2020-06-02
0.013648979133831007,3066.692041015625,2955.484997558594,2819.174794921875,0.007923866792336969,0.1555487141991283,85.73182266986035,68.59186512831411,55.57295695157935,0,2020-06-03
-0.0033687022311144066,3083.216064453125,2968.681506347656,2832.4751953125,0.007645008736789135,0.07421955654426893,82.33333090304612,71.1282653628532,58.68401863383412,1,2020-06-04
0.026211650818398713,3113.1400390625,2984.318505859375,2846.8425927734374,0.008944895033513105,0.3391585248841704,84.96643524981232,78.81268802555769,62.70975251217884,1,2020-06-05
0.012041579421169235,3148.472021484375,2999.447998046875,2858.8889892578127,0.008780981073431442,-0.016320766728785907,83.11611168014939,87.00312787282701,67.56842758430848,0,2020-06-08
-0.007799170822611612,3173.743994140625,3013.297497558594,2872.2031884765624,0.010144847447770198,-0.24562206558958855,84.27055988687228,90.41759949749303,72.1382619669454,0,2020-06-09
-0.0053130910724373814,3187.19794921875,3029.298486328125,2883.47298828125,0.01041879908004585,0.029315559521005508,78.52349249930214,90.70303597909788,75.8512167693759,0,2020-06-10
-0.05894405927443824,3165.14794921875,3038.4034912109373,2891.8231884765623,0.022835754603493467,0.0664431940620136,54.88952160406514,74.89269019765152,75.65951145503102,1,2020-06-11
0.013060843963234703,3134.623974609375,3047.843994140625,2903.2393896484373,0.02320201461332581,-0.1693812417227013,57.39816772374912,64.7800493303057,73.48361903008596,1,2020-06-12
0.008312217041285264,3101.464013671875,3057.9885009765626,2914.033193359375,0.023325174499872006,-0.015029091599618849,56.57193220978683,58.135446437061546,70.41398451148109,1,2020-06-15
0.01896239819380252,3084.976025390625,3066.5300048828126,2926.7549951171877,0.02395397397877197,0.015341781473839244,57.599109580924335,56.905787417786996,67.71234509274227,0,2020-06-16
-0.0036002995561740248,3069.646044921875,3076.057507324219,2935.7511962890626,0.023615086488564918,-0.21987714277405523,57.12390804645435,54.39644445490421,65.04916496517465,1,2020-06-17
0.0005942198825281686,3092.29404296875,3083.244006347656,2944.8697998046873,0.023586322131142298,-0.024506353539672565,56.17491710929519,51.95811864796042,62.43095570173181,0,2020-06-18
-0.005649494809462974,3103.580029296875,3090.7055053710938,2951.825,0.021788515162451245,0.8762040061231509,53.61326800292468,48.051637719537666,59.555092105292985,1,2020-06-19
0.006495095537691675,3113.834033203125,3098.8260131835937,2958.38580078125,0.02143551843196709,-0.43849448581167294,53.21327363529696,46.0484310957645,56.85375990338729,1,2020-06-22
0.004307419569164139,3115.14404296875,3105.8020141601564,2965.77900390625,0.021500491989301495,0.005368394325206083,50.76860607022289,45.02553234937386,54.48811439258461,0,2020-06-23
-0.025855145939064572,3102.512060546875,3106.5120239257812,2969.864404296875,0.02277679816297615,0.1880004669079025,44.9836576010717,37.252660010613454,51.041023516190386,1,2020-06-24
0.010959447267809841,3096.196044921875,3109.213525390625,2975.87240234375,0.01255086878575524,-0.13398229266410366,40.336476729474626,33.40504620074444,47.5138280531012,0,2020-06-25
-0.024226905044785974,3078.458056640625,3107.4505249023437,2980.06240234375,0.014532597930927465,0.6725182509607668,31.58112399439139,24.050080705681466,42.82107858361726,1,2020-06-26
0.014685678433118632,3065.534033203125,3107.326025390625,2983.6360009765626,0.015113083266133776,-0.4481928008041589,37.689921064057756,19.971740322234382,38.25121093134069,1,2020-06-29
0.015409875731554612,3059.334033203125,3108.299523925781,2989.178603515625,0.014643591660087002,0.05182868906139282,43.14405631924172,20.30214146311937,34.661397037696425,1,2020-06-30
0.005022132820864389,3072.4400390625,3107.9490234375,2996.7646044921876,0.014706773467154875,-0.05453212490835879,61.78127571048808,21.57169605557874,32.04345684127289,1,2020-07-01
0.004541250844364075,3081.6900390625,3108.8320190429686,3003.378603515625,0.01477211798561772,-0.0565288825257404,59.68890123915744,23.449297179023233,30.324624908822962,1,2020-07-02
0.01588172586745884,3115.8240234375,3108.1215209960938,3011.017001953125,0.015323883165774054,0.13374879696597208,61.731329317740844,28.618590701761605,29.983418067410692,0,2020-07-06
-0.010818532028197159,3134.2400390625,3103.768029785156,3017.188603515625,0.015820268773521703,-0.0394670488069323,52.2446753667276,29.598317454812786,29.90639794489111,1,2020-07-07
0.007827461915415501,3148.17001953125,3101.9060302734374,3023.017802734375,0.015940966750687107,0.0800598512905435,55.982532027978976,31.992585353907998,30.32363542669449,0,2020-07-08
-0.005643606159361103,3155.4080078125,3100.0015380859377,3028.791005859375,0.013145615430729396,-0.018969843902853945,53.762580386857834,32.07673446686522,30.674255234728637,1,2020-07-09
0.01046620127324438,3166.414013671875,3109.14853515625,3033.7016064453123,0.013114838140192932,-0.06595439389716429,58.67415232096845,34.40879656019388,31.421163499821688,0,2020-07-10
-0.009362541127788226,3161.514013671875,3114.844030761719,3038.5574072265626,0.010154765822420614,0.08360612617949292,53.641884166826124,33.46497882618269,31.82992656509389,1,2020-07-13
0.013406370782667931,3171.95400390625,3121.39052734375,3045.8936083984377,0.010023612155390854,-0.08063331728690204,56.1121500380773,35.71851607697954,32.60764446747102,1,2020-07-14
0.009082050740923053,3183.27802734375,3126.4815307617187,3053.570009765625,0.009454045148426689,0.03986785411591387,67.98743686786882,39.39364363655568,33.964844301287954,0,2020-07-15
-0.0034061012455366413,3195.98203125,3131.5855346679687,3060.5126123046875,0.00972848790484605,-0.1523353738027622,64.09945304273705,40.94739229118477,35.36135389926732,1,2020-07-16
0.002848612194617406,3203.92001953125,3137.055029296875,3068.0388134765626,0.009717227557247805,0.010065796428769147,76.83389638168786,42.428785026001606,36.77484012461418,1,2020-07-17
0.0084069387471426,3223.24404296875,3144.7600341796874,3075.45181640625,0.008869113238609673,-0.008350673461504865,75.80563909297398,45.26853109375952,38.47357831844325,1,2020-07-20
0.0016790373419135474,3235.200048828125,3151.73203125,3082.00181640625,0.007609234763392486,0.1450667698663597,72.87377106204568,47.41307511230207,40.26147767721502,1,2020-07-21
0.005747082068739751,3245.092041015625,3158.9685302734374,3088.91841796875,0.007506444638716582,-0.0635231016040434,73.12046544380058,50.046284469388866,42.218439035649794,0,2020-07-22
-0.012319859824193036,3249.110009765625,3168.2350219726563,3096.2292138671874,0.008608485795742441,0.006936697944300185,64.17853721316396,48.3194024964796,43.43863172781576,0,2020-07-23
-0.006190400054688405,3247.289990234375,3174.828515625,3104.1418115234374,0.00854028941891059,-0.14135069214943352,55.23636200521618,44.81794673337845,43.7144947289283,1,2020-07-24
0.007395138795039502,3244.803955078125,3186.3465087890627,3111.880009765625,0.0079037763833588,0.07613683488687895,64.15864180023482,43.460877498410355,43.66377128282471,0,2020-07-27
-0.006473392152297919,3237.03193359375,3194.6065063476562,3118.9748095703126,0.007384934385006251,0.020872425578859044,57.37934129156303,40.22954778531266,42.9769265833223,1,2020-07-28
0.01242838167815008,3233.51591796875,3202.5140014648437,3125.06541015625,0.00786812275412745,0.10486087467124583,65.16691250328034,40.43030601254031,42.467602469165904,0,2020-07-29
-0.003750251937389204,3235.6279296875,3209.0319946289064,3131.5310107421874,0.007890313808444054,-0.047626278415434764,59.270804584774,39.15203851610113,41.804489678552955,1,2020-07-30
0.007670504990141325,3246.7259765625,3216.0875,3137.5212109375,0.008160114642284461,0.17412049932941298,67.82858194409496,39.69070628241843,41.381732999326054,1,2020-07-31
0.00718102343932614,3257.766015625,3221.8320068359376,3144.443212890625,0.008052642291998424,-0.1135469982206797,65.85246655755034,41.53426906637878,41.4122402127366,1,2020-08-03
0.0036119303819721615,3275.380029296875,3229.89150390625,3151.4644140625,0.008084904999379071,-0.005532852437744151,63.82786102339895,43.45461081836902,41.82071433386309,1,2020-08-04
0.006429743053199433,3289.246044921875,3237.7830078125,3158.1844140625,0.008127240042417633,0.02733792740996477,68.73996374101986,46.15989803193406,42.688551073477285,1,2020-08-05
0.00642769555966427,3309.834033203125,3247.6385009765627,3164.4450146484373,0.006573767418755348,-0.05647775332630656,69.96692713862943,49.4597025441567,44.042781367613166,1,2020-08-06
0.0006330295486443038,3325.866015625,3255.9505004882812,3170.876015625,0.005763462163779346,-0.03947248494366584,67.34820438294457,51.65050229325789,45.56432555274211,1,2020-08-07
0.002742218294476073,3339.03798828125,3266.213000488281,3177.1992138671876,0.005659735861335376,0.053014211575098,67.76769436726786,53.51143186933996,47.153746816061684,0,2020-08-10
-0.007969132154236114,3344.473974609375,3273.0214965820314,3182.7584130859377,0.0059694672479446605,0.1276872030906302,59.6635100793156,52.22330960618547,48.16765937408644,1,2020-08-11
0.013996549490237653,3354.989990234375,3280.7109985351562,3188.749013671875,0.006243213412298898,-0.22708347846754662,73.7438211682429,54.341137281990996,49.402354955667356,0,2020-08-12
-0.002047174350497949,3359.843994140625,3288.6039916992186,3193.7602099609376,0.006037312002710304,-0.08841407647955468,77.05944756525298,54.829095724387116,50.487703109411314,0,2020-08-13
-0.00017188262276812694,3364.1580078125,3296.0099975585936,3198.9702099609376,0.005997664953751317,-0.06940643784187772,74.8602955557476,54.540311784782716,51.298224844485595,1,2020-08-14
0.0027098425110787527,3368.46201171875,3302.5174926757813,3202.7314111328124,0.005822349145101143,0.08133285000906243,81.87488164106624,54.42162278665546,51.92290443291957,1,2020-08-17
0.002303389154016955,3379.680029296875,3309.141491699219,3205.8792138671874,0.005812681977068608,0.060462441443446036,79.2725408832546,54.32987101491244,52.40429774931815,0,2020-08-18
-0.0044043954214108005,3378.580029296875,3314.0829956054686,3209.2326171875,0.006006413221097186,0.002706053875815906,78.32638169800548,52.44785019660367,52.413008238775255,1,2020-08-19
0.0031586327691348615,3380.996044921875,3321.5755004882812,3213.14001953125,0.005788718124928333,-0.06752041049278701,76.87608484413235,51.22599952207702,52.17560649543561,1,2020-08-20
0.0034411070444764214,3385.8580078125,3330.652001953125,3221.0412158203126,0.005831761544718488,0.02155906080955039,75.51374439363826,50.61427397233865,51.86333999081622,1,2020-08-21
0.010043718303008653,3395.716015625,3340.2455078125,3228.840615234375,0.006446513413511145,0.06801692434543694,77.95153283905026,52.28003368510963,51.94667872967491,1,2020-08-24
0.0035963511532906,3406.484033203125,3351.5045166015625,3236.3812158203127,0.0053888065108112695,-0.030923676540907885,77.03366945821227,53.97372669710148,52.352088323160224,1,2020-08-25
0.010195626139483993,3427.260009765625,3362.5190185546876,3243.461015625,0.004627906934953822,0.04214298512811321,78.41573619661465,57.48639576657206,53.378949811842595,1,2020-08-26
0.0016730440109038458,3447.068017578125,3374.4355224609376,3250.882216796875,0.0043273630125072,0.04638503067030286,78.76042410869525,60.04765025403867,54.712689900281816,1,2020-08-27
0.00673256535528588,3469.238037109375,3386.2800170898436,3258.735615234375,0.004270359578223114,-0.022088581836198662,79.99269444102548,63.241477289044724,56.4184473780344,0,2020-08-28
-0.0021949627140287475,3483.04404296875,3396.5650146484377,3266.7870166015623,0.004689129726269232,0.12401932526993598,86.71989669643818,64.40882171257181,58.01652224494188,1,2020-08-31
0.007525003016613407,3499.65,3407.5720092773436,3274.9628125,0.004835157961914422,-0.056755774697121675,85.41346558432656,66.69058824994954,59.75133544594342,1,2020-09-01
0.015365910154807594,3520.072021484375,3420.2255126953123,3283.9538134765626,0.005063977893974906,0.04733645577582779,90.85618157789948,72.04115417613639,62.20929919198202,0,2020-09-02
-0.03512584371534122,3514.1740234375,3425.5205200195314,3292.0484130859377,0.013999766702667003,0.1434454470113884,60.844789005646355,65.37847666241669,62.84313468606896,0,2020-09-03
-0.008133027264274895,3497.964013671875,3429.3045166015627,3298.912412109375,0.014352878020069725,-0.09632051597876967,55.649635896199584,57.17177308037208,61.70886236492959,0,2020-09-04
-0.027756342102360998,3464.27001953125,3427.8730224609376,3305.368212890625,0.016512178883441475,0.05758642131064806,44.03074647738534,42.50257928351721,57.867605748647115,1,2020-09-08
0.02014498633677464,3438.73203125,3431.1365234375,3312.2826123046875,0.017989022994954553,-0.1622830095029536,52.24273723224505,35.879553169680094,53.46999523285371,0,2020-09-09
-0.01758479659017942,3390.402001953125,3429.078515625,3317.0606103515624,0.018184984134707077,0.07021197603572271,46.051951997569496,25.51371003332997,47.878738192948965,1,2020-09-10
0.0005330721905940639,3367.583984375,3427.455517578125,3321.5628076171874,0.018149458516721582,-0.11845659989117596,45.12874370123537,17.24356506946333,41.75170356825184,1,2020-09-11
0.012741829089357504,3358.9,3427.9900146484374,3326.633408203125,0.018638992562636778,0.034902118277454264,45.921053125621874,13.9635017894675,36.194063212494974,1,2020-09-14
0.005219359577689042,3372.77197265625,3428.9505126953127,3331.0630078125,0.018840766620900375,0.056675469712833104,46.40823493272818,12.64329133335832,31.483908836667645,0,2020-09-15
-0.004618946596211537,3370.077978515625,3428.7360107421873,3335.86640625,0.018496200362378604,0.1630956400858723,41.83709107013316,10.211639062664744,27.229454881867067,0,2020-09-16
-0.008412365876402483,3373.6419921875,3427.8440063476564,3339.6078076171875,0.0172259933023457,-0.07185149081353703,39.26032493435774,5.918219165751907,22.967207738644035,0,2020-09-17
-0.011182581807410497,3369.3419921875,3424.5420043945314,3342.9562060546873,0.014166305944779585,0.6156754584642361,34.49148805081866,-0.5076624355701824,18.27223370380119,0,2020-09-18
-0.011571097930805796,3348.84599609375,3418.73701171875,3344.8766064453125,0.014321195027747929,-0.3165917698264654,32.83273091801365,-8.600438303615192,12.897699302317916,1,2020-09-21
0.010517945160813724,3331.72001953125,3412.951513671875,3348.0836083984377,0.012314495607282615,-0.1781529216905462,33.68124461362898,-12.089986272448186,7.900162187364696,0,2020-09-22
-0.023721455093028143,3302.006005859375,3402.61650390625,3348.8716064453124,0.011982966542161607,0.10168297475663657,24.380200310268137,-20.960270739405132,2.128075602010731,1,2020-09-23
0.0029874591429570607,3279.922021484375,3391.0095092773436,3349.27220703125,0.011291689703734963,0.05099060212622608,31.221969618001722,-26.89965107278931,-3.677469732949278,1,2020-09-24
0.0159767237756141,3275.72001953125,3381.7050048828123,3350.9300048828127,0.012752351584574714,-0.17353409011890686,38.90059510503963,-27.10869535221127,-8.363714856801677,1,2020-09-25
0.016110590199083896,3289.82802734375,3373.8845092773436,3353.4674072265625,0.013198450465974784,0.03880283856515221,51.84026273031989,-22.724446256220745,-11.235861136685491,0,2020-09-28
-0.0048126645432444715,3293.8080078125,3365.6425048828123,3355.1400048828127,0.013064809826954028,-0.07322869921106778,43.466634375218256,-20.31725898632112,-13.052140706612617,1,2020-09-29
0.008253718228220741,3319.0240234375,3357.460009765625,3357.25400390625,0.013394168162343179,0.294148170603481,52.62427400987647,-16.003622645921496,-13.642437094474394,1,2020-09-30
0.005292907769290922,3345.866015625,3347.4580078125,3359.3496044921876,0.013204134782344857,-0.13976583998784464,54.24021582621623,-11.021668653382676,-13.118283406256051,0,2020-10-01
-0.009577652178616392,3355.8580078125,3342.1260009765624,3361.6048046875,0.013051377314325065,-0.02481637939916692,46.17827964667976,-9.57585535459566,-12.409797795923973,1,2020-10-02
0.01797270867614209,3367.2580078125,3341.2080078125,3365.464208984375,0.013245604286441405,-0.07105590187111022,50.7370653075219,-3.5332713077018525,-10.634492498279549,0,2020-10-05
-0.013973515692226712,3372.3580078125,3342.664501953125,3367.89541015625,0.014121291540264846,0.20599178925020034,47.70377788142336,-2.5583421241144606,-9.019262423446532,1,2020-10-06
0.01739675486921799,3383.64599609375,3343.6885009765624,3371.91541015625,0.011767428957062339,-0.14340536085992917,55.53544300125683,2.8989173450322596,-6.6356264697507745,1,2020-10-07
0.008010123642494982,3396.852001953125,3349.0705078125,3375.683212890625,0.011752478363205912,0.013864604495707367,61.499555816163,9.32648005944884,-3.443205163910852,1,2020-10-08
0.00879353312061526,3422.59599609375,3355.87900390625,3380.301611328125,0.011289764747803176,0.019766575999834446,67.96718786842396,16.67391205635522,0.5802182801423629,1,2020-10-09
0.01641581296364758,3447.719970703125,3363.4130004882813,3385.5636083984373,0.011322464083550669,-0.12888397577134392,69.23952748773993,26.793827550440255,5.822940134201942,0,2020-10-12
-0.006306918994084421,3477.911962890625,3368.949499511719,3389.9100048828127,0.011480639124205091,0.05103383239807213,76.86322242959272,32.63907073255314,11.186166253872182,0,2020-10-13
-0.006623141753502759,3491.757958984375,3374.10849609375,3393.553203125,0.011997224889944985,0.06851374927307474,73.03500880691098,34.9912226377196,15.947177530641667,0,2020-10-14
-0.0015277553060997207,3499.0599609375,3380.425,3396.6646044921877,0.01209263807222126,-0.03471806474519956,69.30174918270708,36.01014438076072,19.95977090066548,1,2020-10-15
0.00013491955745537076,3500.393994140625,3388.6420043945313,3399.357607421875,0.011331070590913744,0.2586835993609966,65.50848205131729,36.43556341637532,23.25492940380745,0,2020-10-16
-0.016329861778318078,3478.933984375,3395.9349975585938,3400.8704052734374,0.011822508428331033,-0.12733493599656998,59.79099522969352,31.815404308123107,24.96702438467058,1,2020-10-19
0.004727334073110212,3465.172021484375,3402.3125,3402.523408203125,0.010685703246868626,-0.04234334210037449,58.79125706950239,29.12537609373021,25.79869472648251,0,2020-10-20
-0.0021956999281005363,3454.550048828125,3412.2445068359375,3404.560810546875,0.009358279475922592,0.04750309480965331,56.14672311971609,26.082809415787324,25.855517664343473,1,2020-10-21
0.005218925396392127,3448.580029296875,3422.589501953125,3406.0236083984373,0.00914900525353687,0.016593728983713252,62.189372340805186,24.832100047809945,25.65083414103677,1,2020-10-22
0.003445761353703114,3444.89599609375,3430.935998535156,3407.8628076171876,0.008740032252246017,-0.12474892499149104,57.41942521630462,24.518492609747682,25.424365834778953,0,2020-10-23
-0.018589516294535646,3439.706005859375,3433.4044921875,3408.425205078125,0.008298324833145411,0.09601544528425898,55.00625782227785,18.85446460859066,24.110385589541295,0,2020-10-26
-0.0030256189119989285,3429.21796875,3436.164990234375,3408.59900390625,0.008253135721180997,-0.009947004280135174,45.906864942283114,13.38111232225856,21.96453093608475,0,2020-10-27
-0.035287878760604796,3396.311962890625,3431.5664916992187,3406.22400390625,0.013050866206189319,0.29718604885927724,30.183944877629685,-0.6043395115175372,17.450756846564293,1,2020-10-28
0.011947330894238384,3367.635986328125,3428.0319946289064,3404.9292041015624,0.014244360147824672,-0.04437963645702214,31.53755398510168,-8.437216174600962,12.273162242331242,0,2020-10-29
-0.012129550130175693,3328.55,3424.108996582031,3402.618203125,0.014281493911808432,-0.013829791565720506,19.654596824973183,-17.68079543161548,6.282370707541898,1,2020-10-30
0.01231820260127181,3310.40400390625,3419.1909912109377,3400.8798046875,0.014889002931556651,-0.10925839143009908,27.758554961102064,-21.508203675604364,0.7242558309126463,1,2020-11-02
0.01779929009643455,3306.1,3419.60048828125,3399.63740234375,0.016194265377065316,-0.016990791922478765,37.7819133190331,-19.561612906072696,-3.3329179164844223,1,2020-11-03
0.02204704770168342,3340.581982421875,3420.80048828125,3399.633798828125,0.01789524280454162,0.12944371878963912,46.42484788797589,-11.88810939166251,-5.04395621152004,1,2020-11-04
0.01946019413896294,3380.649951171875,3423.981481933594,3400.2681982421873,0.01886405809587942,0.014142869071476216,52.13269178824633,-0.3951003390502592,-4.114185037026084,0,2020-11-05
-0.00028771518741854685,3428.545947265625,3425.596484375,3400.76599609375,0.018864780017221847,-0.00322962444551933,57.25539794119643,8.533325921311643,-1.5846828453585389,1,2020-11-06
0.01169988923568721,3476.59794921875,3426.4104858398437,3401.6157958984377,0.01768915607300502,0.7698669684416599,59.04571517888728,18.706732070996622,2.4736001379124937,0,2020-11-09
-0.0013997945931910616,3511.87197265625,3428.0904907226563,3402.5201953125,0.017620107444757886,-0.2955530067638915,59.304507977794955,26.06770239348043,7.1924205890260815,1,2020-11-10
0.007651855318760337,3537.715966796875,3432.289990234375,3403.4403955078124,0.010680554632757782,-0.23220156787528556,59.92834635227039,33.701983726412436,12.494333216503353,0,2020-11-11
-0.009978532303877019,3543.027978515625,3434.973486328125,3402.5637939453127,0.012138894108310046,0.059129857018353826,55.73971216524085,36.455323230758495,17.286531219354384,1,2020-11-12
0.013610335409063534,3558.169970703125,3440.040478515625,3405.1655908203124,0.010285859531149001,-0.03871551186843891,65.15585152910366,42.03727212807962,22.236679401099433,1,2020-11-13
0.011648051240012336,3573.451953125,3450.0399780273438,3409.16458984375,0.010266117004522908,0.12202992639175525,68.48175047522416,49.26281951180772,27.641907423241094,0,2020-11-16
-0.004791925698091615,3586.251953125,3458.3604736328125,3414.718388671875,0.010648216770364602,-0.09127166221950289,81.52826933064824,52.97603185861135,32.70873231031515,0,2020-11-17
-0.011563829610944043,3585.277978515625,3464.97197265625,3418.094990234375,0.010663562901664758,0.09821536185263224,73.88226232503918,51.951842517796194,36.55735435181136,1,2020-11-18
0.003946442467421596,3594.25,3471.390979003906,3422.94859375,0.009116903403963027,-0.17435631555344466,80.37634229640035,51.68056829758143,39.58199714096538,0,2020-11-19
-0.006792562915180156,3588.72802734375,3475.998486328125,3427.2799951171874,0.009525412176487948,-0.02910594334195815,74.85628890922877,48.93821823704229,41.45324136018076,1,2020-11-20
0.005635930617216234,3578.8640625,3484.8294921875,3431.16099609375,0.00897413457170097,0.19384048135550014,72.72511903849266,47.83138697661798,42.72887048346821,1,2020-11-23
0.016161668273416252,3584.0400390625,3497.0659912109377,3435.8451953125,0.010139234046490808,0.24176528160868416,71.70969257792677,51.031532086594325,44.389402804093436,0,2020-11-24
-0.001584418237524976,3596.41201171875,3514.9969848632813,3440.7283935546875,0.010043355406321591,-0.2181189085217402,65.6479815496996,52.497724404143355,46.01106712410342,1,2020-11-25
0.002396979198154181,3607.7080078125,3531.408984375,3446.3551953125,0.009179431587869739,-0.43418716041739636,66.58777241763227,53.74221858778856,47.55729741684045,0,2020-11-27
-0.004595548640170977,3620.5259765625,3548.99248046875,3452.3983935546876,0.008598905041211063,1.2705271758104515,59.76441899716198,52.77099639555536,48.60003721258343,1,2020-11-30
0.011271187194776155,3637.49794921875,3566.602978515625,3460.02619140625,0.008547951869611504,-0.14107041235430162,64.61206496746257,54.66499020072979,49.8130278102127,1,2020-12-01
0.0017911667548251575,3644.21796875,3581.5954833984374,3467.094990234375,0.008301557198586077,-0.06961915518743267,62.69400453143636,56.04923514729671,51.06026927762951,0,2020-12-02
-0.000624157213091503,3651.631982421875,3592.759484863281,3475.6909912109377,0.006979940337359435,0.004778576741879537,68.7360702819516,56.31233864007936,52.110683150119485,1,2020-12-03
0.008836275129611826,3663.785986328125,3602.1929931640625,3484.741591796875,0.007238722963207902,0.006767561506236586,67.24675290129322,58.461364872322974,53.380819494560185,0,2020-12-04
-0.0019356376714373402,3677.852001953125,3611.318994140625,3492.611591796875,0.006627167715606403,-0.057870978621936575,60.99521227822432,58.90766794747333,54.48618918514282,1,2020-12-07
0.002787148065356293,3685.81201171875,3618.906494140625,3499.62458984375,0.00659755392630997,-0.04581330003122075,66.0570217681196,59.40688096065378,55.470327540245016,0,2020-12-08
-0.007949201604598555,3686.5740234375,3625.27099609375,3506.371591796875,0.005792656535930864,0.1414386646860324,68.99889505104758,56.77331392032511,55.73092481626104,0,2020-12-09
-0.0012851080682624305,3686.850048828125,3630.043005371094,3512.47359375,0.00577834844763289,-0.10975386026601441,66.1448657939004,53.68646670819044,55.32203319464692,0,2020-12-10
-0.0012649972997506032,3679.718017578125,3636.3655029296874,3518.1267919921875,0.005800853167391043,-0.06075157562123268,71.4100020726616,50.28603172729345,54.31483290117623,0,2020-12-11
-0.004359258971957769,3670.8240234375,3639.4825073242187,3524.108193359375,0.005777305109072469,0.05676647308746263,64.36609739502528,45.77485529896467,52.60683738073392,1,2020-12-14
0.012921249154708825,3669.298046875,3642.868017578125,3529.82859375,0.006125027890723065,-0.05120624587735334,62.72839204234732,45.47847528671764,51.18116496193067,1,2020-12-15
0.0017727951669590514,3674.968017578125,3647.4500122070312,3536.6325927734374,0.006124730889464391,-0.0729505730463087,65.3225975178047,45.250487043797875,49.99502937830411,1,2020-12-16
0.005757654753379748,3685.843994140625,3655.1845092773438,3542.6933935546876,0.006279956959692121,0.03092421023643732,67.10021457395854,46.25613640461506,49.2472507835663,0,2020-12-17
-0.0035111185091528663,3695.033984375,3661.5614990234376,3547.944990234375,0.005884811149135701,0.6926834271049727,68.11088152951713,45.474276332090085,48.49265589327106,0,2020-12-18
-0.0039062790518439305,3704.519970703125,3668.4304931640627,3552.3005908203127,0.005999622076957077,-0.3309126262839751,57.51583163705287,43.18758587102093,47.43164188882104,0,2020-12-21
-0.002073092860288006,3703.04794921875,3673.9139892578123,3555.3613916015624,0.0059541067094733315,-0.14641640237713172,54.202931796816316,40.29280592988016,46.00387469703286,1,2020-12-22
0.000745811250824957,3700.815966796875,3676.643994140625,3558.9229931640625,0.005329645580618044,-0.0676360801419087,55.35230169844519,37.78501189132339,44.36010213589097,1,2020-12-23
0.0035365890047962534,3696.931982421875,3680.314501953125,3563.2107958984375,0.005370191518947903,-0.5015347325860773,50.993829365323734,36.4306471022046,42.7742111291537,1,2020-12-24
0.008722529021144565,3702.122021484375,3685.165002441406,3568.2511962890626,0.005819919159186011,0.8767902833664227,59.71528599831891,37.53101309015619,41.7255715213542,0,2020-12-28
-0.00222738052560012,3708.546044921875,3690.435510253906,3573.1157958984377,0.005597487822377141,-0.04021258902660474,55.59872256052508,37.301710184924104,40.84079925406818,1,2020-12-29
0.0013415471654707467,3717.50205078125,3693.9150146484376,3579.2181982421876,0.004133395362856991,-0.07026808790289074,65.03348625160986,37.09582659609623,40.09180472247379,1,2020-12-30
0.006438845522919845,3730.7140625,3698.268017578125,3585.477197265625,0.00447738525599066,0.007667559471924212,70.33797185280011,38.428702741397046,39.75918432625844,0,2020-12-31
-0.014754827521051062,3730.23203125,3699.9645141601563,3590.778994140625,0.006529598477169941,0.5775202576878555,56.96309691197417,34.61406308485721,38.7301600779782,1,2021-01-04
0.007082595157549276,3728.53203125,3701.351513671875,3596.246396484375,0.006850657049994814,-0.08454237288135591,64.31172531348446,33.32176560422931,37.64848118322843,1,2021-01-05
0.005709842747752214,3732.752001953125,3704.160510253906,3601.901396484375,0.006839784266618006,0.3208633375589738,60.64264554097052,33.627079321566725,36.84420081089609,1,2021-01-06
0.014847403800101189,3747.102001953125,3709.237512207031,3609.9577978515626,0.007883990532991972,-0.15912475202461696,67.07259218822855,37.92239857098002,37.05984036291288,1,2021-01-07
0.005491862685268911,3760.823974609375,3716.8305053710938,3618.6377978515625,0.00786639550733594,-0.06395563190800058,67.02649409050568,42.52194327608595,38.152260945547496,0,2021-01-08
-0.006554750898592476,3780.616015625,3723.406005859375,3629.2093994140623,0.008499898706246699,-0.06444739620870554,64.4495965407949,43.6411225999459,39.25003327642718,1,2021-01-11
0.0004157884466327033,3795.481982421875,3730.2925048828124,3639.03099609375,0.00823800128058146,0.11858208503996259,67.75843611594335,44.146664409701316,40.22935950308201,1,2021-01-12
0.0022756417379066196,3807.822021484375,3738.410009765625,3649.8285986328124,0.008116848037375614,-0.07856735302655682,70.41638880304484,44.729688459862246,41.12942529443806,0,2021-01-13
-0.0037534511943366766,3806.172021484375,3743.456005859375,3659.534599609375,0.008335728131615107,0.12948804022153126,66.92541245441211,43.535989009057175,41.610738037361884,0,2021-01-14
-0.007190027975370938,3794.88603515625,3746.810009765625,3667.5164013671874,0.008588771007565096,0.03295963435465743,59.998756792704924,39.92763459664229,41.27411734921797,1,2021-01-15
0.008136379515524483,3794.74599609375,3750.6315063476563,3674.62580078125,0.007021025668859808,-0.06618098930690419,59.796483051293976,39.09136547203161,40.837566973780696,1,2021-01-19
0.013935625421946263,3804.87802734375,3757.753515625,3681.4538037109373,0.0077940669478746205,-0.08939183637654458,66.9132972761235,42.2138319226201,41.11281996354858,1,2021-01-20
0.0003167233075522802,3813.5240234375,3765.661022949219,3688.32640625,0.007797794326423878,-0.01411023194391825,66.57082173712195,44.276459061961305,41.74554778323113,0,2021-01-21
-0.0030106116552376383,3822.710009765625,3773.3715209960938,3694.1458056640627,0.006697439845613436,0.13530930125106622,62.10452444657299,44.462538528331606,42.28894593225123,1,2021-01-22
0.0036158389430824833,3840.13203125,3781.639025878906,3700.3424072265625,0.006583133719022865,0.36978882347301556,74.85462414074689,45.20967678264333,42.87309210232965,0,2021-01-25
-0.0014888337468982327,3850.274072265625,3788.9670288085936,3705.881611328125,0.006132149075361056,-0.12331948737580056,71.11019494472075,44.821940561113024,43.26286179408633,0,2021-01-26
-0.025677883699462,3830.058056640625,3789.7375244140626,3710.1568115234377,0.010533999960469304,0.6255022403258657,50.3570337268117,36.12188940002943,41.83466731527495,1,2021-01-27
0.009760625975629766,3816.92001953125,3792.7545166015625,3714.2014111328126,0.011067457343531144,-0.29907723334389147,47.650926964014616,31.814409471188355,39.83061574645763,0,2021-01-28
-0.019311475173124593,3791.4740234375,3791.8645141601564,3715.9480126953126,0.012562609501066037,-0.04996589334412538,36.247954044122125,22.242524540979048,36.31299750536191,1,2021-01-29
0.016051767614439383,3775.1740234375,3792.754016113281,3719.2346142578126,0.013619965562286403,-0.1817059715174678,47.047630031138276,19.245729177100202,32.89954383970957,1,2021-02-01
0.013898223484416938,3770.51201171875,3799.0370239257813,3724.4050146484374,0.014104720731290103,0.014322425651600357,52.57927694413389,20.862529721366172,30.492141016040893,1,2021-02-02
0.0010087690809532646,3786.3919921875,3804.2025146484375,3729.3710107421875,0.013339621744686855,-0.11773837568846357,52.10815967237967,22.1994134896363,28.833595510759977,1,2021-02-03
0.010853322230420792,3803.264013671875,3810.38251953125,3735.655009765625,0.013817439362336823,0.0029538302154015206,57.47879273501713,26.30997558757963,28.32887152612391,1,2021-02-04
0.003897495164625342,3837.78203125,3814.534521484375,3741.8398095703124,0.01379119799828053,4.7138488781017784e-05,61.923821719097994,30.43444036114579,28.749985293128287,1,2021-02-05
0.007399348360373592,3866.12802734375,3819.080029296875,3747.4434130859377,0.013914335001671609,-0.04736375057127107,61.777778653999135,35.61327319511611,30.12264287352585,0,2021-02-08
-0.0011135249921484514,3883.11201171875,3824.661022949219,3753.0750146484374,0.013905463870307838,-0.017218976155030985,56.64560939489489,38.917099202947156,31.881534139410114,0,2021-02-09
-0.00034518493235935477,3899.05400390625,3830.0955200195312,3758.5056103515626,0.010175674793457143,0.05882906626506035,56.356124106305344,40.95436706894952,33.696100725318,1,2021-02-10
0.0016624551635393559,3907.981982421875,3835.422509765625,3764.4006103515626,0.010005668898241438,-0.050879974860814525,58.47799453241179,42.60231919109992,35.47734441847439,1,2021-02-11
0.0047110331133788375,3917.581982421875,3842.38701171875,3769.848212890625,0.006048090218032018,-0.09930384930384928,58.90219668962303,44.87976370841352,37.357828276462214,0,2021-02-12
-0.0005692724183511411,3920.981982421875,3850.6040161132814,3775.119814453125,0.005133077377746445,0.22343811214347564,59.36772119972546,45.973947357601446,39.081052092690065,0,2021-02-16
-0.0003204020092266724,3925.002001953125,3857.2250244140623,3780.4120166015623,0.003966516189316835,-0.06490228286673827,76.14839914975823,46.20678052187168,40.50619777852639,0,2021-02-17
-0.004415835627354592,3925.82001953125,3860.331018066406,3784.709013671875,0.004553766995661358,0.013317408812742348,69.41503243745596,44.47777479615752,41.30051318205262,0,2021-02-18
-0.0018548966445751658,3923.88603515625,3863.0130126953127,3789.004013671875,0.003518712362218358,0.010778842844179293,86.99487092853556,42.037125373953586,41.44783562043281,0,2021-02-19
-0.0077328394581538396,3912.22001953125,3864.764514160156,3792.489013671875,0.004263092664931453,0.22119901265551078,72.2433443982261,37.23596868206778,40.605462232759805,1,2021-02-22
0.0012563181187927874,3901.976025390625,3866.0650146484377,3796.6600146484375,0.003390365547013267,0.06413783779216176,65.03218048801297,33.438536534641116,39.17207709313607,1,2021-02-23
0.01135161376597904,3900.79599609375,3869.855505371094,3801.806611328125,0.005134599377009006,-0.04507504831965137,71.326176236851,33.5970174976228,38.05706517403342,0,2021-02-24
-0.02447880752512621,3883.87001953125,3873.7840087890627,3805.1242138671873,0.009405631086724188,0.088923777481003,42.370285629935786,25.67302481907427,35.58025710304159,0,2021-02-25
-0.004750214169902844,3864.7580078125,3874.972509765625,3808.397412109375,0.009343624872922665,-0.003268438037898558,36.53188091211959,17.721129431069585,32.00843156864719,1,2021-02-26
0.023790763506800205,3869.822021484375,3884.351513671875,3812.5414111328123,0.012451741843208745,-0.21624806353594128,47.9919509996454,18.52200948523432,29.31114715196462,0,2021-03-01
-0.008080851690870694,3867.606005859375,3889.1730102539063,3815.9238134765624,0.01266290882702667,0.08234698386257966,44.468181404327815,16.42318656968473,26.733555035508644,0,2021-03-02
-0.01306622187199813,3846.464013671875,3888.843505859375,3817.86861328125,0.013160058864702298,0.1151822341361377,39.247745431612934,10.557571292996727,23.498358287006262,0,2021-03-03
-0.013417213930100202,3834.289990234375,3885.758508300781,3819.049814453125,0.013584020129883334,0.16549988175571695,34.06179248832072,1.7533704774377838,19.149360725092567,1,2021-03-04
0.01949596819778221,3840.447998046875,3884.268505859375,3821.99021484375,0.015455015900300328,-0.047854184617950324,41.051568523783274,0.6963632794295336,15.458761235959962,0,2021-03-05
-0.005359231030161227,3824.35400390625,3880.9945068359375,3824.6720166015625,0.015367712916998393,-0.14294993336807238,39.64978563078884,-1.7822066851572345,12.010567651736523,1,2021-03-08
0.01415464230382213,3825.383984375,3878.9869995117188,3828.380615234375,0.01613085093746878,-0.060995859809152675,45.26523267838677,0.6110631481169548,9.73066675101261,1,2021-03-09
0.006030313342701321,3841.202001953125,3878.366003417969,3832.295615234375,0.01579778616869748,0.060545273833965796,48.72866451525459,4.343451275774896,8.653223655965068,1,2021-03-10
0.010395487004435822,3875.376025390625,3879.839013671875,3836.37521484375,0.01363405078802377,-0.09140845985723522,52.591790771841815,10.451353698325875,9.01284966443723,1,2021-03-11
0.0010153984958789497,3895.6560546875,3881.1870239257814,3840.7012158203124,0.01339346740897129,-0.15746638358103326,55.53972323338196,15.4367319074654,10.297626113042865,1,2021-03-12
0.006491921301497117,3925.1740234375,3882.8925170898438,3845.4392138671874,0.011458304003816358,0.0946812978634044,57.01670302635738,21.208891389861947,12.479879168406681,0,2021-03-15
-0.0015696837343783798,3942.62802734375,3884.3985107421877,3849.57201171875,0.011012927083403266,-0.05857431480990183,53.17991347746536,24.992563295772015,14.98241599387975,1,2021-03-16
0.00287938213053085,3957.6900390625,3886.5380126953123,3855.041416015625,0.009583632309861584,-0.011146565851882007,64.43469180607991,28.58237496512311,17.702407788128422,0,2021-03-17
-0.014760539319459198,3952.914013671875,3886.612512207031,3858.8134130859376,0.009860491006216209,0.12208932713091292,59.623227968701435,26.389737740653345,19.43987377863341,0,2021-03-18
-0.0006027039747036333,3946.866015625,3886.932019042969,3862.1126171875,0.008238110427585278,0.5155384588333896,51.243225265863416,24.182870619380083,20.388473146782744,1,2021-03-19
0.007025118077311765,3941.196044921875,3890.1365234375,3864.8486181640624,0.007957081937977183,-0.4435959378246891,57.81772037251519,24.37118909725723,21.18501633687764,0,2021-03-22
-0.007630854183940605,3930.758056640625,3891.5940185546874,3866.565419921875,0.007568797330417018,0.08172584598703514,60.57980001991267,21.84224582365232,21.316462234232578,0,2021-03-23
-0.00546733601831495,3913.76201171875,3889.7795166015626,3868.356015625,0.007580773908276214,0.024418452734091378,65.11207537570445,17.90642833583661,20.634455454553386,1,2021-03-24
0.005240265846959469,3912.5740234375,3893.7885131835938,3870.5226171875,0.006925451901054146,0.03456393659236223,59.76138889829265,16.244513897644993,19.756467143171708,1,2021-03-25
0.016631202604519668,3924.86201171875,3901.9580200195314,3873.8166162109374,0.008856155362104177,0.10808068968583395,69.61005289219418,19.944103700442156,19.7939944546258,0,2021-03-26
-0.0008680126852336212,3930.96201171875,3905.421520996094,3877.3276171875,0.008635838451855175,-0.15592833329685807,64.06824868916871,22.340149706581542,20.30322550501695,0,2021-03-29
-0.0031578329337678124,3940.568017578125,3909.834521484375,3881.1336181640627,0.008684172333569199,-0.10947499881162792,59.07570561622222,22.962460131401713,20.835072430293902,1,2021-03-30
0.0036224990395776757,3957.318017578125,3917.493017578125,3884.6132177734376,0.008715349135619738,0.11077008183893766,55.53754748944634,24.33226398125953,21.53451074048703,1,2021-03-31
0.011825201774944727,3979.388037109375,3930.063024902344,3887.9736181640624,0.007708064957058298,-0.09085090813774421,61.06211741688776,28.875891593362667,23.00278691106216,1,2021-04-01
0.014438226417743616,4000.06201171875,3941.8615234375,3892.4704150390626,0.008433623339983667,-0.03774509686146277,64.40067031333987,36.736598957372735,25.749549320324274,0,2021-04-05
-0.0009735307519511682,4020.631982421875,3954.491015625,3897.119814453125,0.008511260324105955,0.019036062151843947,64.78766814717105,42.15992929807271,29.031625315873963,1,2021-04-06
0.001475232784985625,4044.911962890625,3964.716516113281,3901.611611328125,0.0076472682028662356,0.009688160793086542,64.27470136931808,46.40795322951908,32.50689089860299,1,2021-04-07
0.0042206328286402695,4069.76796875,3974.6345092773436,3906.562607421875,0.006847544007893366,-0.05186116321791101,77.59452709757024,50.580984420166715,36.121709602915736,1,2021-04-08
0.007719934348738189,4091.55390625,3984.1074951171877,3914.123203125,0.006892090521628402,-0.06826290599165619,80.08196129650841,55.79721336175453,40.0568103546835,0,2021-04-09
-0.00019607884876882142,4101.569970703125,3993.3400024414063,3920.93541015625,0.005845325630217719,-0.014144088957501855,78.23655565896492,59.18355563166779,43.88215941008036,1,2021-04-12
0.0032944868090414303,4115.099951171875,4001.9724975585937,3929.4824072265624,0.0056189616978179445,0.040630833960266344,86.63481844812317,62.247085444202185,47.55514461690473,0,2021-04-13
-0.004087726727828533,4124.0419921875,4010.0700073242188,3936.498408203125,0.005760659678903015,0.06710810984491467,87.87489507452948,62.5874019874218,50.56159609100814,1,2021-04-14
0.01109419052516647,4138.6919921875,4019.8849975585936,3943.38060546875,0.006157817778210597,0.012061675887939494,88.78994800642914,65.79113668524451,53.60750420985542,1,2021-04-15
0.0036088195555097347,4150.02607421875,4033.3855102539064,3950.486611328125,0.005656019649795175,0.03232988382067825,86.83358316237523,68.75202186554498,56.636407740993334,0,2021-04-16
-0.005306560094486046,4157.07998046875,4045.8934936523438,3956.3170068359377,0.005043491669396447,-0.08490520723758477,81.49402430290203,68.516531150432,59.01243242288107,0,2021-04-19
-0.006802319771775922,4155.75,4055.610986328125,3961.2792041015623,0.005726768909063336,0.1397163995391426,77.48628715820614,65.29208343139271,60.2683626245834,1,2021-04-20
0.009306055472153574,4165.501953125,4068.7559814453125,3966.43580078125,0.006235493107167069,-0.10486684397775548,79.06156216188293,65.09136547316893,61.23296319430051,0,2021-04-21
-0.009210657476561801,4158.41396484375,4081.047985839844,3970.91080078125,0.007151532325341201,0.09206765708405684,67.10558012909817,61.125891798585144,61.21154891515744,1,2021-04-22
0.010928696540176919,4157.35390625,4094.5804809570313,3976.3166015625,0.0075503034331586925,-0.1590666032215663,65.7994497349388,60.92734345576446,61.15470782327884,1,2021-04-23
0.001782270924804541,4162.2259765625,4105.234484863281,3981.74140625,0.007533727974091497,0.04998487344112412,67.37702250637781,60.6717745117503,61.05812116097314,0,2021-04-26
-0.00021489588801437698,4172.58203125,4116.0159912109375,3986.779208984375,0.007520541979769164,-0.010036496350364965,66.57979917611101,59.70833911780255,60.78816475233902,0,2021-04-27
-0.0008455399168898481,4174.53408203125,4127.247497558594,3991.7910107421876,0.007339277438782637,0.020659174818767445,63.94870584732435,57.99067762618688,60.228667327108596,1,2021-04-28
0.006762806734045723,4189.83212890625,4139.176513671875,3997.3938134765626,0.0068149003697500375,0.13500697055468724,63.553893274968495,58.240824273056205,59.83109871629812,0,2021-04-29
-0.007194706699326425,4190.03212890625,4147.24150390625,4002.7378125,0.00720092748931095,0.0005117850130738066,57.95008277686451,55.355977628246364,58.93607449868777,1,2021-04-30
0.002748090747253684,4191.04013671875,4152.979016113281,4008.45681640625,0.006998931197650221,-0.05363088484217182,57.68319880585436,53.381532684270496,57.825166135804324,0,2021-05-03
-0.006678337608227225,4186.628125,4157.515026855469,4014.22001953125,0.006984207787736857,0.09391138562534707,55.823757404105635,48.992648096434095,56.05866252793028,1,2021-05-04
0.0007034637617677753,4183.51005859375,4161.897021484375,4019.9444140625,0.006308795394722453,-0.049756763676709004,49.52924741313494,45.229449794323045,53.89281998120884,1,2021-05-05
0.008165456466051824,4181.5400390625,4167.11953125,4025.4682177734376,0.005907521203836682,0.0661983682036058,52.52681132072588,44.48030541823391,52.01031706861386,1,2021-05-06
0.007373341616968343,4191.82607421875,4172.309545898437,4033.53341796875,0.005367018160886843,-0.10971403236532917,60.55921634760522,45.857808347086575,50.7798153243084,0,2021-05-07
-0.010435647322188157,4190.980078125,4175.33154296875,4041.0790234375,0.006505009757590131,0.13560984840939416,57.77044184865414,42.89092589565098,49.20203743857692,0,2021-05-10
-0.00867391280271812,4188.46806640625,4175.8570556640625,4046.0846240234373,0.007067304690697,0.06797421448461849,46.88343595065803,37.17953397192559,46.79753674524666,0,2021-05-11
-0.021449400664502738,4167.55810546875,4172.776049804687,4049.9396240234373,0.009621480194932315,-0.028258713822009507,40.83942554363573,25.17659221825852,42.47334783984903,1,2021-05-12
0.012173141406923493,4149.73408203125,4169.880053710937,4055.795224609375,0.010347898367770551,0.009818151854927182,41.47585107403735,19.431189241388893,37.864916120157005,1,2021-05-13
0.014917956876899785,4137.98408203125,4169.299047851562,4063.9028271484376,0.011491549557447708,-0.16124145838302428,48.47281655711409,19.602391972927762,34.21241129071116,0,2021-05-14
-0.0025300521932207776,4132.9560546875,4169.300561523438,4070.3298291015626,0.01146659175096313,0.02897816846600554,47.45595571979196,18.67073824830277,31.104076682229483,0,2021-05-17
-0.008517292959364653,4128.10205078125,4168.945068359375,4076.4594287109376,0.011588231979417699,0.06620525811808342,44.37968103746615,14.899323338003342,27.863126013384257,0,2021-05-18
-0.002943411456817757,4138.630078125,4166.058081054687,4081.2642333984377,0.011592089464222756,-0.034264406625513,39.943736018585156,10.8054952488028,24.451599860467965,1,2021-05-19
0.010554741756143349,4147.9541015625,4167.265087890625,4086.4704345703126,0.011828599239646458,-0.0632308797042932,47.74730822338753,10.940235003360613,21.749326889046497,0,2021-05-20
-0.0007838806801412357,4144.3560546875,4166.049584960938,4090.800830078125,0.011466315763903176,0.00411422309795717,46.176038122414276,10.661048060667781,19.531671123370753,1,2021-05-21
0.009911292190138532,4151.1080078125,4166.521069335938,4095.8750244140624,0.011562377237579058,-0.07770477441962331,53.27585014864638,13.606625718478426,18.34666204239229,0,2021-05-24
-0.0021252837802967495,4163.16796875,4166.591552734375,4100.258823242188,0.011178878504138666,0.1350005427702996,52.05252464532397,15.047792500598916,17.686888134033616,1,2021-05-25
0.0018768165702687245,4179.22998046875,4167.2320556640625,4104.924428710938,0.007963692990623722,0.057060194871181746,49.40636899650103,16.63246355139836,17.476003217506566,1,2021-05-26
0.0011653145418315525,4187.58193359375,4166.7025390625,4109.459624023438,0.007329277699563052,0.44909961568824386,46.46058826926618,18.074528625513267,17.59570829910791,1,2021-05-27
0.0007688818911402162,4197.23193359375,4167.849536132812,4115.232622070313,0.005796608971370496,-0.27427021171313903,51.92549384551917,19.256036414700247,17.927773922226375,0,2021-05-28
-0.0004923335226864056,4198.22998046875,4168.318530273437,4121.011420898438,0.005704049021274173,0.09150293058020109,56.696159088855694,19.797162962399852,18.30165173026107,1,2021-06-01
0.0014469348384307246,4202.22802734375,4170.491528320313,4126.362021484375,0.004639013346828056,0.14956637574462972,75.02071558013729,20.48053429079755,18.737428242368367,0,2021-06-02
-0.0036287033416374515,4201.6,4171.754541015625,4132.008623046875,0.00472342768821623,-0.04211756921457677,65.70994873361528,19.56442155937657,18.90282690577001,1,2021-06-03
0.008834095710505974,4207.40205078125,4173.168041992188,4138.823627929687,0.004391565264113791,-0.25916030329439854,62.107868373745646,21.57847399918228,19.437956324452465,0,2021-06-04
-0.0007967387044511831,4211.88408203125,4172.864038085938,4145.163627929687,0.0043923742570419295,0.0814364979866129,64.09935913488654,22.641685519694875,20.07870216350095,1,2021-06-07
0.00017502486450582388,4216.92802734375,4174.805517578125,4150.218022460937,0.003316288959780293,0.040809306398148726,76.23339413989632,23.275672176923763,20.718096166185514,0,2021-06-08
-0.0018238673194856947,4219.21396484375,4178.178002929688,4155.187216796875,0.003288786348211675,0.011511668333469283,78.06228118082544,22.892095925584727,21.152896118065357,1,2021-06-09
0.004652243012262192,4228.47998046875,4186.985009765625,4160.799819335937,0.003504257937156194,-0.06472165762126425,74.82324585706456,23.896650164343555,21.701646927320997,1,2021-06-10
0.0019484346695590737,4231.98994140625,4193.732006835938,4166.2908203125,0.0035163453925226166,-0.13456709185814653,77.54126284875184,25.070266268336127,22.375370795524024,1,2021-06-11
0.0018152018730952513,4237.71591796875,4197.7969970703125,4170.996416015625,0.003520684717267252,0.08812296691227539,71.87836709777775,26.31910464376233,23.164117565171686,0,2021-06-14
-0.0020116937805257917,4241.58193359375,4201.961987304688,4174.370014648437,0.0036334360636214582,-0.024633840817113173,72.0737031519639,26.314752774936096,23.79424460712457,0,2021-06-15
-0.005390124612855707,4242.41201171875,4206.7554931640625,4177.365219726563,0.004158144855016439,0.12087361136494978,59.39644210135905,24.18550510748082,23.872496707195822,0,2021-06-16
-0.00043571559205179966,4238.94794921875,4212.064477539063,4180.20341796875,0.003932830124965706,0.17061927793140685,57.26454108632508,22.094865717580433,23.516970509272745,0,2021-06-17
-0.013124468779900589,4222.75,4212.430981445313,4181.5890234375,0.004896636065951519,0.2831584059269521,40.42126703014195,15.784962588754752,21.970568925169147,1,2021-06-18
0.014002289962720793,4216.67802734375,4215.877490234375,4183.508828125,0.006941774845871658,-0.3943165698744757,54.49872160297855,15.3153113472099,20.639517409577298,1,2021-06-21
0.005124491902218642,4216.648046875,4218.346997070313,4185.877822265625,0.00713103492303443,-0.07279332517952508,57.138049526761655,16.499875246957345,19.811588977053308,0,2021-06-22
-0.0010832833431588806,4220.2759765625,4221.032495117188,4187.882822265625,0.007108309185683225,-0.025608676232045324,59.50336351116088,16.872960252848316,19.22386323221231,1,2021-06-23
0.005811249724885448,4229.20205078125,4224.5574951171875,4190.719423828125,0.0071915935878846225,0.02313723913305732,57.45845248827356,18.93939180016696,19.16696894580324,1,2021-06-24
0.0033305973193167304,4252.05205078125,4228.548510742187,4192.925029296875,0.007232154803832488,0.9235273773403971,60.573816888604284,21.47611548837631,19.628798254317854,1,2021-06-25
0.0023149642620619026,4265.216015625,4232.873510742187,4195.027822265625,0.007241640551938917,-0.4350039842265493,61.93619969198329,24.009349834328532,20.50490857031999,1,2021-06-28
0.00027733619326086867,4274.28798828125,4237.361499023437,4197.598623046875,0.007176887057061754,-0.10625643399415119,63.95598011031382,25.81539087471174,21.56700503119834,1,2021-06-29
0.0013281596467464851,4285.42001953125,4241.830493164062,4200.84982421875,0.0068086397339221704,0.15076001780343384,61.905920114833684,27.390904240399323,22.73178487303854,1,2021-06-30
0.0052216268542757405,4296.1099609375,4248.184985351562,4203.780224609375,0.006841384234435195,-0.11200316921547848,63.990758259899444,30.10321454802761,24.206070808036355,1,2021-07-01
0.007500081663913916,4310.437890625,4254.307470703125,4208.127421875,0.004307526243785608,-0.1484571950488751,67.1235940750274,34.46979500965426,26.25881564835994,0,2021-07-02
-0.0020218560598241897,4321.02392578125,4260.158471679688,4211.39482421875,0.0031587478293457322,0.33595280609081657,67.0669357666944,36.796108159678624,28.366274150623678,1,2021-07-06
0.003358975310182588,4334.28994140625,4266.701977539063,4214.80501953125,0.003060995575170173,-0.06315943353977316,74.3770962680673,39.36325148907508,30.56566961831396,0,2021-07-07
-0.008561024934316985,4338.95390625,4271.765478515625,4217.48701171875,0.004592192571495453,0.07681219008366802,65.89977656997252,37.9496610873739,32.04246791212595,1,2021-07-08
0.011277947808795874,4348.87587890625,4278.283959960938,4221.214404296875,0.005374162411314236,-0.1877814836112709,83.34755057275164,40.296964358905825,33.69336720148193,1,2021-07-09
0.0034511743312370946,4355.33388671875,4285.14345703125,4224.67759765625,0.005376610356635665,-0.0415335644214867,80.59021418158711,42.87976415872163,35.53064659292987,0,2021-07-12
-0.0035168126585656267,4360.46787109375,4290.846459960938,4228.4383984375,0.0056954546445749914,0.09188171820615398,74.0697413943301,43.18458773654038,37.06143482165197,1,2021-07-13
0.0011649345752446916,4363.70185546875,4297.231958007813,4232.07119140625,0.005675422899119254,0.0841417642872413,75.91973308058031,43.337304995669,38.31660885645538,0,2021-07-14
-0.0032622408541723713,4371.54384765625,4304.0484375,4235.978583984375,0.005909455109343354,-0.02524479765972687,69.0788674322023,41.82473371191554,39.01823382754742,0,2021-07-15
-0.007538854211077806,4363.06591796875,4309.313452148437,4239.169990234375,0.006367226609421661,0.02060570056053046,58.80594528560323,37.54095693910949,38.72277844985984,0,2021-07-16
-0.015869512427409305,4337.83798828125,4313.915454101562,4240.307392578125,0.007560924368253112,0.294041197280277,45.02112470311126,28.27896191694981,36.634015143277836,1,2021-07-19
0.015162609437855634,4328.6080078125,4318.828955078125,4242.116591796875,0.009337778626366616,-0.13947991918815894,54.049896065677885,25.851014906589626,34.477415095940195,1,2021-07-20
0.008241819990835397,4325.48603515625,4324.441455078125,4245.521787109375,0.009679525544550567,-0.14149432098542902,57.35688312420233,26.496448613924258,32.88122179953701,1,2021-07-21
0.0020166699583279435,4326.97607421875,4330.723461914063,4249.829384765625,0.009199410285932018,-0.11862120369106732,55.909724380390024,27.401376160395557,31.785252671708722,1,2021-07-22
0.010145452020822843,4343.90205078125,4337.988452148437,4256.804384765625,0.0090663762487616,0.35189530417175363,57.177740362394715,31.33280411271153,31.694762959909287,1,2021-07-23
0.0023821998626283314,4376.66396484375,4345.068432617188,4263.000380859375,0.00904052319740175,-0.05824579797227791,59.46998607389525,34.89429957691664,32.33467028331076,0,2021-07-26
-0.0047124448070912095,4392.3439453125,4350.6109375,4267.552578125,0.009112934972712197,-0.007877201722319316,55.13281461481332,35.62455151238282,32.992646529125174,0,2021-07-27
-0.0001862618826539153,4400.733984375,4356.052954101562,4272.299580078125,0.009116495568305466,-0.006284845413076501,60.35018095341811,35.725309341666616,33.539179091633464,1,2021-07-28
0.004206152980007483,4411.06796875,4362.13544921875,4278.1259765625,0.009067263522964494,-0.04049306216179671,56.97849041308574,36.87368712852276,34.20608069901132,0,2021-07-29
-0.0054060480514769305,4407.7619140625,4365.901440429688,4283.717568359375,0.008856677385791253,-0.021722790881669396,51.459393074821214,35.44743446398297,34.45435145200565,0,2021-07-30
-0.001842805614891363,4400.733984375,4367.6424560546875,4288.278369140625,0.006608203017539444,-0.05879840474734255,52.51496170296607,33.27991798790208,34.21946475918494,1,2021-08-02
0.0082034265474622,4405.07197265625,4371.62294921875,4293.624169921875,0.005450065264000498,0.06474064805093316,56.298880940478426,34.07343989032688,34.190259785413325,0,2021-08-03
-0.004632387901412294,4405.4759765625,4373.849462890625,4297.736376953125,0.005412240896740385,0.07454119474728826,55.41011318809201,32.67233411534289,33.88667465139924,1,2021-08-04
0.006005446813494242,4407.466015625,4379.2634765625,4302.55578125,0.00563641175856176,-0.11531980210103365,63.15156875418126,33.31143649367095,33.77162701985358,1,2021-08-05
0.001675266241764728,4415.71806640625,4382.611987304687,4307.366376953125,0.0047447789312852935,-0.0842413003626562,77.27939977165227,34.02444282006854,33.82219017989657,0,2021-08-06
-0.0009399082741974318,4424.7560546875,4384.997998046875,4311.99578125,0.004719975336154584,-0.0007503179436073593,70.55033236622718,33.86267973168924,33.83028809025511,1,2021-08-09
0.0009926793341701323,4427.47607421875,4388.375,4316.648583984375,0.004388396445059198,0.12678877910752395,66.63129576110907,33.70103214591745,33.80443690138758,1,2021-08-10
0.0012757437876824707,4435.42607421875,4391.780517578125,4321.455986328125,0.004375944214776173,-0.09109481013016485,66.18024465902309,33.64185026651285,33.771919574412635,1,2021-08-11
0.004146380281677686,4441.7720703125,4396.820532226562,4326.510185546875,0.0043710461043659134,-0.04451445976855317,61.9227043505513,34.68149526536672,33.95383471260345,1,2021-08-12
0.001607306655808216,4448.06806640625,4403.862524414062,4332.01318359375,0.0037579476680714573,-0.10631319789885962,61.29412957224362,35.67276080987722,34.297619932058204,1,2021-08-13
0.002620850702215849,4457.5400390625,4414.923510742187,4337.009580078125,0.0035568068686257846,0.11741207437832957,70.2522431441931,36.97699410831319,34.833494767309205,0,2021-08-16
-0.00706069881494753,4459.8060546875,4421.17451171875,4341.44078125,0.0039028071926968826,0.13834761350960045,60.589341884123996,35.05425753249165,34.877647320345694,0,2021-08-17
-0.010748470745585936,4451.37802734375,4423.253515625,4344.900986328125,0.005103136587132557,-0.02120689295692424,46.273199731665756,29.33445346096414,33.76900854846939,1,2021-08-18
0.0012566922329095842,4440.37197265625,4425.169506835938,4348.625986328125,0.004681320045534712,0.17116351891447157,52.24314876318184,24.959952181367044,32.00719727504892,1,2021-08-19
0.008141567655737925,4435.10595703125,4426.663500976562,4352.67578125,0.005408035704654649,-0.16956127327829829,60.374552997241786,24.10962631423172,30.42768308288548,1,2021-08-20
0.00852379036424833,4435.069921875,4429.525,4357.317578125,0.005996215260224118,-0.020828941496628395,60.65463645456928,26.188823046868492,29.579911075682084,1,2021-08-23
0.0014957363013194946,4442.69990234375,4433.763500976563,4361.9391796875,0.005997552510239199,0.11259237305432923,66.66134493211868,28.053863725038354,29.27470160555334,1,2021-08-24
0.002220118224179668,4461.88388671875,4438.540991210937,4366.931181640625,0.006007600928612457,-0.13432783309291774,64.31649668865893,29.989902579301997,29.417741800303073,0,2021-08-25
-0.005824918819612557,4474.72392578125,4441.08349609375,4371.857177734375,0.006288900683220693,-0.052463204342903635,56.61451610724917,29.075750770841296,29.34934359441072,1,2021-08-26
0.008807632480425154,4488.26396484375,4446.789013671875,4377.6073828125,0.006851964394744858,0.020594488936819477,63.35855365118725,31.168823508276546,29.713239577183888,1,2021-08-27
0.004306570844779589,4498.116015625,4453.8705078125,4384.8541796875,0.006918238615915637,-0.04879322766570604,65.17311215503946,34.00266260018998,30.57112418178511,0,2021-08-30
-0.0013491160395050494,4505.4060546875,4458.847021484375,4390.811982421875,0.0063836802384708595,0.3541086768539383,63.21319317964439,35.34801567141676,31.52650247971144,1,2021-08-31
0.0003116886257619189,4510.98603515625,4464.918505859375,4396.36498046875,0.004736026900534717,-0.05438959985643399,61.030886755375136,36.111692979185136,32.44354057960618,1,2021-09-01
0.002842638410522902,4524.37607421875,4470.311010742187,4402.2671875,0.004705469869248633,-0.07920213736093107,61.789192113488824,37.324383382232554,33.41970914013146,0,2021-09-02
-0.0003350311257153127,4529.5880859375,4475.256518554687,4407.645986328125,0.00442072919663607,-0.13877446138774463,59.87107868663575,37.72789272819864,34.281345857744896,0,2021-09-03
-0.003395574405981705,4527.83603515625,4479.6405029296875,4412.432578125,0.004090811194066233,0.18816607770556915,63.52385969613924,36.38556384423191,34.7021894550423,0,2021-09-07
-0.001318566739775151,4526.11396484375,4483.506494140625,4416.90177734375,0.004142364026367772,-0.018854500177872602,75.38359327350352,34.44379289061999,34.65051014215784,0,2021-09-08
-0.004605608657393345,4519.951953125,4486.049975585937,4420.931376953125,0.004404663026649813,-0.004129697564304924,68.26911507077843,30.871475860546525,33.89470328583558,0,2021-09-09
-0.007722578759925436,4504.2779296875,4485.937475585937,4424.152978515625,0.004711042504189157,-0.030039701343099412,53.5488260755509,24.952772488502887,32.10631712636904,1,2021-09-10
0.0022764876184568905,4490.937890625,4485.973974609375,4427.128779296875,0.003649612985292707,0.08032722635916523,47.43521357372457,20.840928466734113,29.85323939444206,0,2021-09-13
-0.00574663850657553,4475.54189453125,4484.140966796875,4428.942978515625,0.0034346895889192,-0.06227549805580679,40.59337484602932,15.333333760954702,26.94925826774459,1,2021-09-14
0.008473996979569742,4468.86796875,4485.77197265625,4431.686181640625,0.004760064438370605,0.0985053644502325,46.98889641909991,13.846977801886169,24.328802174572907,0,2021-09-15
-0.0015511404489350067,4464.96201171875,4489.445971679687,4433.998583984375,0.004742843041415206,-0.011770774946552875,50.787912114969515,11.97022205059966,21.857086149778258,0,2021-09-16
-0.009110872450405094,4459.84404296875,4490.805493164063,4436.2419921875,0.005127225843705531,0.8294441544361235,34.04500112196814,7.111925306137891,18.908053981050184,0,2021-09-17
-0.01697731100841482,4437.64404296875,4486.60849609375,4436.005595703125,0.006834093966466741,-0.3280677903788036,21.026479933705062,-2.7791471022001133,14.570613764400125,0,2021-09-20
-0.0008123585165593639,4419.8720703125,4480.34150390625,4435.396796875,0.006906563154320303,-0.19949694471495916,21.21113017012955,-10.779287893179571,9.500633432884186,1,2021-09-21
0.009519611195260236,4402.86005859375,4475.81201171875,4435.925400390625,0.008075001581283317,0.0046545198575844715,30.694205729835573,-13.617795292600931,4.876947687787163,1,2021-09-22
0.012134715784494876,4397.9060546875,4473.451513671875,4437.41900390625,0.009266276236576543,-0.005793098546140407,38.212514050402184,-11.431478280265765,1.6152624941765772,1,2021-09-23
0.001461009046688222,4402.40400390625,4472.725512695312,4439.3280078125,0.00897103821575151,-0.13585609049242275,39.4282371657464,-9.069760070826305,-0.5217420188239994,0,2021-09-24
-0.0027763826213396126,4419.47998046875,4469.4125,4441.647001953125,0.008968788340391774,0.19926188358562658,39.7467606345173,-8.10284193228199,-2.0379620015155977,0,2021-09-27
-0.020364110556098214,4419.16796875,4460.6044921875,4443.529794921875,0.010896046549447166,0.08818203097088939,32.43769540732367,-14.470721126857825,-4.524513826584044,1,2021-09-28
0.0015691842194003325,4411.93193359375,4452.4434814453125,4444.25779296875,0.010364347905144667,-0.15937553067439514,34.98635387027467,-18.750042227999984,-7.369619506867232,0,2021-09-29
-0.011909714125195148,4383.6439453125,4441.615991210938,4443.234794921875,0.010748320956155952,0.1981005532421498,33.68478237937509,-26.03087113512902,-11.10186983251959,1,2021-09-30
0.01149147763018199,4363.95595703125,4432.6204833984375,4443.02599609375,0.011546487624491418,-0.09841641674947277,38.880619579240665,-27.489858214673404,-14.379467508950354,0,2021-10-01
-0.012985898136748442,4335.4259765625,4420.87197265625,4440.79939453125,0.011015172344548733,0.0741826813984745,36.6271252880427,-32.8331750281086,-18.070209012782005,1,2021-10-04
0.010524514660609219,4334.04404296875,4412.156494140625,4439.267802734375,0.011633249461576484,-0.09400933640058773,37.518973991297024,-33.03486253297251,-21.063139716820107,1,2021-10-05
0.004102792854185466,4334.86201171875,4404.6304931640625,4438.509599609375,0.011253746162907885,0.02734896448529156,40.011224039981656,-31.394110675652882,-23.129333908586663,1,2021-10-06
0.008298280656405366,4353.30595703125,4399.9544921875,4438.4919921875,0.010825784539115929,-0.041372894755875245,46.962870403427345,-26.86230979327229,-23.87592908552379,0,2021-10-07
-0.0019137230947889883,4360.16591796875,4396.59248046875,4437.935791015625,0.01079104824943195,-0.1466228204821346,53.499350795263084,-23.677305037353108,-23.836204275889653,0,2021-10-08
-0.006865763848056816,4372.3119140625,4391.215478515625,4437.25439453125,0.010925800914468932,0.0005518023511048575,50.690553444674805,-23.317224517688373,-23.7324083242494,0,2021-10-11
-0.0024167805585421087,4373.2978515625,4386.595483398438,4436.524189453125,0.008807142176818026,0.08424208630791874,45.27343685877969,-23.610187630997643,-23.70796418559905,1,2021-10-12
0.00302251448379387,4373.3478515625,4380.750463867187,4435.3371875,0.008848003671193636,0.017316528263710218,40.22579687246119,-22.521660109661752,-23.47070337041159,1,2021-10-13
0.01706310194558336,4381.0478515625,4378.9759521484375,4436.0491796875,0.009202300045676428,-0.006019220622805688,48.29062687516298,-15.4723421180488,-21.871031119939033,1,2021-10-14
0.007460210377712606,4397.05390625,4380.894946289062,4436.894580078125,0.00887294593123853,0.06144602421156775,52.69432700248498,-7.131767588373805,-18.923178413625987,1,2021-10-15
0.00337476955709759,4422.10791015625,4387.3314453125,4437.89337890625,0.006980361065317617,-0.041203022480088336,64.90147381515223,0.6878924999846276,-15.000964230903865,1,2021-10-18
0.007393339551406308,4455.90390625,4395.603442382812,4439.638974609375,0.006734269508101131,-0.05540126870216089,66.84617265031358,9.452601237303497,-10.110251137262393,1,2021-10-19
0.0036640298040166996,4490.38193359375,4402.630932617188,4441.6277734375,0.006734606306383017,0.061180123325807356,75.98118468986807,17.53284664595958,-4.581631580617999,1,2021-10-20
0.002995871849622578,4512.6859375,4407.670922851563,4443.775166015625,0.00655693132934719,0.04129117675903626,73.84686764849808,24.747808827716653,1.2842565010489317,0,2021-10-21
-0.0010725536274130976,4527.39189453125,4412.141918945313,4445.4565625,0.006486523487527316,-0.016772492171005626,84.68025853648399,29.729252263392482,6.973255653517642,1,2021-10-22
0.004748196569493546,4543.3958984375,4418.3104248046875,4447.426162109375,0.00537670901245886,0.03756565608186846,83.57672690112854,35.014785378085435,12.5815615984312,1,2021-10-25
0.0018197952535197182,4554.4279296875,4429.418432617187,4449.327763671875,0.004906722141988404,-0.005041801302764548,83.08696436929647,39.419754340060535,17.949200146757068,0,2021-10-26
-0.005051568068462853,4557.5259765625,4439.029443359375,4451.399765625,0.005850409146406316,0.0892611360555089,74.81389558373861,40.578191021850216,22.474998321775697,1,2021-10-27
0.009829281576461124,4566.85400390625,4453.4734375,4455.322763671875,0.004341197219107863,-0.022030028040368688,79.94399101118469,44.592351175780095,26.898468892576577,1,2021-10-28
0.001949334719149265,4578.95,4465.8904296875,4459.314365234375,0.004129516010338476,0.09127862664682618,88.00627432860276,47.94392822386544,31.10756075883435,1,2021-10-29
0.0018000771431341267,4588.38798828125,4481.550927734375,4462.754365234375,0.004142160566823077,-0.11943151079774728,91.22577149320921,50.68475178249173,35.022998963565826,1,2021-11-01
0.0036803630854131963,4599.5599609375,4495.797412109375,4465.776767578125,0.0038408822947936243,0.0009341464520060683,91.32986969772595,53.60904501501955,38.74020817385657,1,2021-11-02
0.006461279195357994,4621.337890625,4510.648413085937,4469.263564453125,0.004037080406990699,0.08663857619017667,89.94222168415105,57.67600305315409,42.52736714971608,1,2021-11-03
0.004181942361150437,4638.06591796875,4524.663427734375,4472.940966796875,0.004063552467567892,0.03302111740275859,89.42463974260345,61.759866331713056,46.37386698611547,1,2021-11-04
0.003732799652949259,4656.4958984375,4539.972924804688,4477.4915625,0.0038274412195989363,0.0010936064361428688,89.51888494963586,65.64925459389815,50.22894450767201,1,2021-11-05
0.0008877879113036169,4674.101953125,4556.9984375,4481.3381640625,0.0038613749205407694,-0.04420462125994473,88.2420629874099,68.28103874802946,53.8393633557435,0,2021-11-08
-0.003498775895770745,4685.02197265625,4573.728442382812,4484.46736328125,0.00436463511063968,-0.035747158472121066,81.32304263689178,68.25258011168808,56.72200670693242,0,2021-11-09
-0.008225823395229703,4682.25,4587.873950195312,4486.947958984375,0.005031098606121859,0.09391121863068008,68.43549115061506,64.37805720801043,58.25321680714803,1,2021-11-10
0.0005509400447352153,4676.0919921875,4598.424462890625,4489.4515625,0.00423585566360674,-0.1280830069364881,70.02724642460949,60.813030465224074,58.76517953876324,1,2021-11-11
0.007222656026415475,4673.1560546875,4608.998461914062,4492.369560546875,0.004653775865887556,-0.05049059429010894,71.34680701653816,60.005645027539686,59.013272636518536,0,2021-11-12
-1.0739820344718431e-05,4669.3759765625,4618.815454101563,4495.316953125,0.004683689180987118,-0.06441828031969099,70.43236013508022,58.685241099908126,58.94766632919646,1,2021-11-15
0.003865229864862485,4672.50595703125,4627.878955078125,4498.93435546875,0.004693613394891592,0.13881109158613802,78.77348186981214,58.42584135596826,58.84330133455082,0,2021-11-16
-0.002601625374463401,4680.89794921875,4635.502954101563,4502.426357421875,0.004503933013094738,-0.0008986467437270829,70.33810725389047,56.58117540687272,58.390876149015206,1,2021-11-17
0.0033847802152713324,4691.951953125,4643.240966796875,4506.6515625,0.004440301537166647,0.06483634705359198,71.2151602523923,55.75711684169073,57.86412428755031,0,2021-11-18
-0.001398665559303236,4694.97392578125,4650.893969726562,4511.43916015625,0.004324125482261743,0.006333980848994836,68.16664491768361,53.95117165567444,57.081533761175145,0,2021-11-19
-0.0031971365563219223,4695.001953125,4656.716967773437,4515.723359375,0.004424565279561425,0.04418341100070999,61.3658555223475,50.72325097290468,55.809877203521054,1,2021-11-22
0.001657132912945114,4692.96201171875,4662.512475585938,4520.6763671875,0.004321372895733048,-0.03681745513498913,57.247352139077,48.23526213450532,54.29495418971791,1,2021-11-23
0.0022938506357221833,4695.52001953125,4670.00146484375,4525.0915625,0.003196813032926235,-0.2008514139971339,55.37304979146285,46.5946224148538,52.75488783474509,0,2021-11-24
-0.022724822637582465,4673.53603515625,4669.911474609375,4527.50896484375,0.00822387398081803,0.029039646855427703,32.1653965078672,36.25539153860427,49.45498857551693,1,2021-11-26
0.013200199537034996,4664.998046875,4672.405981445312,4531.954560546875,0.009073489166226195,0.23274014270688226,43.2708080635094,32.57985652009029,46.079962164431606,0,2021-11-29
-0.01896131033450521,4641.81005859375,4670.072485351562,4536.1399609375,0.010768299524401,0.5279897426673217,35.81489829293322,22.287400386054287,41.32144980875614,0,2021-11-30
-0.011815187417889228,4606.27802734375,4664.1919921875,4539.316962890625,0.010887805757743604,-0.1900485814195313,34.53719351835953,9.665024475358223,34.99016474207656,1,2021-12-01
0.01419443613158311,4581.4060546875,4660.018505859375,4542.946162109375,0.012330256112808885,-0.05395277943924881,42.69136437359073,4.775759994680811,28.94728379259741,0,2021-12-02
-0.008448563730297565,4570.16806640625,4652.93701171875,4544.735166015625,0.012287908859127878,0.03208277035677276,35.52385315353412,-2.194065032854269,22.719014027507075,1,2021-12-03
0.011730872577451423,4557.448046875,4647.644018554687,4547.45896484375,0.01320683783564288,-0.08955414717742316,41.745627660289635,-3.382705294437983,17.498670163118064,1,2021-12-06
0.020707080374404274,4581.398046875,4646.896508789063,4552.331767578125,0.015043349100189046,-0.058354992873312694,48.875188154367706,3.3093087703555284,14.660797884565557,1,2021-12-07
0.0030852853123166657,4619.03203125,4647.694506835937,4559.303369140625,0.015065657584917125,-0.05738580714094921,50.99331805826085,9.66812796974773,13.662263901601992,0,2021-12-08
-0.007181080169894716,4637.10205078125,4648.731518554688,4565.463173828125,0.015225257593125645,-0.07810891229395933,47.14302048479888,11.84684401092727,13.29917992346705,1,2021-12-09
0.009549073338481762,4671.82001953125,4651.8690185546875,4573.5527734375,0.013320773863642865,-0.008640210664371484,51.0231463090339,16.974236071911946,14.03419115315603,0,2021-12-10
-0.009136167611567658,4687.280078125,4651.175024414062,4579.791376953125,0.013219265623003355,0.13620284694750273,49.023272137344115,17.363812542660526,14.700115431056929,0,2021-12-13
-0.0074706775774360246,4676.748046875,4648.739526367188,4586.463974609375,0.011772179498552547,0.02005808201981707,46.186566113598474,14.688678322319902,14.697828009309525,1,2021-12-14
0.016348464630746795,4678.47607421875,4649.187036132813,4593.746572265625,0.011594586904237255,0.09468434464477204,50.51967431363855,18.468936115744327,15.452049630596486,0,2021-12-15
-0.008743415379980468,4678.72001953125,4648.187036132813,4599.848974609375,0.011696455988356617,-0.016421153818737988,54.99263880914631,17.93517607829108,15.948674920135405,0,2021-12-16
-0.010287680637092622,4660.44404296875,4643.992041015625,4604.26658203125,0.011892585381210982,0.6538130241225799,47.624737931450234,13.48116269086131,15.455172474280587,0,2021-12-17
-0.01138805785140995,4640.25400390625,4637.495043945312,4607.800185546875,0.01200712202776369,-0.4196008809215872,50.0735605340868,5.640303392979149,13.4921986580203,1,2021-12-20
0.017777934551572505,4643.28203125,4635.809545898437,4613.560986328125,0.011456712302683213,-0.12150700002157167,59.45015575374037,5.911190531897773,11.975997032795796,1,2021-12-21
0.010180197220578835,4640.6240234375,4636.1025390625,4620.479189453125,0.011930149307240887,-0.18485768938938174,58.486302814360954,9.831678818436558,11.547133389923948,1,2021-12-22
0.006223699921661829,4652.048046875,4637.31904296875,4627.718994140625,0.011790278439799785,-0.12247523052406761,63.49077546301993,15.122980860171992,12.262302883973557,1,2021-12-23
0.01383893524747526,4686.1580078125,4647.147534179688,4634.77759765625,0.012194660012405276,-0.04900378985527143,64.11911253010466,24.3133324375558,14.672508794690007,0,2021-12-27
-0.0010101548486260992,4729.8240234375,4653.7015380859375,4641.077197265625,0.011648314019442305,-0.022513888437672547,58.08022829563398,30.850590924822427,17.908125220716492,1,2021-12-28
0.0014018951394270118,4758.5900390625,4665.004541015625,4647.20919921875,0.011126721895012407,0.09431223965257463,57.546389419994846,36.15606849333744,21.557713875240683,0,2021-12-29
-0.0029897555945093135,4775.0240234375,4678.289038085937,4652.391201171875,0.010281196728908662,0.05454711116960431,59.44425428014709,38.75760658413128,24.997692417018804,0,2021-12-30
-0.0026261799136575448,4783.10205078125,4687.7430419921875,4656.991005859375,0.009773424277570058,-0.1430838893422295,54.86072523492921,39.35304253108734,27.868762439832512,1,2021-12-31
0.006374052530970564,4784.17607421875,4700.6495361328125,4661.926611328125,0.008796004768667577,0.430648811346543,61.71731086226967,41.794550890172104,30.65392012990043,0,2022-01-03
-0.000629621957060511,4785.6140625,4710.7430419921875,4666.8994140625,0.007258444914497108,0.22243423422482778,65.55339003071109,42.99020914747234,33.12117793341481,0,2022-01-04
-0.019392757790687165,4767.11806640625,4711.434545898437,4669.581416015625,0.00917050705346342,0.04372892720101973,49.125122464421956,36.021452104503624,33.701232767632575,0,2022-01-05
-0.0009637690162076495,4750.58203125,4711.176538085938,4672.006611328125,0.0086094231548022,-0.12125303807723464,52.77607802366454,29.789709507681437,32.91892811564235,0,2022-01-06
-0.004050216740091761,4732.751953125,4711.655517578125,4674.513603515625,0.0083976125535529,-0.02648721387197106,56.07477028798428,23.050539709870463,30.945250434487974,0,2022-01-07
-0.0014410312534549607,4707.49794921875,4709.569018554687,4675.991005859375,0.006592811392065443,0.07899060387276369,62.22595803052856,16.97023559630179,28.15024746685074,1,2022-01-10
0.009159984668711818,4691.40390625,4711.773999023438,4678.1448046875,0.007566337092307208,-0.09092138188443222,58.403974957255066,15.425704003020655,25.605338774084725,1,2022-01-11
0.002817754443029452,4696.55791015625,4716.38701171875,4680.398408203125,0.007639889662184679,-0.01301202704317106,54.30778833444423,15.099204436312903,23.504111906530362,0,2022-01-12
-0.0142436152864307,4689.15390625,4713.84599609375,4680.966005859375,0.008664481484423666,0.05027147734065829,41.30408512424553,9.301047887624009,20.663499102749093,1,2022-01-13
0.0008199802697488323,4686.31796875,4713.555004882813,4681.011611328125,0.008727190778219032,0.0204058112815253,30.08878384315865,4.957092068707425,17.52221769594076,0,2022-01-14
-0.018387945694007368,4667.68193359375,4711.378491210938,4678.952607421875,0.009515639911375528,0.09455133007106165,24.051305900105845,-5.342460013848722,12.949282153982864,0,2022-01-18
-0.009689541868338813,4631.619921875,4709.615478515625,4675.65720703125,0.009523619684972461,-0.059586834291490254,20.475497922576523,-16.888926444112258,6.9816404343638405,0,2022-01-19
-0.01103737849414832,4582.8958984375,4701.290478515625,4671.277802734375,0.008482575774917744,0.039216344883490795,18.94152558524624,-29.73381689118105,-0.3614510307451374,0,2022-01-20
-0.018914821867908604,4530.6779296875,4686.35947265625,4665.5316015625,0.009448150231009393,0.20432160349244866,16.448015859598414,-46.22250834169154,-9.533662492934416,1,2022-01-21
0.002771738943381896,4480.13388671875,4670.57646484375,4660.8,0.009880803092650622,0.23957524467266644,13.583542930345686,-57.64182958428046,-19.155295911203627,0,2022-01-24
-0.012171906253646725,4436.001953125,4648.8394775390625,4654.943603515625,0.009935608862392213,-0.25736600602473114,12.399610201955724,-70.21384460813988,-29.36700565059088,0,2022-01-25
-0.0014966358477518371,4399.43603515625,4627.018481445312,4648.285205078125,0.008489396041260531,0.08271834092963148,14.565823013408263,-79.78367167367742,-39.45033885520819,0,2022-01-26
-0.00538408875771057,4368.1919921875,4603.690966796875,4641.159404296875,0.007691899392852295,-0.06398546666092231,14.03017819086746,-88.2404786272482,-49.208366809616194,1,2022-01-27
0.024347646888076113,4374.9740234375,4586.34697265625,4635.778408203125,0.012695762393662663,-0.03511756357638751,29.56839262956929,-85.45737521085994,-56.458168489864946,1,2022-01-28
0.018885951732779516,4396.0580078125,4573.815454101563,4632.316005859375,0.014725538487344463,0.013420551013796134,38.570962827895805,-75.62610815323933,-60.29175642253983,1,2022-01-31
0.00686300355780145,4434.0759765625,4561.314453125,4629.156005859375,0.013959231258643947,-0.055266043098020856,37.48218966710735,-64.58955705364133,-61.15131654876013,1,2022-02-01
0.00942251544733641,4481.96591796875,4551.1064453125,4626.984404296875,0.013881963636400013,-0.06959971599578973,40.142211639088586,-51.78919977271744,-59.278893193551596,0,2022-02-02
-0.024391082077444004,4512.151953125,4539.949438476562,4622.874404296875,0.015723771032800725,-0.017763824365513936,37.719638882835035,-50.099921448017994,-57.443098844444876,1,2022-02-03
0.0051569298644233985,4525.887890625,4530.1734375,4619.07099609375,0.014284168090533697,0.06913268377567316,39.30160769386234,-46.36354865575413,-55.22718880670673,0,2022-02-04
-0.0037017126347429485,4519.551953125,4520.515454101563,4614.71919921875,0.014411586950808972,-0.10152583032494811,43.23898491478051,-44.236807888316434,-53.029112623028674,1,2022-02-07
0.008401207191663262,4514.551953125,4513.077954101563,4613.25759765625,0.013651260959303746,0.05466266838201905,49.17847458984509,-39.06142681965957,-50.23557546235486,1,2022-02-08
0.014517207887505545,4514.11201171875,4506.783471679688,4611.89580078125,0.013896602167078788,0.014514689592386887,57.47707390458774,-29.32524639434814,-46.05350964875352,0,2022-02-09
-0.01811572566845976,4519.4400390625,4495.669970703125,4610.63740234375,0.015487710850610261,0.17472344093626702,57.61647646644546,-27.992061584766816,-42.44122003595618,0,2022-02-10
-0.01896945434456343,4503.062109375,4483.65048828125,4608.749404296875,0.015263470041006928,-0.011921292376468995,50.552592514620926,-33.4442675403252,-40.64182953682999,0,2022-02-11
-0.0038405967262932217,4486.6220703125,4470.591479492187,4605.24080078125,0.013721051762373334,-0.12398552794439688,53.083217919352265,-38.688556951271494,-40.25117501971829,1,2022-02-14
0.01576672117072042,4476.52802734375,4465.289477539062,4603.89359375,0.01465103510191031,-0.03685774466947367,57.607361135471336,-36.82026092443448,-39.56499220066153,1,2022-02-15
0.0008812077558950637,4454.0939453125,4462.4019775390625,4601.560390625,0.014180036307189928,-0.033219509662975155,59.55943276072123,-34.622594797788224,-38.57651272008687,0,2022-02-16
-0.021173138152195015,4429.3298828125,4457.278466796875,4595.4305859375,0.013652994893691565,0.05971090007563662,46.633053606903104,-40.064621680925484,-38.87413451225459,0,2022-02-17
-0.0071661613961429005,4415.37587890625,4454.824975585938,4588.3837890625,0.013479469496999812,0.03715012049997579,38.32479878952215,-46.37575861080859,-40.37445933196539,0,2022-02-18
-0.010142945264832837,4395.99384765625,4449.556469726563,4581.12998046875,0.013651473622487873,0.08790032412501114,33.3699854645305,-54.31065737156314,-43.16169893988494,0,2022-02-22
-0.018412122845487655,4346.8798828125,4443.008959960937,4571.399580078125,0.013581594970001776,-0.06334953825728729,26.165886296182578,-66.2312498707688,-47.77560912606172,1,2022-02-23
0.014956856067329216,4309.61796875,4439.9474609375,4563.7941796875,0.013658279285767459,0.4074473207529865,36.79439113765859,-69.77436231820047,-52.17535976448947,1,2022-02-24
0.022372677655603468,4310.49599609375,4442.854467773437,4558.805380859375,0.01571819286193656,-0.23327009402958765,42.64235551769081,-64.1010480073619,-54.560497413063956,0,2022-02-25
-0.002442603440647617,4315.5099609375,4439.958959960937,4552.087177734375,0.014634069185872404,0.17274476247136406,42.96698744762031,-59.7800032174473,-55.60439857394063,0,2022-02-28
-0.015473503680411893,4315.8099609375,4429.494458007813,4544.838974609375,0.015337483914504898,-0.03708224008749261,36.736312253539936,-61.1123040487264,-56.70597966889778,1,2022-03-01
0.018642691757321028,4348.01796875,4421.494458007813,4540.15697265625,0.01573129252397676,-0.08695518308379935,37.85736195321915,-55.05556859618173,-56.37589745435458,0,2022-03-02
-0.005254666430088317,4362.9759765625,4410.199975585938,4536.066376953125,0.01573494252971677,-0.05582376490997343,40.82467301537124,-51.52158001331918,-55.405033966147506,0,2022-03-03
-0.007934042550334475,4351.82001953125,4402.771484375,4529.6591796875,0.014488345191140093,0.15029891525410277,43.725097357939326,-50.927363776594575,-54.50949992823692,0,2022-03-04
-0.029518158313449172,4317.25,4387.799487304687,4519.749775390625,0.017031653638755525,0.1971735508108836,37.86011416790886,-60.074739092960044,-55.62254776118155,0,2022-03-07
-0.00723375351819977,4290.1380859375,4372.1409912109375,4508.647978515625,0.016926694763227033,0.043606556904647764,30.919459727382304,-68.98111918378254,-58.29426204570175,1,2022-03-08
0.02569824789143582,4268.4060546875,4359.957983398437,4498.38177734375,0.018174210151329823,-0.21820016788345353,38.92963613748988,-66.62299610184891,-59.96000885693119,0,2022-03-09
-0.004291813651667864,4247.61201171875,4343.574975585938,4487.84517578125,0.01758647671345122,-0.12040963008616079,42.583184412134685,-65.48083182816117,-61.06417345117719,0,2022-03-10
-0.012961545123475138,4222.7,4328.586474609375,4476.07017578125,0.01594352505368927,-0.008470475804233435,41.372430968432305,-68.2439668813613,-62.50013213721402,0,2022-03-11
-0.007421002465963666,4217.10400390625,4316.3099609375,4463.9577734375,0.015964535084533785,0.12883708875317912,42.019956988941786,-72.12001172710097,-64.42410805519141,1,2022-03-14
0.021408574170870942,4235.45400390625,4309.348974609375,4453.883173828125,0.017365736701422333,-0.03272692702316804,52.212718526203254,-67.20805443022073,-64.98089733019728,1,2022-03-15
0.02238376135718223,4251.45,4303.6884765625,4445.109169921875,0.017866280542311642,0.17010386705906577,53.9877124434737,-54.98272344022644,-62.98126255220311,1,2022-03-16
0.01234781757145198,4281.87998046875,4300.521484375,4437.471767578125,0.01821095088104521,-0.20993858710725466,51.6375372046488,-40.485348635000264,-58.482079768762546,1,2022-03-17
0.011662294827948783,4333.6419921875,4304.664501953125,4432.722568359375,0.018167437535280957,0.6606380225833435,55.1503967396791,-24.56134597196069,-51.69793300940218,0,2022-03-18
-0.00043466036210393355,4391.2560546875,4310.280004882812,4428.02517578125,0.014252551708547608,-0.41174594699719635,59.68228334129822,-11.960127291478784,-43.7503718658175,1,2022-03-21
0.0113041136006502,4441.08798828125,4320.622509765625,4424.71677734375,0.01350950337525866,-0.023610728938646575,58.11963048410994,2.071801188003519,-34.585937255053295,0,2022-03-22
-0.012272698789159042,4460.7640625,4332.159521484375,4420.43578125,0.013307579071429673,-0.042939404901111256,55.77889355508799,8.624916623132776,-25.943766479416084,1,2022-03-23
0.01434391292056647,4482.462109375,4343.73251953125,4416.577587890625,0.013295402478178219,-0.09213588328751587,61.49871089237242,18.759859331589723,-17.003041317214922,1,2022-03-24
0.005066170567449069,4498.45009765625,4351.65302734375,4412.911787109375,0.011539504571117834,0.04202701754131177,73.52222630480503,28.31332677638784,-7.939767698494371,1,2022-03-25
0.007144955276586762,4521.31806640625,4361.73203125,4411.241591796875,0.010246103881913065,0.0016817575760390557,77.76621974360812,38.06497676631352,1.2611811944672073,1,2022-03-28
0.012256547427530462,4545.31611328125,4377.999047851563,4410.616591796875,0.009419292792867006,0.17940708584361786,76.09020260074033,49.7449939391463,10.957943743403026,0,2022-03-29
-0.0062937001746978805,4574.55810546875,4388.7945556640625,4411.1233984375,0.009039990510072834,-0.13770200416444645,74.89802502135927,56.0037616917034,19.967107333063105,0,2022-03-30
-0.015652540713177343,4576.60810546875,4397.140551757812,4411.07640625,0.010843978603170079,0.09974758127221772,73.11129152037252,54.52235141089477,26.87815614862944,1,2022-03-31
0.0034102225843584133,4577.16806640625,4407.9900390625,4412.33900390625,0.010391792530827237,-0.053924719366703844,77.02069791576703,53.97282025422555,32.297088969748664,1,2022-04-01
0.008090938687879357,4578.59208984375,4427.067553710937,4416.0330078125,0.010528956752473785,-0.0034166568046040124,75.12519512047467,55.86123993271394,37.009919162341724,0,2022-04-04
-0.012551720801807331,4557.29609375,4444.788549804687,4418.3328125,0.011061962127871706,0.05569617469515209,63.95465081699413,52.11568410644031,40.031072151161446,0,2022-04-05
-0.009716916613271898,4533.03603515625,4454.95205078125,4420.826806640625,0.010763305074580409,0.038788739787777304,55.893533287000714,45.079625404800026,41.040782801889165,1,2022-04-06
0.004253385628492534,4526.99599609375,4466.986547851562,4423.83240234375,0.00975879287574039,-0.03315533114222868,53.32901502176394,40.57377639071092,40.94738151965352,0,2022-04-07
-0.002651026482054286,4515.47998046875,4481.185034179687,4427.067802734375,0.009582102899417771,-0.15312486389062308,52.38948523168965,35.629478651929276,39.88380094610867,0,2022-04-08
-0.01687729010355421,4481.45791015625,4493.156030273438,4426.681396484375,0.010253327746526753,0.04483983150470228,41.63711656997974,25.30697211981351,36.96843518084964,0,2022-04-11
-0.003417447717741773,4455.92392578125,4499.906030273438,4424.319404296875,0.008634891728302358,-0.026767988111450425,44.67568189054374,15.72820944050818,32.720390032781346,1,2022-04-12
0.011174577597236057,4449.0119140625,4504.342529296875,4422.320400390625,0.010029921003248081,-0.07801854006054787,43.15382448360157,11.964213946715972,28.56915481556827,0,2022-04-13
-0.01214413784439794,4427.487890625,4503.388525390625,4418.384599609375,0.009605869210941184,0.06659613651502694,36.76392896504862,4.5711780020446895,23.769559452863557,0,2022-04-14
-0.0002048682840329885,4408.169921875,4499.8170166015625,4416.669599609375,0.009401884883795838,-0.0422719068156715,32.878810479249964,-1.3449669051287856,18.74665418126509,1,2022-04-18
0.016057604355527166,4418.10595703125,4499.868505859375,4415.903203125,0.010728154994287213,0.050538423573516456,34.63691752558145,-0.33926728967890085,14.929469887076293,0,2022-04-19
-0.0006184750715809706,4430.50595703125,4497.260522460938,4415.4148046875,0.010147112464996057,0.04438283204969662,36.37834257679578,0.23238805478649738,11.990053520618334,0,2022-04-20
-0.014752948498371943,4419.92001953125,4494.131518554687,4412.85720703125,0.010714078774058982,0.08074677481383064,36.816720862667275,-4.570590367552541,8.677924742984159,0,2022-04-21
-0.027740054250753654,4395.7580078125,4481.7125,4406.54919921875,0.013163306799771077,0.0032457099478313545,28.07640271090267,-18.004171835637862,3.3415054272597544,1,2022-04-22
0.005697936985382235,4376.64404296875,4469.365502929688,4402.39,0.013594818949921018,0.12642037515531146,26.61596079340903,-26.382202945342215,-2.6032362472606394,0,2022-04-25
-0.028146308431003852,4319.24208984375,4449.34951171875,4397.521201171875,0.015134674046480967,-0.10497438950847704,24.119881837157735,-42.29156920143123,-10.540902838094757,1,2022-04-26
0.0020980468517017847,4264.14404296875,4426.967504882812,4393.167001953125,0.015314761130621562,0.016995844323097975,26.81209278439279,-53.57543246672594,-19.147808763820997,1,2022-04-27
0.02474690007293945,4242.91201171875,4411.219995117188,4389.49560546875,0.017358504859126853,0.017716073195686022,35.33660869483262,-53.54591558450193,-26.027430127957185,0,2022-04-28
-0.036284507106413955,4214.94208984375,4391.29599609375,4382.634013671875,0.020148492709257608,0.04735094289869757,29.495372014511062,-65.32270838557179,-33.886485779480104,1,2022-04-29
0.005675242812353654,4186.79404296875,4371.771997070313,4378.136416015625,0.02041764614656503,0.015688341728903987,34.25578640798757,-71.93449012311248,-41.49608664820658,1,2022-05-02
0.004837126381486367,4186.85,4351.413989257812,4374.66861328125,0.019394582379648338,-0.11265756353376111,36.4927301802554,-74.69146813723273,-48.13516294601181,1,2022-05-03
0.02986242108440229,4210.0919921875,4340.166479492187,4374.57681640625,0.022551043743198485,0.12097423642256189,41.840353174356984,-66.05353287215894,-51.71883693124124,0,2022-05-04
-0.035649708609806985,4181.966015625,4323.452490234375,4373.00421875,0.024595408998687784,-0.01155098162901358,37.671103332301094,-70.76221720796002,-55.527512986585,0,2022-05-05
-0.0056742248424840325,4180.24794921875,4304.608984375,4369.69701171875,0.02333499768577811,0.00786089505084675,36.83461103027522,-75.52200917309801,-59.526412223887604,0,2022-05-06
-0.03203710063235676,4147.419970703125,4279.756994628906,4361.828813476563,0.024730533145658866,0.16368767271064355,28.21055741913389,-88.92842128750908,-65.4068140366119,1,2022-05-09
0.0024578974498534745,4112.533984375,4259.1830078125,4354.371015625,0.023703068152134334,-0.011537453900566264,28.929556797403322,-97.63602244331469,-71.85265571795247,0,2022-05-10
-0.01646320750393837,4039.535986328125,4236.069494628906,4346.949418945313,0.023898701608057623,-0.011838622316006964,28.9274272729823,-108.60015209950689,-79.20215499426335,0,2022-05-11
-0.0012959645058717717,3996.177978515625,4210.244006347656,4337.820219726563,0.02149140765251077,0.08086290907715421,32.406194579466415,-116.35949952256215,-86.63362389992312,1,2022-05-12
0.02386969542307149,3976.28798828125,4191.809008789062,4331.028212890625,0.02125439058207917,-0.17547423426576203,36.918914644907694,-113.629322139549,-92.0327635478483,0,2022-05-13
-0.003946400929555671,3979.6419921875,4172.625012207031,4324.611010742187,0.021063033043609087,-0.14822681900087586,41.064213192339466,-111.4621445038315,-95.91863973904495,1,2022-05-16
0.020169632234863677,3997.202001953125,4153.957019042969,4322.366215820312,0.02225396846679422,0.09657465521185582,45.28032611871912,-102.04520749877429,-97.14395329099082,0,2022-05-17
-0.04039526078745259,3994.902001953125,4127.168505859375,4317.425810546875,0.022212832094612008,0.05407722130536352,32.98665174266695,-106.68032471259676,-99.05122757531201,0,2022-05-18
-0.005833781800992588,3989.043994140625,4102.525,4309.884013671875,0.02012581034682262,0.002024212164084549,37.6598838497565,-110.92207094375999,-101.42539624900162,1,2022-05-19
0.00014614176965843662,3964.538037109375,4084.004016113281,4302.720815429688,0.020217496505033468,0.0033597011860644344,36.09877854856479,-112.93583167234192,-103.72748333366968,1,2022-05-20
0.018555039930923556,3957.68603515625,4067.8855102539064,4298.109614257813,0.019091245155236677,-0.13851830051474157,39.557945977915,-107.4518541267098,-104.47235749227771,0,2022-05-23
-0.008120797617175213,3928.21201171875,4056.199499511719,4293.477016601562,0.019215754201501185,0.11383633142761473,29.46893468881028,-104.50501454072491,-104.47888890196715,1,2022-05-24
0.009450764734207695,3939.222021484375,4045.9380004882814,4287.8026123046875,0.018688504048792177,-0.024502405960363127,38.901347820789915,-98.0337867791618,-103.1898684774061,1,2022-05-25
0.019883256167224195,3970.63203125,4034.4550048828123,4281.802216796875,0.01954704403629528,-0.01927930103944564,45.97202108042746,-85.53576458725547,-99.65904769937598,1,2022-05-26
0.02474226295510973,4022.008056640625,4035.7705078125,4276.733623046875,0.01965035675807322,-0.07098771329753695,60.68650949506804,-66.7599718160709,-93.07923252271496,0,2022-05-27
-0.006274368617659065,4053.688037109375,4034.6090087890625,4270.11421875,0.019761392155486186,0.5592396049017054,58.21797997327934,-53.370075512751555,-85.13740112072229,0,2022-05-31
-0.007482768681131846,4085.638037109375,4030.8965087890624,4262.91521484375,0.019049896212068287,-0.33577031764830034,60.885812612696824,-44.73775650145899,-77.05747219686963,1,2022-06-01
0.018431018038486124,4125.256005859375,4024.72900390625,4256.2194140625,0.01322039522238582,-0.027805728408137997,64.80710614978261,-31.434752572367415,-67.93292827196919,0,2022-06-02
-0.016347313992415624,4135.39599609375,4022.8125,4249.26541015625,0.014638886333634957,-0.15767433309349743,55.240520716355284,-26.10076081619991,-59.56649478081533,1,2022-06-03
0.003137400778913113,4128.033984375,4022.7170166015626,4241.290810546875,0.014552215506646229,0.16749436152525798,57.04770397304035,-20.59598986367655,-51.77239379738758,1,2022-06-06
0.009523393173235029,4133.7400390625,4031.1890258789062,4233.643212890625,0.013925434773370549,-0.019500542386964304,54.70664871561229,-12.917368862541025,-44.00138881041827,0,2022-06-07
-0.010793945785935621,4136.648046875,4036.9250244140626,4224.448212890625,0.014221282874192198,-0.020888797870161735,64.94142883783255,-10.33672534185007,-37.268456116704634,0,2022-06-08
-0.02379869397635359,4104.848095703125,4041.05703125,4212.172612304687,0.016603550202796417,-0.006082505703851715,58.15119522975979,-16.010727516365932,-33.016910396636895,0,2022-06-09
-0.029110303335524668,4063.312109375,4039.5960327148437,4198.140810546875,0.017641850711206754,0.1827380102898526,49.97003333206521,-29.603851716298323,-32.33429866056918,0,2022-06-10
-0.038768430665237275,3988.95205078125,4025.8830322265626,4182.525205078125,0.017657930283141002,0.1528231117219263,37.727523087864896,-51.98031905868811,-36.26350274019297,0,2022-06-13
-0.0037736797459957394,3903.91201171875,4012.2565307617188,4166.317607421875,0.01773642240693235,-0.08568554646267712,38.49136896318443,-70.04813817135891,-43.02042982642616,1,2022-06-14
0.014592504858983224,3838.756005859375,3997.313525390625,4150.464604492187,0.019369106301876996,0.07306907986006683,39.65514057535093,-79.05719067808695,-50.227781996758324,0,2022-06-15
-0.03251195148816344,3768.54599609375,3984.4680297851564,4133.297602539063,0.01841099177566635,0.020694406272149912,29.55403729847589,-95.04414183570861,-59.19105396454839,1,2022-06-16
0.002200865698254617,3723.3419921875,3973.1705322265625,4117.17140625,0.018938989591508824,0.5094500728972724,22.02611056654837,-105.84264065890147,-68.521371303419,1,2022-06-17
0.024477242280086964,3726.3740234375,3966.3420288085936,4102.4630078125,0.021701055328957313,-0.3788966685992061,30.20434163483833,-105.9213243652548,-76.00136191578616,0,2022-06-21
-0.0013015723144006452,3731.256005859375,3955.6490234375,4087.8952099609373,0.020942418466534638,-0.04407757744328511,31.07577410944556,-105.16678540043631,-81.83444661271619,1,2022-06-22
0.009532217409177868,3732.40400390625,3948.3615234375,4075.5592138671873,0.021812072830973472,0.007837532788165236,27.897850138366408,-100.51810215865771,-85.5711777219045,1,2022-06-23
0.03056329358583576,3781.397998046875,3945.0120239257812,4065.845009765625,0.02405360008713177,0.5926325451492946,39.184915798317384,-86.47610622258571,-85.75216342204075,0,2022-06-24
-0.0029730715337762392,3826.452001953125,3937.125524902344,4054.9154150390623,0.022176753302345423,-0.4673434101863734,37.82055571006128,-75.41679970247105,-83.68509067812681,0,2022-06-27
-0.020143036075892073,3837.80400390625,3920.291015625,4043.494619140625,0.0191100499850845,-0.012759779067858745,32.11132142486437,-72.15954941410519,-81.3799824253225,0,2022-06-28
-0.0007117454091590814,3849.592041015625,3904.6250244140624,4032.037421875,0.01903044589096689,-0.013788839657901897,33.60716145678899,-69.00221936490425,-78.90442981323885,0,2022-06-29
-0.008759278267998716,3847.522021484375,3888.83251953125,4018.5008203125,0.018795617239917697,0.14932181495236563,36.184019013471556,-68.41056930154264,-76.80565771089961,1,2022-06-30
0.010553814029047315,3830.2400390625,3871.2580322265626,4005.81841796875,0.015074461983631136,-0.16386539864092875,45.05816860349027,-63.98050800985993,-74.24062777069167,1,2022-07-01
0.0015841285142366157,3816.49599609375,3857.400524902344,3994.5730126953126,0.015085461395534855,0.25442370180012097,56.60398492293651,-59.29713566815144,-71.25192935018363,1,2022-07-05
0.0035731642904301975,3821.202001953125,3843.5830200195314,3986.0390185546876,0.013321266324482415,-0.12978593898660318,58.85928614506336,-53.859981446057645,-67.77353976935844,1,2022-07-06
0.014964587965241805,3837.960009765625,3830.6800170898437,3978.1690185546877,0.013830671120061182,-0.08147868131072133,59.05983224896751,-44.396225233493624,-63.09807686218548,0,2022-07-07
-0.000830271529819071,3860.760009765625,3819.8605102539063,3972.6526123046874,0.01374292402577164,-0.13212922368690194,73.18628753654,-36.734141766572975,-57.82528984306298,0,2022-07-08
-0.011527461422777274,3866.57998046875,3811.6910034179687,3966.06201171875,0.01030438009210596,-0.027867856270693547,66.6752959887707,-33.89821331171015,-53.03987453679242,0,2022-07-11
-0.009243878717321574,3864.06201171875,3807.588000488281,3956.6880126953124,0.010595618784402698,0.11500870459298729,55.577579856017884,-34.13229747243895,-49.25835912392173,0,2022-07-12
-0.0044569025122100925,3855.402001953125,3810.1955078125,3950.085009765625,0.008591723402297025,0.0765428153022758,54.22032402501763,-35.28444704846652,-46.463576708830686,0,2022-07-13
-0.00299863390215227,3832.953955078125,3812.9405029296877,3942.785009765625,0.008628773554410538,0.02197406427717974,49.433072903192425,-36.69443977432502,-44.509749321929554,1,2022-07-14
0.01920124935943668,3825.7099609375,3816.5989990234375,3936.5386083984376,0.010131453951386494,-0.013308125123520975,44.33297448779071,-31.57515037318899,-41.922829532181446,0,2022-07-15
-0.008363571580831342,3820.993994140625,3824.8030029296874,3927.1522119140627,0.010139954228742183,-0.023391572952362605,42.292463056997775,-29.781901421286875,-39.49464391000253,1,2022-07-18
0.02762829164595959,3844.57197265625,3837.8954956054686,3922.9486083984375,0.01336846164571045,-0.0014332064039616066,62.0797992698019,-19.59447494704682,-35.51461011741139,1,2022-07-19
0.005895806193263242,3876.195947265625,3847.650988769531,3919.6798095703125,0.013403620926458653,0.03569104222396535,64.19012770137525,-9.538067293331096,-30.31930155259533,1,2022-07-20
0.00986137270919718,3917.9099609375,3859.6039916992186,3919.8340087890624,0.012989359098343513,-0.012546292977803297,71.24355917640996,1.564684105906963,-23.942504420894874,0,2022-07-21
-0.00933246697634671,3937.603955078125,3867.8989868164062,3919.04560546875,0.013500951221286386,-0.037154077511802,63.628889092865606,7.268490328996904,-17.70030547091652,1,2022-07-22
0.0013151670479691902,3964.801953125,3870.6539916992188,3919.67880859375,0.012693102812338234,-0.10326092419658028,63.56698639007299,12.070081474926155,-11.746228081747985,0,2022-07-25
-0.01154320266205866,3961.673974609375,3871.7009887695312,3919.4982080078125,0.012956638134111135,0.05902184208903849,57.14957275758043,12.041694425014157,-6.988643580395557,1,2022-07-26
0.026156273782937722,3974.416015625,3881.803991699219,3919.4926123046876,0.014586375152209905,0.08818057926143497,60.496948402650716,20.063655747518624,-1.5781837148127213,1,2022-07-27
0.012133338697180918,3989.11201171875,3894.483984375,3920.7810107421874,0.014357353935976837,0.07315341254517072,63.91323857272576,30.014481442172837,4.740349316584391,1,2022-07-28
0.014207760082581844,4022.84404296875,3911.7294921875,3921.6098095703123,0.013979106426285755,0.04608203036483127,71.72811012941222,42.08428813184173,12.209137079635859,0,2022-07-29
-0.0028230841271976725,4053.202001953125,3926.394482421875,3925.50880859375,0.013409716962962354,-0.08958356800596146,74.54280862091775,50.13094144275783,19.793497952260253,0,2022-08-01
-0.006662395550704803,4087.22998046875,3939.384484863281,3929.316806640625,0.011953300221343067,0.12489263135854345,73.2925391047303,53.67506547511084,26.569811456830372,1,2022-08-02
0.015638477163140152,4113.541943359375,3954.8889770507812,3934.3930029296876,0.01251595742068674,-0.07952052896645523,77.0683998017397,60.94393527602688,33.44463622066967,0,2022-08-03
-0.0007773401640558397,4129.4439453125,3967.3549682617186,3937.9568017578126,0.012499056471295152,-0.015726970237329274,73.89455345999869,65.68673869774466,39.89305671608467,0,2022-08-04
-0.0016257460597355333,4132.42392578125,3979.645471191406,3942.0310009765626,0.01181615503649789,-0.04608107729518229,77.15818764295881,68.11558196321857,45.537561765511455,0,2022-08-05
-0.0012375507238541195,4136.7099609375,3993.9269775390626,3945.2576025390626,0.011922149040975659,0.03307684400651989,71.27256847793333,68.83305447433668,50.1966603072765,0,2022-08-08
-0.004248692893594086,4142.966015625,4009.110485839844,3946.550205078125,0.011031823713194657,-0.07296693508074925,67.20720860401775,67.2075761200922,53.59884346983964,1,2022-08-09
0.021290637641290244,4153.980078125,4029.53349609375,3947.590205078125,0.01006357740552501,0.16174429926221978,70.27309393867415,72.1697518892588,57.31302515372348,0,2022-08-10
-0.0007054739583503,4165.04609375,4050.3780029296877,3949.092607421875,0.009810001048851345,0.01851953691258923,75.23214814146064,74.99810890731806,60.8500419044424,1,2022-08-11
0.017322368774566943,4192.0380859375,4071.227502441406,3952.671005859375,0.010234838925548741,-0.18189063107425163,78.25513167425896,82.17315865970204,65.11466525549433,1,2022-08-12
0.0039695418998517695,4223.4541015625,4094.5420043945314,3955.077412109375,0.009982213879978052,-0.02407068619143038,85.77516475993053,88.21353646530633,69.73443949745673,1,2022-08-15
0.0018756797165810912,4260.00009765625,4112.967517089844,3959.010615234375,0.009281262224129987,0.17122507661969855,82.6572037403966,92.58371136930782,74.30429387182696,0,2022-08-16
-0.007237794954094601,4272.76005859375,4128.674523925782,3962.0628125,0.009227989329884091,-0.10272713415338286,74.38023116779593,92.46684207621183,77.93680351270393,1,2022-08-17
0.002269561170191503,4288.0541015625,4142.914038085937,3964.524013671875,0.009144375803034368,-0.140204837543082,71.0027053181422,92.0953293834591,80.76850868685497,0,2022-08-18
-0.012900001139847905,4277.7201171875,4156.25654296875,3966.778212890625,0.01040859374466154,0.12603844530330832,63.432041831801094,86.34651337942614,81.8841096253692,0,2022-08-19
-0.0214000649197158,4245.89013671875,4164.814050292969,3969.1816162109376,0.01279359243517702,0.0388398815315818,54.95807361042858,73.63989416218374,80.23526653273211,0,2022-08-22
-0.0022378626777133093,4210.59609375,4175.198046875,3973.739013671875,0.012734648909426846,-0.021474472991198867,46.83157228303037,62.10665492923454,76.6095442120326,1,2022-08-23
0.0029161604463010526,4183.94208984375,4181.056042480469,3981.56181640625,0.01048410508036254,-0.06274061597690084,48.6891325674573,53.3233320943973,71.95230178850555,1,2022-08-24
0.014091605518061545,4167.01806640625,4187.390551757812,3990.834619140625,0.011610137101397834,-0.004676822104960565,55.64535502423256,50.488846699574424,67.65961077071933,0,2022-08-25
-0.03368805871951874,4132.854052734375,4183.759045410156,3996.188017578125,0.014040398151793506,0.07454154482781816,43.28968490182582,36.408149797687656,61.409318576112994,0,2022-08-26
-0.006666355799502699,4111.37802734375,4179.358056640625,4003.4648193359376,0.013663522507346182,-0.11381905942208592,42.63281661487734,22.80353789324363,53.68816243953913,0,2022-08-29
-0.011028155571448206,4082.864013671875,4174.106555175781,4009.6912158203127,0.013412881305252478,0.12935336566063405,30.686771229584338,8.338900018472486,44.6183099553258,0,2022-08-30
-0.007817025105971265,4045.710009765625,4164.098059082031,4013.4954150390627,0.013412451140492864,0.18421683794507615,29.264717804564228,-5.574514667277981,34.57974503080504,1,2022-08-31
0.0029962320243361873,3999.256005859375,4154.843566894531,4017.634619140625,0.013473969072307905,-0.08590882973875558,21.37670944441271,-15.466503970803842,24.570495230483267,0,2022-09-01
-0.010736500458081055,3972.576025390625,4143.7970703125,4020.2052197265625,0.013396080808350948,-0.11714130892889396,17.45571422544269,-26.43788147372061,14.368819889642493,0,2022-09-02
-0.004095056983834944,3948.0919921875,4132.203564453125,4020.13421875,0.012465869789978283,0.12588894799296213,15.827480845448079,-36.01434643517268,4.292186624679458,1,2022-09-06
0.018341016392734,3946.834033203125,4125.073559570313,4021.7294189453123,0.014602858208264818,-0.057426817272141384,26.330491494126434,-37.388778220880795,-4.044006344432593,1,2022-09-07
0.006610721877456038,3957.07001953125,4114.870544433594,4025.4220166015625,0.014830122537285054,0.0196719035966193,28.24833268473631,-35.94074068099144,-10.423353211744363,1,2022-09-08
0.015271449816332883,3977.172021484375,4107.875048828125,4030.3926171875,0.014986832947992954,-0.016363109268059062,37.4895406055776,-29.51618738165098,-14.241920045725687,1,2022-09-09
0.0105842727693497,4014.40205078125,4099.3880615234375,4036.89322265625,0.010931125283948486,-0.022486250429273658,47.688178292352696,-20.712146714890878,-15.535965379558725,0,2022-09-12
-0.0432366134006168,4019.30205078125,4081.1655517578124,4039.040419921875,0.017842156940685833,0.10758481464002934,37.18627125568095,-27.755469351376178,-17.979866173922215,1,2022-09-13
0.0033870120853238816,4012.530029296875,4063.2060424804686,4041.332822265625,0.01764080159781701,0.01625971997017439,37.291203537460134,-31.894870871505645,-20.7628671134389,0,2022-09-14
-0.011317739184353415,3991.5640625,4044.5715454101564,4042.45822265625,0.017827735515688288,0.03461022444587303,30.215951737060934,-38.337131480087464,-24.277719986768616,0,2022-09-15
-0.007182134089448455,3952.758056640625,4024.0510375976564,4041.872421875,0.017850843927224375,0.790849717346229,35.57919120542961,-45.18281150377561,-28.458738290170018,1,2022-09-16
0.006857100716286535,3910.65400390625,4007.621533203125,4041.8826220703127,0.017786992456305765,-0.5264593665340398,39.76542459448197,-47.91260055167231,-32.34951074247048,0,2022-09-19
-0.011272103097361819,3895.302001953125,3993.518518066406,4041.9126220703124,0.018091350020836762,0.0773059718332294,39.79597380347711,-53.01208913348091,-36.48202642067257,0,2022-09-20
-0.017116493600784488,3864.085986328125,3976.578515625,4041.3352197265626,0.017293985068314977,0.0049974741563065805,37.735712158265216,-61.6682458385053,-41.519270304239114,0,2022-09-21
-0.00842758097968943,3835.41396484375,3957.4395141601562,4040.4594189453123,0.01684517041682295,0.050577074439782876,34.93203934795818,-70.29527851629064,-47.27447194664942,0,2022-09-22
-0.017232619015461026,3799.3939453125,3932.1450073242186,4038.5164208984374,0.015296834155543601,0.20064183354338794,33.84925431366854,-81.4193045725965,-54.10343847183884,0,2022-09-23
-0.010340526208282075,3750.423974609375,3912.014013671875,4034.3540234375,0.013579651231142633,-0.05017815938899006,32.83380560005246,-92.25334533205114,-61.73341984388131,0,2022-09-26
-0.0021203598092424114,3708.69599609375,3892.848010253906,4030.682822265625,0.008018195631724045,-0.06311730732234444,25.306635033977102,-100.30846734778288,-69.44842934466162,1,2022-09-27
0.019672139926234733,3694.518017578125,3879.4920166015627,4026.32982421875,0.011407292064935572,0.023398008624343047,30.028110503452083,-99.75269721939276,-75.50928291960786,0,2022-09-28
-0.021126437880238824,3671.014013671875,3863.765515136719,4019.9412255859374,0.012315427325911841,-0.0006489001782340464,21.009158796689306,-104.44817966918708,-81.2970622695237,0,2022-09-29
-0.015066695771983274,3649.492041015625,3844.7040161132813,4011.67462890625,0.012589888373911895,0.2058071557794956,14.92278750866511,-111.31217070466846,-87.30008395655265,1,2022-09-30
0.025883894952576147,3654.17001953125,3832.4125122070313,4006.0106298828123,0.015997116724568095,-0.14856094208341009,30.829067906527413,-108.01779477091168,-91.44362611942447,1,2022-10-03
0.030583700679551518,3682.897998046875,3826.54951171875,4002.4924267578126,0.01947838173175026,0.07071408955869751,39.82840452719971,-95.23140001060756,-92.20118089766109,0,2022-10-04
-0.002017948757084831,3695.74599609375,3816.720007324219,3999.7370263671874,0.0187057378448267,-0.16581885446257516,41.86070934848312,-84.73855985818273,-90.70865668976542,0,2022-10-05
-0.010245080846639998,3716.556005859375,3803.63701171875,3994.155224609375,0.018805078910118234,-0.009568664719392106,41.24990298050521,-78.6439586960405,-88.29571709102044,0,2022-10-06
-0.028003617786773516,3727.36396484375,3782.252001953125,3985.49982421875,0.02014940624520896,0.04646174831259842,34.02221985048459,-81.33766768019768,-86.90410720885589,0,2022-10-07
-0.00749246363390188,3714.15595703125,3757.3509887695313,3975.1418212890626,0.02002683397023951,-0.13828921760314272,34.73408843130569,-84.69658462264033,-86.46260269161279,0,2022-10-10
-0.006519175777754405,3673.73798828125,3740.15849609375,3964.546025390625,0.02010250649452476,0.24116662146091095,36.68648560228465,-88.24162836033565,-86.81840782535737,0,2022-10-11
-0.0032907731480149582,3632.48798828125,3721.7094970703124,3954.2628271484373,0.018685359748314933,-0.15805741926400974,37.69113144768683,-90.955594614039,-87.6458451830937,1,2022-10-12
0.02596564246086497,3617.565966796875,3710.137487792969,3944.557626953125,0.01971931334422363,0.25328002435840813,48.472216668559355,-84.63616903729326,-87.04390995393362,0,2022-10-13
-0.02366266361565439,3606.247998046875,3695.6244873046876,3933.1802294921877,0.020661378084553997,-0.15505766994312664,45.56752928652301,-85.6479323285921,-86.76471442886532,1,2022-10-14
0.026480052302171098,3619.360009765625,3684.527490234375,3923.8354296875,0.020744667996282704,0.025865949569057856,51.70526250611383,-77.89581397258826,-84.99093433760991,1,2022-10-17
0.011427569666488724,3645.58798828125,3677.7299926757814,3915.433828125,0.01837416485107104,0.030086519419773028,50.05406565283503,-67.58169253639517,-81.50908597736696,0,2022-10-18
-0.0066720972934503076,3669.21396484375,3672.991491699219,3906.8876220703123,0.01844092758446593,-0.057973923554889395,53.353115833604264,-60.71061489811518,-77.34939176151661,0,2022-10-19
-0.007950909706564868,3668.38798828125,3668.380993652344,3895.99841796875,0.01834375276918698,0.06459112647379128,55.073159742534074,-56.97912745831627,-73.27533890087655,1,2022-10-20
0.02372481982226482,3702.323974609375,3671.3569946289062,3886.908017578125,0.017459545349821547,0.1292971165008383,54.73859469919968,-46.46848718633464,-67.91396855796818,1,2022-10-21
0.011881976654619875,3726.202001953125,3678.4719970703127,3877.2518212890627,0.01721431512746903,-0.06500368253768196,50.44745565833038,-34.14705560662651,-61.160585967699845,1,2022-10-24
0.016266654579669915,3754.02802734375,3689.0630004882814,3868.491220703125,0.017006571824068936,0.020048737028557806,54.921412676773144,-19.17684918576788,-52.76383861131345,0,2022-10-25
-0.007387716072364547,3781.116064453125,3694.641003417969,3858.99921875,0.017339282016317775,-0.005329209270057311,55.66197351373677,-9.503818162856987,-44.111834521622164,0,2022-10-26
-0.006082610618211248,3809.420068359375,3702.9825073242187,3849.6644189453127,0.01638114218525027,-0.026983939169370474,62.35191815635945,-3.6756203373174685,-36.024591684761226,1,2022-10-27
0.024626377895927698,3839.082080078125,3718.754504394531,3842.0108154296877,0.014380508287803618,-0.04862266711041707,69.37150687427156,8.41194991000475,-27.13728336580803,0,2022-10-28
-0.00745440410765752,3854.01005859375,3728.4320068359375,3834.8808154296876,0.01368785323146191,0.08099950441874593,68.86040476312058,15.466627490841347,-18.616501194478158,0,2022-10-31
-0.004101230608784645,3853.408056640625,3731.6905151367187,3829.2430126953127,0.013788122800575455,-0.07040795582310988,68.48906042910718,19.55076739402284,-10.983047476777958,0,2022-11-01
-0.02500198485734284,3839.226025390625,3730.5110107421874,3821.8622119140623,0.016306403943314663,0.09323151559511822,55.920447414067624,14.836952661255964,-5.819047449171174,0,2022-11-02
-0.010585992315429671,3821.743994140625,3729.279504394531,3813.444609375,0.0165025319502741,-0.05587058583384363,59.6192096516505,7.79977821868215,-3.09528231560051,1,2022-11-03
0.013618724670070526,3795.6419921875,3735.824011230469,3804.8732080078125,0.015258877856596739,0.16753327899439818,56.94194818933551,6.238702123005169,-1.2284854278793742,1,2022-11-04
0.009613981920559844,3782.606005859375,3745.5445190429687,3799.8560107421877,0.0150880923952345,-0.19602309552644537,56.56553534734389,7.836278377127201,0.5844673331219409,1,2022-11-07
0.005597892802462701,3777.0080078125,3757.508020019531,3795.8060107421875,0.01418801609548496,0.06127205973807004,60.10766131936159,10.698586060888374,2.6072910786752277,0,2022-11-08
-0.02077788695478977,3774.784033203125,3766.0850219726562,3791.0542138671876,0.015462298914561672,0.008110442656110273,55.8481537102047,6.47413926613217,3.3806607161666165,1,2022-11-09
0.05543448436034493,3822.080078125,3780.4080322265627,3791.0816162109377,0.023716128531493432,0.2446173420509321,62.28609796611507,19.667250210762177,6.6379786150857285,1,2022-11-10
0.009240746788147902,3866.5560546875,3800.901025390625,3791.603212890625,0.02271422380608572,-0.03251021403638654,61.91704881025269,32.69605737206621,11.849594366481824,0,2022-11-11
-0.008935777048800997,3896.646044921875,3814.8660278320312,3792.2630126953127,0.022791480327433056,-0.18439528651192227,56.1758915597383,39.684945275008886,17.41666454818724,1,2022-11-14
0.008713116550319144,3929.37001953125,3828.4535278320313,3793.9338134765626,0.022744887097324164,0.09938337501890637,60.0641985549988,47.458859364280215,23.425103511405837,0,2022-11-15
-0.008252046497990273,3971.414013671875,3841.6350341796874,3793.5122119140624,0.0209423480139285,-0.16947905513318218,59.34950088522244,50.38100346034116,28.816283501192903,0,2022-11-16
-0.0030893228355314273,3969.452001953125,3855.674035644531,3792.319814453125,0.02043589712446106,-0.02725840991808548,53.122340361369076,51.1206791282907,33.277162626612466,1,2022-11-17
0.00475858190881473,3963.934033203125,3866.3035400390627,3790.2794140625,0.02026584825716969,-0.003558929655608112,56.49850335067953,52.61574725503033,37.14487955229604,0,2022-11-18
-0.003883688698329779,3962.472021484375,3873.9335327148438,3787.070009765625,0.020390555938053632,-0.046235658945449454,56.536261586505205,51.95898555779604,40.10770075339604,1,2022-11-21
0.013579987927526016,3964.842041015625,3881.15703125,3788.4878125,0.020620190833977217,0.009686575652675167,68.0640543809094,55.13128874627,43.11241835197083,1,2022-11-22
0.0059146891478476515,3978.53603515625,3890.990026855469,3790.1128125,0.0185860298072404,-0.1564484476554724,73.32271235170762,58.8774320732864,46.26542109623394,0,2022-11-23
-0.0002830441976333642,3994.448046875,3901.9310302734375,3792.608212890625,0.0077778295520269415,-0.47969338845999043,70.9679616220493,61.05054516288419,49.222445909563994,0,2022-11-25
-0.015444192913123267,3994.168017578125,3905.0750244140627,3794.42041015625,0.008971223614565704,1.1186725736319634,62.36620703302869,57.09715199226548,50.7973871261043,0,2022-11-28
-0.0015918653377758885,3995.706005859375,3909.35751953125,3795.5752099609376,0.008510155788993322,-0.01919273779329156,60.43907996670596,52.84571788823678,51.20705327853079,1,2022-11-29
0.030947872397389053,4011.01201171875,3920.5580200195313,3800.0588134765626,0.012833727973999254,0.85541054246427,74.99170003216928,58.68309406744356,52.70226143631335,0,2022-11-30
-0.0008676332180498347,4020.8740234375,3936.4020263671873,3805.7916162109377,0.012365197738821799,-0.31191939641545685,63.092527559143065,62.305387455654454,54.62288664018158,0,2022-12-01
-0.001194660488065602,4029.989990234375,3953.992529296875,3812.0658154296875,0.012275647544564004,-0.11365037010202927,59.216088865123275,64.04483432370398,56.50727617688606,0,2022-12-02
-0.017894212283564803,4036.97001953125,3965.40703125,3818.178017578125,0.013932997063747307,0.06683912256829694,54.47657218598457,58.865610333800305,56.978943008268914,0,2022-12-05
-0.014399194981406072,4033.696044921875,3972.130029296875,3823.9024169921877,0.01471158075662154,0.020454025163403333,44.824979284897125,49.54369800884706,55.49189400838455,0,2022-12-06
-0.0018623708845491027,4004.4580078125,3977.420520019531,3829.6350146484374,0.013901540291717324,-0.057304996360206806,47.308608078931435,41.090070822707276,52.6115293712491,1,2022-12-07
0.00752178195750397,3981.84599609375,3988.167517089844,3834.5244140625,0.014007816523342239,-0.026990930173261596,51.7678633723521,36.35905857614944,49.36103521222917,0,2022-12-08
-0.007349578247904498,3954.381982421875,3987.068005371094,3840.4026123046874,0.014117042030686542,-0.029608924605056264,46.839124437494114,29.914305992686423,45.471689368320625,1,2022-12-09
0.014279296218109305,3952.7259765625,3986.94951171875,3848.5014111328123,0.01415087264327599,0.004081517182492833,53.8283232413597,29.005704105084988,42.1784923156735,1,2022-12-12
0.0072896644387934195,3968.403955078125,3990.0695068359373,3855.325810546875,0.014265189275269815,0.3010222507959519,51.588019239009185,30.283844530980332,39.79956275873487,0,2022-12-13
-0.006052724634100337,3980.683984375,3990.2490112304686,3859.41361328125,0.009973899182332496,-0.11950718200718202,46.847745525796604,28.999280107717823,37.63950622853147,0,2022-12-14
-0.024921675023714007,3967.131982421875,3987.0970092773437,3861.6630126953123,0.012288301863028761,0.00482074260901455,39.22651443254376,19.719467427117706,34.055498468248715,0,2022-12-15
-0.011137750774080746,3950.72802734375,3982.38701171875,3863.819814453125,0.012396671324015408,0.6675181913260197,40.483766656963674,8.762933669108861,28.996985508420746,0,2022-12-16
-0.009007516001852345,3916.147998046875,3975.0030029296877,3867.379814453125,0.011704912890631738,-0.47027086897457315,38.613859419790764,-2.6892144416565316,22.65974551840529,1,2022-12-19
0.0010373383615349674,3876.542041015625,3968.58701171875,3871.5644189453124,0.011273668222304925,0.003970163315791808,23.94940139782919,-11.315135041390022,15.864769406446229,1,2022-12-20
0.014867993802734736,3853.166015625,3962.3300048828123,3877.356416015625,0.012625027571090106,-0.05273537965107378,31.968840887225966,-13.411751983373051,10.009465128482374,0,2022-12-21
-0.01445169956861636,3838.493994140625,3952.0864990234377,3882.26361328125,0.012820566931961942,0.0481431447340539,29.244582763215547,-19.3727890725454,4.133014288276819,1,2022-12-22
0.005868102525282026,3836.985986328125,3943.0214965820314,3885.76181640625,0.013063752017824184,-0.2875118462452141,36.00226851354673,-22.033042979545826,-1.1001971652877098,0,2022-12-23
-0.004049622110409712,3839.30400390625,3936.286999511719,3890.6854150390627,0.01170647573665611,0.07484889759087432,38.97866084362095,-25.108255419914713,-5.90180881621311,0,2022-12-27
-0.012020638322615351,3831.623974609375,3927.56650390625,3892.7908154296874,0.011209147569953117,0.017562617562617566,36.22085140180699,-30.903387100069267,-10.902124472984342,1,2022-12-28
0.01746133164481911,3825.7919921875,3916.025,3895.37681640625,0.013438440932455756,-0.02589248650892484,40.208476335571135,-29.821808818066984,-14.68606134200087,0,2022-12-29
-0.0025407424823445934,3829.214013671875,3904.171496582031,3898.2636181640623,0.0111720286389454,-0.007926942949981308,41.58807298065526,-29.41474203028838,-17.631797479658374,0,2022-12-30
-0.004000548879248611,3825.077978515625,3891.793493652344,3901.4308154296873,0.01069857136467361,0.32862843009929965,34.094119656540116,-29.985912038984225,-20.102620391523544,1,2023-01-03
0.007538970575044379,3829.82197265625,3884.4999877929686,3903.43521484375,0.010546612589767723,0.11490879332380266,34.061377799795395,-27.791854821706238,-21.640467277560084,0,2023-01-04
-0.011645528874622113,3834.797998046875,3877.8419921875,3903.6504150390624,0.011275181465030648,-0.11794756778309412,32.7739367999026,-29.335510922202502,-23.17947600648857,1,2023-01-05
0.02284078102943865,3843.9580078125,3875.9,3904.369814453125,0.012663133681320132,0.007733501136524268,49.93689870955101,-23.272046337651318,-23.197990072721122,0,2023-01-06
-0.0007676325452631305,3854.476025390625,3872.32900390625,3905.5996142578124,0.011559131479533078,0.09894330658891426,54.05051961266505,-18.494777905914816,-22.257347639359864,1,2023-01-09
0.006978233159061986,3873.498046875,3871.572509765625,3907.83861328125,0.011607043435153239,-0.10685634901676111,60.51895957316756,-12.374534403311372,-20.280784992150167,1,2023-01-10
0.012849424614881588,3896.82607421875,3870.525012207031,3909.2096142578125,0.01185917191491474,0.11745688815719424,63.98004034183082,-3.4211209883778793,-16.90885219139571,1,2023-01-11
0.0034159058663651987,3931.8400390625,3868.7010131835937,3911.4334130859374,0.010518866512847988,0.031812351279000506,60.7740182240127,4.714343335689591,-12.58421308597865,1,2023-01-12
0.003996858363534361,3952.642041015625,3868.889514160156,3914.293212890625,0.009598308100175264,-0.11273213730727483,69.81386415302605,12.304542663932807,-7.606461935996359,0,2023-01-13
-0.0020304911890052235,3972.418017578125,3873.6505126953125,3918.9188134765627,0.009561748475217124,0.075097088610808,66.9315542421798,17.463298684904657,-2.592509811816156,0,2023-01-17
-0.015562598500411085,3974.3400390625,3877.4755126953123,3923.0982177734377,0.011186580221445629,0.014909480682601561,60.41663156185518,16.351414181066048,1.1962749867602849,0,2023-01-18
-0.007638350296294338,3960.188037109375,3881.535021972656,3925.66421875,0.011491786810823244,-0.07146562573423187,62.51110126093418,12.8999778029538,3.537015549998988,1,2023-01-19
0.018918401045981525,3958.07607421875,3889.084521484375,3928.980419921875,0.011744503995849238,0.005476637855442723,63.125525504302246,15.932842071457799,6.0161808542907504,1,2023-01-20
0.01188134498366522,3962.220068359375,3896.15302734375,3932.8144189453124,0.010236681530468854,-0.01698078418083604,67.77399459187318,21.892685200703454,9.191481723573292,0,2023-01-23
-0.0007115031258156934,3967.416064453125,3905.8810302734373,3938.1820166015623,0.010234276889782914,-0.15836419354102826,69.48639320494232,26.08443195833115,12.570071770524864,0,2023-01-24
-0.0001817250594663422,3984.888037109375,3914.451025390625,3939.379013671875,0.010191704441418103,0.12154751041280787,67.49245022801044,29.01307348935461,15.858672114290814,1,2023-01-25
0.011007853469181317,4017.20400390625,3926.0100219726564,3940.729013671875,0.009998601522161341,0.022977857261776258,77.07576129891183,34.50368042190166,19.587673775812984,1,2023-01-26
0.002494840970949097,4036.793994140625,3940.3770263671877,3942.99521484375,0.00999151751905193,0.025769177260545062,72.5483048444131,39.22033495025016,23.51420601070042,0,2023-01-27
-0.012968740984683369,4036.385986328125,3948.8015258789064,3943.516015625,0.011041060691443467,-0.027064098102237644,64.31694660802518,38.25759296091928,26.462883400744193,1,2023-01-30
0.014642470285510134,4048.316015625,3960.656530761719,3945.872216796875,0.011842744953044196,0.23075223566543923,66.71837338615373,41.76032164636217,29.52237104986779,1,2023-01-31
0.010452303944590291,4068.914013671875,3975.4100341796875,3949.32521484375,0.010262025798538753,0.0379563697289349,66.16107349272838,47.42780105885868,33.10345705166597,1,2023-02-01
0.014699373244309921,4092.77998046875,3991.7495239257814,3953.6136083984375,0.009670291445691308,0.15800721855163657,69.27993778564397,56.157830020257734,37.71433164538433,0,2023-02-02
-0.010354610691310495,4105.96396484375,4008.1685180664062,3957.3444091796873,0.010090962604477907,-0.16532547703205347,62.78783763700792,58.90510255566733,41.95248582744093,0,2023-02-03
-0.006140463017754394,4124.6259765625,4018.9685180664064,3959.4944091796874,0.010155176846986379,-0.1236060845540855,60.83108369618869,58.36003780179226,45.2339962223112,1,2023-02-06
0.01287251059802652,4142.10595703125,4032.564013671875,3962.229208984375,0.010606959935560701,0.05872773586373192,71.56140794684492,61.4894533401889,48.48508764588674,0,2023-02-07
-0.011080724476164705,4141.8359375,4042.4945068359375,3964.06400390625,0.011561687720677501,-0.0748508905244889,69.50534325650327,59.55984545293313,50.70003920729602,0,2023-02-08
-0.00882979617773516,4122.183984375,4048.089001464844,3966.415205078125,0.011653135241527751,0.05965030696160123,60.39006812983759,54.4687978099646,51.45379092782974,1,2023-02-09
0.0021952617756952897,4112.97998046875,4053.453503417969,3969.071806640625,0.011648045899103794,-0.08867968713409213,57.271956946532974,50.57411294726853,51.277855331717504,1,2023-02-10
0.011448609342766147,4118.22197265625,4060.3635009765626,3970.2154052734377,0.011043127667985413,-0.11381156977222273,61.35842120956967,50.682111233506475,51.1587065120753,0,2023-02-13
-0.0002804145319874607,4112.64794921875,4067.6214965820313,3971.4066015625,0.010275196915795185,0.13935429244161424,61.30863543741294,50.09660328131713,50.94628586592367,1,2023-02-14
0.002773175690496066,4118.59599609375,4078.55849609375,3972.9246044921874,0.009807988842543714,0.03735620482540969,58.76205476097107,49.98197341136711,50.75342337501236,0,2023-02-15
-0.013788741489130674,4120.377978515625,4088.1364868164064,3974.7560009765625,0.009429738129791128,0.016604595704591274,51.822793244287254,44.760388501982106,49.55481640040631,0,2023-02-16
-0.002767405825327751,4118.10400390625,4093.460485839844,3977.5126025390623,0.008988331542629607,-0.023694028950251744,56.095194598637434,39.25630735607365,47.49511459153978,0,2023-02-17
-0.020041234255327334,4090.114013671875,4092.3369873046877,3978.781005859375,0.010718255824018008,0.01881358948752676,42.46491468720654,27.975260220606287,43.591143717353084,0,2023-02-21
-0.0015735561458868341,4061.098046875,4091.0419921875,3979.331806640625,0.009251936458011022,-0.01025575081461283,36.912304916072586,18.31625709557511,38.536166392997494,1,2023-02-22
0.005329429416074394,4034.042041015625,4090.8469970703127,3980.8906103515624,0.00934962989254281,-0.030980653638351452,31.409638874266577,12.236683474803158,33.27626980935863,0,2023-02-23
-0.010537551485558128,4009.96806640625,4086.327502441406,3980.4802099609374,0.009491527600399648,-0.019033934236289962,31.479523476798136,3.96126951490578,27.41326975046806,1,2023-02-24
0.0030730045671669703,3990.598046875,4081.9114990234375,3979.73201171875,0.009545978642229041,-0.010508806766897916,35.229516281345326,-1.5942441153474647,21.611766977304956,0,2023-02-27
-0.0030360018281855305,3985.160009765625,4079.5304931640626,3979.2286083984377,0.008171231295274606,0.3144294296250929,25.481289433248193,-6.89313794097643,15.91078599364868,0,2023-02-28
-0.004725264845680033,3977.227978515625,4073.269982910156,3980.34140625,0.008061439166528447,-0.157417615100924,27.377520084032113,-12.46266364958501,10.236096065001943,1,2023-03-01
0.0075821940867943916,3971.033984375,4066.376989746094,3982.9212060546874,0.008666229395071487,-0.0010777789282453432,36.14918660480947,-14.294239641269996,5.330028923747555,1,2023-03-02
0.0161477371607488,3986.153955078125,4059.67099609375,3987.4808056640627,0.00999627135124705,-0.03773233762868389,44.62409390316968,-10.437807109463392,2.176461717105366,1,2023-03-03
0.0006871667698291617,3999.38994140625,4055.2679931640623,3992.0168017578126,0.009990203196650673,-0.020530120717893174,38.08106182450663,-7.075667522576623,0.32603586916896826,0,2023-03-06
-0.015326919115337678,4002.633984375,4049.0324951171874,3994.1754052734377,0.009042904425673827,-0.019588239557896125,32.734643972538265,-9.310720157237483,-1.6013153361123222,1,2023-03-07
0.0014147940136839399,4010.7580078125,4040.432995605469,3997.5678076171876,0.009043241402899114,-0.09864372211599748,31.818059918233672,-10.505818737622576,-3.382216016414373,0,2023-03-08
-0.01845935787384867,3998.152001953125,4030.456005859375,3999.0378076171874,0.010512806414589631,0.25729656038488846,30.636633046505253,-17.200824988421573,-6.145937810815814,0,2023-03-09
-0.01447813845705137,3961.342041015625,4019.4605102539062,3999.684609375,0.010921064508643871,0.24136495952992632,27.796143635183626,-26.7756479859745,-10.271879845847552,0,2023-03-10
-0.001509761003189447,3922.81005859375,4007.7255126953123,4001.13541015625,0.010746084851812294,0.18843678814973752,32.89516685642148,-34.43723180330517,-15.104950237339077,1,2023-03-13
0.016476655480623936,3909.39404296875,3996.8255126953127,4002.5356103515624,0.012415123624790587,-0.13603953632346344,42.383779231716005,-34.979527536183014,-19.079865697107866,0,2023-03-14
-0.00698088356543769,3889.37802734375,3984.615515136719,4003.584208984375,0.012506060201337465,0.1638124418668272,37.38551190287378,-37.18834868777685,-22.701562295241665,1,2023-03-15
0.017562006217166637,3897.77001953125,3975.24951171875,4006.30701171875,0.013652119502381268,-0.1362175671556458,49.03032134719284,-33.04267828197044,-24.76978549258742,0,2023-03-16
-0.011019457310067593,3908.77998046875,3966.5610107421876,4007.58041015625,0.012649229827611977,0.6423147623068968,43.865712203647995,-32.89935564208599,-26.39569952248714,1,2023-03-17
0.008918403718310097,3927.9419921875,3960.185009765625,4010.4498095703125,0.013184143483075884,-0.42837503260539556,48.33376757302342,-29.625691623818966,-27.041697942753505,1,2023-03-20
0.012982193897784988,3944.6580078125,3960.4615112304687,4012.6056103515625,0.013124949831632524,-0.07983707178042843,54.362137040235105,-22.630928835482337,-26.159544121299273,0,2023-03-21
-0.01646322377571363,3953.666015625,3957.7575073242188,4013.5032080078126,0.01416174837802525,-0.07870144545794511,46.45537616523651,-22.149790999094876,-25.357593496858396,1,2023-03-22
0.0029845287333754023,3951.35400390625,3954.577502441406,4014.092607421875,0.012835730032801152,0.10116677439493849,41.549849806894585,-20.583089947804183,-24.402692787047556,1,2023-03-23
0.005639807253104534,3962.2240234375,3954.625,4014.120205078125,0.011692506134698522,-0.08166319416619916,43.47101272353053,-17.344526711989147,-22.991059572035876,1,2023-03-24
0.0016469543057482383,3967.416015625,3954.389501953125,4014.0074072265625,0.011603728443231588,-0.07644683538504837,49.17760610219043,-14.087819901598778,-21.210411637948457,0,2023-03-27
-0.0015738434957162095,3961.09599609375,3954.4455078125,4013.451005859375,0.010671057242928685,-0.05171558553834377,48.07278109274181,-11.875098024031104,-19.343348915164988,1,2023-03-28
0.014237268879836451,3979.264013671875,3958.2665161132813,4014.1878076171874,0.01093245133194804,0.03254371543864898,60.50907025386963,-5.49583875856888,-16.573846883845768,1,2023-03-29
0.005715269388667954,3999.68603515625,3961.740515136719,4016.62720703125,0.009823990251575446,-0.051719437910861865,69.42034628195125,1.4011418679597227,-12.97884913348467,1,2023-03-30
0.014436542471763847,4027.350048828125,3964.9240234375,4020.83640625,0.00926965351871493,0.15117811369522194,73.48247261466162,11.453861406274427,-8.092307025532852,1,2023-03-31
0.0036988464765423945,4056.74599609375,3968.728515625,4023.8743994140623,0.00916158711367964,-0.064179513471466,70.87515831822584,20.411907629312736,-2.391464094563735,0,2023-04-03
-0.005796972083329965,4082.61201171875,3974.4400146484377,4025.4902001953124,0.009115663068823655,-0.0016293952346092544,71.37619377986482,25.290381639834777,3.1449050523159676,0,2023-04-04
-0.002492370531228194,4095.1259765625,3979.358508300781,4026.958798828125,0.006624751445559616,-0.061445669142343506,65.12929010395106,28.00905061621461,8.117734165095696,1,2023-04-05
0.0035791630944272956,4105.96396484375,3988.693505859375,4028.7347998046876,0.006618789840094664,-0.12130231198431463,73.49112512505076,30.987744616683358,12.691736255413229,1,2023-04-06
0.0009963029974375814,4105.92392578125,4001.0694946289063,4029.7083984375,0.0066467028227190144,-0.018080184931840826,71.2822664215497,33.294597883526876,16.81230858103596,0,2023-04-10
-4.1352477946232646e-05,4102.8099609375,4013.7284912109376,4030.47599609375,0.006718495322398262,0.07073737093452892,66.62589871894761,34.708980915856955,20.39164304800016,0,2023-04-11
-0.004134884052006904,4101.079931640625,4022.3614868164063,4031.9595947265625,0.006968080841942111,-0.008922945144755778,78.6915387716656,34.06624497188204,23.126563432776535,1,2023-04-12
0.01326268999363811,4112.247998046875,4035.0760009765627,4033.3519970703123,0.006798509038404098,-0.010054718809177743,81.58994508785864,37.503709411574164,26.001992628536062,0,2023-04-13
-0.0020693734728036706,4118.772021484375,4043.9440063476563,4033.7206005859375,0.006888266611688612,-0.00581105992064701,77.8763165310148,39.085036180146744,28.6186013388582,1,2023-04-14
0.00330615690296554,4127.214013671875,4055.6780029296874,4033.1518017578123,0.005425109100693943,0.009925357063951257,78.392426803576,40.969811013870185,31.088843273860597,1,2023-04-17
0.0008552202959737354,4136.400048828125,4065.8430053710936,4033.5196044921877,0.005343637251446174,-0.020641452378446945,80.26310282660486,42.26280827410801,33.32363627391008,0,2023-04-18
-8.42619976980652e-05,4148.9140625,4073.425500488281,4034.3884033203126,0.004848828538020152,0.010156532754252545,75.6342324508113,42.7662848527234,35.21216598967275,0,2023-04-19
-0.00595254815297297,4145.62802734375,4083.06650390625,4033.7042041015625,0.005257196472632929,0.05584790738294099,65.86434226403617,40.70061951535399,36.309856694809,1,2023-04-20
0.0009031888869577287,4144.80400390625,4092.306506347656,4034.0174072265627,0.005177224047067631,-0.042504400755021154,56.23614908800941,38.91594432243937,36.831074220335076,1,2023-04-21
0.0008515791660903549,4141.948046875,4100.6090087890625,4035.1282080078126,0.00517651874157517,-0.08882397729632452,53.43426557142742,37.355007261282026,36.93586082852447,0,2023-04-24
-0.015810858882773227,4125.3,4105.314001464843,4034.7516064453125,0.007363811998087605,0.2089676505800775,43.53143193563158,30.488448583608715,35.64637837954132,0,2023-04-25
-0.003841187197329843,4105.593994140625,4109.55,4033.12560546875,0.007349992980100291,-0.035592564293326356,42.502759684443255,23.513592677961697,33.219821239225396,1,2023-04-26
0.01956614972249704,4106.706005859375,4114.927001953125,4033.110009765625,0.008819041604524076,-0.022538265272880276,55.156943226800564,24.111721632512854,31.39820131788289,1,2023-04-27
0.008253202753460531,4113.897998046875,4120.8594970703125,4033.547607421875,0.009176392697638355,0.08992014504539325,59.31320411342346,27.02817546362894,30.5241961470321,0,2023-04-28
-0.0003861064902076494,4120.064013671875,4123.7875,4035.0968115234373,0.009138762585196764,-0.18749204951318554,59.050855897541275,28.876710876243123,30.194699092874306,0,2023-05-01
-0.011586262936400304,4129.654052734375,4123.541015625,4035.906611328125,0.009891179321359479,0.35068661425857406,53.87138860705541,26.143717432407357,29.38450276078092,0,2023-05-02
-0.006998305064656485,4136.6060546875,4123.048510742187,4037.7748095703123,0.010074857105230086,-0.05341352123099419,41.63118362584128,21.404713858947616,27.788544980414258,0,2023-05-03
-0.007218732334382416,4121.780029296875,4121.590515136719,4039.1782080078124,0.010144745835880513,0.15861966650261028,39.155956590152755,15.092219105529693,25.249279805437347,1,2023-05-04
0.018474751389515376,4115.134033203125,4123.152014160156,4041.656806640625,0.011986269969584415,-0.14914767819287855,48.178699106197605,15.959842714362821,23.391392387222442,1,2023-05-05
0.0004521286642489297,4109.184033203125,4124.602526855469,4045.018408203125,0.011984265064900166,-0.1300991097086428,47.9673823648615,16.606909389068278,22.03449578759161,0,2023-05-08
-0.004579421277258522,4109.102001953125,4125.114025878906,4047.7570068359373,0.010795803756235749,0.04627036170516585,45.89554058083909,15.412921438179183,20.710180917709124,1,2023-05-09
0.004483965263404999,4118.480029296875,4127.39853515625,4051.1068115234375,0.010683100080610259,0.06483226338139803,50.92491062706605,15.775222416463293,19.72318921745996,0,2023-05-10
-0.0016966239932159066,4132.36005859375,4126.6185302734375,4054.691416015625,0.008749631764448297,-0.07499334509854183,49.66095753948455,15.319300286797443,18.84241143132746,0,2023-05-11
-0.0015833068345566526,4129.92607421875,4125.94052734375,4057.546015625,0.008247179404701335,-0.05839750592874848,48.495409474011204,14.265804900600415,17.92709012518205,1,2023-05-12
0.0029581644391338813,4129.5580078125,4125.188525390625,4059.3588134765623,0.008344939717987193,0.008045300446552384,58.56357664809543,14.251039504783876,17.191880001102415,0,2023-05-15
-0.006377683373153031,4127.70400390625,4122.940014648438,4060.5884130859376,0.00773204371421625,0.02583537562777738,56.94339193099341,11.97268805002932,16.148041610887798,1,2023-05-16
0.011890829058788244,4131.92998046875,4123.152514648437,4064.0364111328126,0.008183133809586083,0.10532537901592698,53.27349712193784,13.94968485627578,15.708370259965395,1,2023-05-17
0.009445048649426635,4145.41591796875,4126.565502929688,4068.15720703125,0.007859883562558314,-0.014503302732305379,53.93664604296798,18.47307336530048,16.26131088103241,0,2023-05-18
-0.0014458676054706077,4158.9958984375,4129.488500976562,4073.6304052734376,0.005873017209300396,0.015425197839467497,53.28177090810483,21.322316865002904,17.27351207782651,1,2023-05-19
0.0001550346964389604,4170.26591796875,4132.267993164062,4080.251201171875,0.005878838976954077,-0.07753284346470724,61.425102142120735,23.363484843872357,18.49150663103568,0,2023-05-22
-0.011222026747550129,4177.401953125,4135.965502929687,4086.0476025390626,0.006905715692166351,0.11446901183311331,58.11312657234635,20.943179212998984,18.98184114742834,0,2023-05-23
-0.007318600335353365,4168.69599609375,4138.928015136718,4089.9666064453127,0.007182720496246863,-1.0,57.974189037728976,16.387987217722184,18.46307036148711,1,2023-05-24
0.008757581265902425,4159.3419921875,4139.724499511719,4095.153603515625,0.00773213285010956,inf,52.50722902361345,15.507296831120584,17.871915655413805,1,2023-05-25
0.01304908677799732,4162.03603515625,4141.523010253906,4100.0570068359375,0.008621956198000496,-0.10422493104711938,59.56313561437869,18.961862189340536,18.089904962199153,1,2023-05-26
1.660326849850513e-05,4164.6140625,4143.405505371094,4105.834609375,0.008635391458986598,0.13808518998993402,62.95968423937657,21.457910915489265,18.763506152857175,0,2023-05-30
-0.006108624209833935,4171.4640625,4146.418005371093,4110.399809570313,0.008607819218122443,0.41436818169993694,56.19768317612882,21.119629994274874,19.234730921140716,1,2023-05-31
0.009854453563032717,4192.62001953125,4152.931506347656,4114.762807617188,0.008361071292091704,-0.2656575266650727,62.06816981833115,23.89972283206407,20.167729303325387,1,2023-06-01
0.014534424705965554,4218.8380859375,4163.989013671875,4121.670810546875,0.009025666598582192,0.014194441535021696,68.43374206476471,30.699521616789752,22.274087766018262,0,2023-06-02
-0.0020035816359177394,4232.5060546875,4170.866015625,4128.172211914062,0.009051198955213944,-0.14388891383413405,66.1499748248925,34.99269652229577,24.817809517273766,1,2023-06-05
0.0023538963079141606,4248.1720703125,4178.152514648437,4134.4294140625,0.0090288506066762,0.04806086083146055,71.24405166553365,38.760029723292064,27.606253558477427,0,2023-06-06
-0.0038120096998572883,4265.71005859375,4185.57001953125,4140.229213867187,0.00805751913530202,0.1354264667614149,64.42808501375954,39.96725001924915,30.078452850631773,1,2023-06-07
0.0061886426142414575,4280.29208984375,4193.384521484375,4146.682416992187,0.007238708897403482,-0.15669707787914844,63.1703983119397,42.56440374093381,32.575643028692184,1,2023-06-08
0.001148059539441082,4283.5900390625,4201.7965087890625,4152.103413085937,0.007114979272277292,-0.010512864736041627,64.72745231020971,44.50739778224306,34.96199397940236,1,2023-06-09
0.009321148810237156,4296.61806640625,4212.539013671875,4157.865415039062,0.006642306091590713,0.04203342919997577,68.18389816827676,48.7189719139551,37.71338956631291,1,2023-06-12
0.006932489951473775,4313.65,4224.175512695312,4163.0594091796875,0.006639928397535333,0.08356755633390534,78.99352945201834,53.86294773785812,40.94330120062196,1,2023-06-13
0.0008194255259321714,4334.66396484375,4237.310009765625,4168.021010742187,0.005794005229887412,-0.0054474435140571265,85.88756792090534,57.56489573820636,44.26762010813884,1,2023-06-14
0.01217813742034668,4361.0458984375,4250.663500976562,4174.525805664062,0.006071074837550696,-0.017737076416179276,86.53394095564072,64.057135388186,48.22552316414828,0,2023-06-15
-0.0036716195284263176,4383.19189453125,4261.240502929688,4180.910004882812,0.005521162834472174,0.6397194907929484,80.21248858209904,67.11735579328979,52.00388968997658,0,2023-06-16
-0.0047351076976228645,4393.1478515625,4271.077001953125,4186.583803710938,0.005850936574044559,-0.40779283357182494,75.53882493890526,67.08446254394676,55.02000426077062,0,2023-06-20
-0.005245281583003636,4392.48388671875,4279.730004882813,4191.715405273438,0.006367567056856075,-0.08542355496709642,76.10538140888036,64.45784134559926,56.90757167773635,1,2023-06-21
0.003710798414438443,4394.3439453125,4291.5455078125,4197.174409179687,0.006052726389897419,-0.053467876948128046,74.30133890373938,62.95770822258419,58.11759898670592,0,2023-06-22
-0.007658808766684566,4378.8419921875,4303.2,4202.30201171875,0.0067057197190265915,0.7241868413557391,60.87729525858598,58.38776781704473,58.17163275277369,0,2023-06-23
-0.004486838293256468,4362.68798828125,4312.077001953125,4205.95400390625,0.006950324106389882,-0.435869777092054,58.75906792530843,52.58556897896324,57.0544199980116,1,2023-06-26
0.011455854954693034,4360.62802734375,4320.725,4210.769404296875,0.007269429087189414,0.046403691914858713,63.368756187033775,51.39634487778585,55.92280497396646,0,2023-06-27
-0.00035407668843834283,4362.86201171875,4329.2919921875,4215.280205078125,0.006959482511091754,0.04640548481880513,66.13249033180217,49.75523316707404,54.689290612587975,1,2023-06-28
0.004473544672805918,4365.77197265625,4340.122485351562,4220.1116015625,0.007090249058360628,-0.011411135149879792,65.43585671431092,49.46439423370066,53.64431133681052,1,2023-06-29
0.012269004495714109,4386.18193359375,4351.590478515625,4226.028798828125,0.007106822375280388,0.06134997538318365,69.88133206392,52.97573348088736,53.51059576562589,1,2023-06-30
0.0011706778016009611,4411.5359375,4360.25146484375,4232.544794921875,0.006948471889334845,-0.48150734685034857,66.84856118101209,55.53868010568203,53.916212633637116,0,2023-07-03
-0.0019683184132291975,4425.21787109375,4368.9029541015625,4238.810791015625,0.006744161343323603,0.711966887547437,61.974790231703224,56.21416459149623,54.37580302520894,0,2023-07-05
-0.007922511336500904,4432.1638671875,4375.28994140625,4244.301787109375,0.007079288489853154,0.05725574423853308,55.46921648434119,53.29240425562057,54.159123271291264,0,2023-07-06
-0.0028651005386203243,4432.66591796875,4381.8614501953125,4250.848193359375,0.007111960566222548,-0.013997751234376743,45.744375032842576,49.38766389767716,53.204831396568444,1,2023-07-07
0.002405026057131332,4424.4958984375,4387.641430664063,4257.918989257812,0.006531455491773813,-0.055331526409730936,49.990321255624295,46.60952789083876,51.88577069542251,1,2023-07-10
0.0067422110558885695,4421.2298828125,4394.66142578125,4263.997182617188,0.006366721624260329,0.056747142523909444,57.92042696828646,46.27338526884796,50.7632936101076,1,2023-07-11
0.007411233485312474,4426.29794921875,4401.322924804687,4270.050786132812,0.005844484141851551,0.08169206063649548,66.18134000620387,48.107226224337865,50.232080132953655,1,2023-07-12
0.008470153458069118,4445.98798828125,4408.374438476562,4276.894184570312,0.006087813735227429,-0.020600516798502166,68.27212941728526,52.01752273890361,50.58916865414365,0,2023-07-13
-0.0010244071333035398,4467.28193359375,4415.015942382813,4284.610981445312,0.0061892334186127735,-0.05002695642435406,74.41326809368285,54.11979672551297,51.295294268417514,1,2023-07-14
0.0038553825145495324,4489.933984375,4419.863452148437,4293.251782226563,0.005202127128391574,-0.029941465955667712,80.3466962862918,56.53577803795088,52.34339102232419,1,2023-07-17
0.007117275205842377,4513.07802734375,4427.132958984375,4303.126982421875,0.005476745382315888,0.1559447634982365,79.2150399508794,60.35221709249072,53.9451562363575,1,2023-07-18
0.002357910335732072,4531.7900390625,4435.983471679688,4311.71638671875,0.005276150958600535,0.006273823291385705,80.32635728690023,63.51130095040753,55.858385179167506,0,2023-07-19
-0.006756896218903741,4536.7560546875,4444.44248046875,4319.65138671875,0.005023331762412536,-0.08598842958740616,71.45207154499104,62.80161469043651,57.24703108142131,1,2023-07-20
0.0003240945218980773,4542.9400390625,4452.164965820312,4327.99478515625,0.00471766891759898,-0.050928153502207696,65.90792441372929,61.64714791977076,58.127054449091204,1,2023-07-21
0.004034153877153557,4549.31005859375,4462.48046875,4336.33478515625,0.004719507806689251,0.08012458720684323,67.48337030735843,61.49997199245627,58.80163795776422,1,2023-07-24
0.002814673351556163,4551.8060546875,4474.4124755859375,4345.07158203125,0.00455752905070402,-0.011352998379254409,70.99405027947202,61.70647287605698,59.38260494142278,0,2023-07-25
-0.00015543889679858758,4552.01201171875,4483.8294677734375,4353.92498046875,0.004341002695064627,0.04664167849189638,80.68834575283833,61.108418588980385,59.7277676709343,0,2023-07-26
-0.006424666064487883,4552.52001953125,4491.856982421875,4361.947587890625,0.004467340470966854,0.1410724533805814,75.68830444109462,57.60296494709473,59.302807126166385,1,2023-07-27
0.009877842794752345,4561.698046875,4501.146484375,4371.394189453125,0.005279500601403611,-0.12566958255823912,78.42892968523937,57.77545345654744,58.9973363922426,1,2023-07-28
0.0014687129405193122,4568.56201171875,4508.07548828125,4379.99798828125,0.005225126272234557,0.13127070768473326,76.66169237298159,57.7890488394487,58.75567888168382,0,2023-07-31
-0.002665087639215691,4570.416015625,4514.132495117187,4387.571591796875,0.004958409667344584,-0.10241362465583093,70.10418250807794,56.16552485601551,58.237648076550165,0,2023-08-01
-0.013839541336347905,4559.74404296875,4517.461010742188,4393.999794921875,0.006639974406243953,0.05648666500097721,50.58664591759083,49.20071910140541,56.430262281521216,0,2023-08-02
-0.0025479738404268204,4552.6400390625,4521.976025390625,4400.185,0.006371805734019772,-0.02847067583610219,49.39643152349066,42.26589158310526,53.597388141838024,0,2023-08-03
-0.005300074155050516,4531.8,4525.930004882813,4406.833994140625,0.006516820926295774,-0.00140029693043342,42.512501082256385,34.44756970955768,49.767424455381956,1,2023-08-04
0.00902409277936278,4517.69599609375,4531.375512695313,4414.89798828125,0.007130546709247918,-0.15673217789641614,44.05118111488087,31.153141165216766,46.04456779734892,0,2023-08-07
-0.004218283044793103,4502.2259765625,4534.381518554687,4421.859990234375,0.0070838630060167255,0.11190582497595813,39.48447496288821,26.696554113993443,42.17496506067783,0,2023-08-08
-0.007038730380597102,4493.08994140625,4534.159008789063,4427.105185546875,0.007272963989969022,-0.02105840289736438,39.382121352477995,20.374316313302188,37.8148353112027,1,2023-08-09
0.00025071394456976925,4486.4779296875,4532.0985107421875,4432.37138671875,0.007143895583714192,0.18439430990507755,39.31503715702397,15.278164235828626,33.307501096127886,0,2023-08-10
-0.0010696923700230787,4483.68193359375,4530.030004882812,4438.05578125,0.005945004984939037,-0.16674473899790643,35.0209512429456,10.730010006488556,28.792002878200023,1,2023-08-11
0.005750475751703066,4477.93798828125,4528.376513671875,4443.42978515625,0.006406381416229738,0.038131878964854815,37.6697805031807,9.09214399874054,24.85203110230813,0,2023-08-14
-0.011550909428841738,4465.633984375,4522.5205078125,4446.539580078125,0.0070657046832102105,-0.016466439620060558,32.410853859900925,3.5682933666157624,20.595283555169658,0,2023-08-15
-0.007555395210577687,4452.9580078125,4514.451000976563,4449.150380859375,0.006229884551919553,-0.020442298910561707,32.04440345213783,-3.4749148432865695,15.781243875478413,0,2023-08-16
-0.007712913029036983,4433.26396484375,4506.22548828125,4450.880576171875,0.006451325696977231,0.050557951575823656,20.551626783217728,-11.663372432959477,10.292320613790835,0,2023-08-17
-0.00014870682600087726,4414.39599609375,4497.893994140625,4452.924375,0.006447785843293392,-0.0008367776453583886,19.001957811779462,-17.99775879493336,4.6343047320459965,1,2023-08-18
0.006879188518795987,4396.40595703125,4490.15048828125,4455.041171875,0.006047803253901125,-0.05419500558318957,26.181857375321044,-20.357541056295304,-0.3640644256222632,0,2023-08-21
-0.002777466728829614,4386.3439453125,4481.15498046875,4456.814970703125,0.006023175143392899,-0.05476206447804444,30.35965499214298,-22.949210495823536,-4.881093639662518,1,2023-08-22
0.011044879965972587,4392.6798828125,4474.61796875,4458.7565625,0.007122528244184119,0.08927942862982441,40.781366366263775,-20.852439406469784,-8.075362793023972,0,2023-08-23
-0.013457974663146133,4393.869921875,4466.562963867187,4458.902568359375,0.008164591527461674,-0.029656500585051315,37.06386287031449,-23.734405189025892,-11.207171272224357,1,2023-08-24
0.006717966037625089,4401.069921875,4457.736962890625,4459.564970703125,0.008627796777084492,-0.11475585945368161,35.250592541957076,-23.376586681395565,-13.6410543540586,1,2023-08-25
0.006264619755036449,4407.7779296875,4449.9544677734375,4459.714375,0.008675753408569888,-0.10283115606550608,41.54448936741924,-20.62812750561534,-15.038468984369949,1,2023-08-28
0.01450830719454621,4429.7939453125,4445.999462890625,4461.47517578125,0.009132761545892688,0.13444676267994038,53.53378654259159,-13.10877177488237,-14.652529542472434,1,2023-08-29
0.003833182103508026,4445.566015625,4446.073461914062,4463.99837890625,0.00858912910819773,-0.08665442557275804,55.23824020906295,-5.692861588127926,-12.860595951603534,0,2023-08-30
-0.0015969365120942491,4471.83603515625,4446.361962890625,4466.837783203125,0.007975756499897211,0.287930263600197,54.93451875817687,-0.3929532079000637,-10.36706740286284,1,2023-08-31
0.0017991292600010311,4493.848046875,4448.248974609375,4469.515380859375,0.007910393658126312,-0.17740398747199948,53.06952135029021,4.410815422496853,-7.411490837790902,0,2023-09-01
-0.004194177587506065,4506.55205078125,4447.168481445313,4472.485380859375,0.00812906333306128,0.08625002310350993,57.53305547481497,6.613307594275284,-4.6065311513776654,0,2023-09-05
-0.006971599351452862,4500.1220703125,4445.473486328125,4475.218583984375,0.008514286940654068,-0.030457284650833083,57.855240527734665,5.762679054352702,-2.532689110231592,0,2023-09-06
-0.0032112659361860363,4487.37607421875,4444.644995117187,4476.67318359375,0.007969448360856628,0.10088480044459391,60.92807884376569,3.886641476869954,-1.2488229928112828,1,2023-09-07
0.0014266227216406246,4477.34208984375,4444.0780029296875,4478.285791015625,0.006319137213427868,-0.13403351967181754,61.69468679987614,2.879079752254256,-0.4232424437981751,1,2023-09-08
0.006723453106275201,4471.680078125,4445.248510742187,4480.10619140625,0.006319606366852546,0.033942975310573775,61.68546475991927,4.4476169330855555,0.5509294315785711,0,2023-09-11
-0.005695885604828921,4464.69404296875,4443.857495117188,4480.336591796875,0.006521567089900133,0.019531620928686655,59.56765261407806,3.586863703374547,1.1581162859377665,1,2023-09-12
0.0012416323054647016,4465.08603515625,4445.336499023438,4480.57359375,0.00439437798474125,0.027269234575375334,54.54680306110484,3.3135488907410036,1.589202806898414,1,2023-09-13
0.00842991886716793,4475.87802734375,4450.375,4481.73919921875,0.005100785446037879,0.03379865870693011,69.90019797438404,6.0658811014609455,2.4845384658109206,0,2023-09-14
-0.012159612938677844,4474.4439453125,4454.372998046875,4482.513798828125,0.006359439722573001,0.8999073647744962,56.391643381545315,3.7832035438896128,2.7442714814266593,1,2023-09-15
0.0007212876971294246,4467.65791015625,4458.563989257813,4483.605390625,0.006310756044023792,-0.543980796944129,53.11475163221711,2.2077327853203315,2.6369637422053938,0,2023-09-18
-0.002151010615372817,4464.06796875,4460.772998046875,4484.293798828125,0.006241822055603613,0.1435042689079884,40.0534171021584,0.18404644522706803,2.1463802828097287,0,2023-09-19
-0.0093947947580596,4451.02001953125,4461.505517578125,4483.552607421875,0.006532572549599936,-0.08476906563979991,30.861207508609425,-4.7340445214586,0.770295321956063,0,2023-09-20
-0.01640093410321941,4416.0,4456.205029296875,4480.709404296875,0.008084535281131108,0.10696549743837758,25.27964692198151,-14.29286020949985,-2.2423357843351197,0,2023-09-21
-0.002295598477193961,4389.948046875,4453.392529296875,4476.9098046875,0.007956781713262709,-0.08540168307693985,22.906110242863093,-22.412009020748883,-6.276270431617872,1,2023-09-22
0.0040230650909416354,4366.730078125,4449.979028320313,4473.550205078125,0.007625337590330497,-0.0459521669945695,27.838464264522784,-27.131328588442557,-10.44728206298281,0,2023-09-25
-0.014734533990868215,4332.64599609375,4441.990014648438,4468.565,0.008425607751943285,0.08658332420634296,25.527165062179094,-35.617858337052894,-15.481397317796828,1,2023-09-26
0.00022931406074522265,4307.10791015625,4430.834008789063,4462.955595703125,0.008357809950655423,0.1162155779675953,26.686156150466033,-41.78277228119714,-20.74167231047689,1,2023-09-27
0.005893173970516585,4301.04794921875,4420.075512695313,4457.6351953125,0.007954813376248001,-0.007649875641144721,30.159702746111194,-44.12718314804806,-25.418774477991125,0,2023-09-28
-0.002709582086142026,4294.6458984375,4409.094995117188,4452.6987890625,0.0075093775108071165,0.005129698431971086,23.71555086436598,-46.39047429702805,-29.613114441798512,1,2023-09-29
7.936755559079245e-05,4284.8359375,4397.726000976562,4447.739794921875,0.007470196652576991,0.018805160943206944,25.50067565704201,-47.60789273550745,-33.2120701005403,0,2023-10-02
-0.013744071674259506,4276.02001953125,4384.357006835938,4441.23599609375,0.008070581189298077,0.003851563729796448,20.79960890648384,-52.720932219880524,-37.11384252440835,1,2023-10-03
0.008109754957160709,4273.86806640625,4374.2705078125,4435.161796875,0.008849414762646538,-0.04457197198665597,20.141089596363912,-53.38989973575826,-40.36905396667834,0,2023-10-04
-0.001304030159777203,4265.566015625,4364.622998046875,4428.990595703125,0.007527645920526637,-0.05191920796272764,22.93416682945889,-53.74912511623825,-43.04506819659032,1,2023-10-05
0.011814893014644445,4269.6560546875,4357.173486328125,4424.412392578125,0.008633479960343778,0.08950514732777326,31.96284974112143,-49.40470585282492,-44.316995727837245,1,2023-10-06
0.00630385429964031,4279.11005859375,4349.58349609375,4419.48099609375,0.008787204904010922,-0.18641578870485365,37.09638756103352,-43.27131982476203,-44.1078605472222,1,2023-10-09
0.005207990781392224,4304.86806640625,4344.4005126953125,4414.8666015625,0.007191257856084918,0.10886623008035579,44.5110620116473,-36.17158015377572,-42.52060446853291,1,2023-10-10
0.00429300817103373,4327.50810546875,4339.876025390625,4410.871005859375,0.007195645992036318,0.023129104833761405,56.766109919555944,-28.704361816492565,-39.757355938124846,0,2023-10-11
-0.00624643434611849,4345.79208984375,4332.101513671875,4407.595400390625,0.007554853864953203,0.030952394173797693,54.055122542187526,-24.707856992720735,-36.74745614904403,0,2023-10-12
-0.005018858888767519,4349.648046875,4325.97451171875,4404.113193359375,0.0077204510023706685,-0.03947602298862962,48.690332130288915,-23.036551958509335,-34.00527531093709,1,2023-10-13
0.01059436938392988,4357.2419921875,4321.979516601563,4402.0251953125,0.008284236205146062,-0.04390785518819251,64.2697742924801,-17.80704248096754,-30.76562874494318,0,2023-10-16
-9.824505308242415e-05,4360.233984375,4318.4420166015625,4399.120400390625,0.006285207651899437,0.11287229175708813,64.09092683688607,-13.541196252341251,-27.320742246422796,0,2023-10-17
-0.013399820506516447,4347.76396484375,4314.06201171875,4395.4248046875,0.007943144855466872,-0.028675705232090842,51.9421090483252,-14.719345074259763,-24.80046281199019,0,2023-10-18
-0.008482848196321058,4333.4419921875,4311.46201171875,4391.63060546875,0.008500891821953432,0.07696627536943534,48.77006664180746,-18.394320231255733,-23.5192342958433,0,2023-10-19
-0.012585283719027562,4312.71806640625,4306.667016601563,4386.73720703125,0.008392396245370746,0.00864038612197815,43.0494600429683,-25.358868699201594,-23.88716117651496,0,2023-10-20
-0.0016855698941634634,4281.40009765625,4300.647021484375,4381.79701171875,0.00788500534106816,-0.05692514791347714,48.48741656271722,-31.094420366262057,-25.32861301446438,1,2023-10-23
0.007265792222727274,4256.29609375,4299.354541015625,4376.9562109375,0.008138322080680882,0.012107730197823185,48.02373606418969,-32.78950640287712,-26.82079169214693,0,2023-10-24
-0.014339628627712542,4230.730078125,4294.967553710938,4371.9344140625,0.008524792979584188,0.012441716250372936,42.26924760098688,-38.60282551813998,-29.17719845734554,0,2023-10-25
-0.011832519778109618,4202.57607421875,4286.84404296875,4366.592412109375,0.008836573826443312,0.10551330061482878,31.430153625916816,-46.66941397504797,-32.67564156088603,0,2023-10-26
-0.004800280229768528,4181.21806640625,4278.31005859375,4361.5326171875,0.00883667761348442,-0.06034635920741338,25.951332241690565,-54.041808110730926,-36.94887487085501,1,2023-10-27
0.012010022325859904,4171.1740234375,4272.23154296875,4357.474814453125,0.009119928579188172,-0.02695857693742998,30.09024748226284,-55.2573333471837,-40.61056656612075,1,2023-10-30
0.006474957307233353,4160.39794921875,4270.4490234375,4353.35541015625,0.009713607177280531,0.08650419059404668,31.272592196131214,-53.42770557940821,-43.173994368778246,1,2023-10-31
0.010505999486313922,4170.61591796875,4269.154516601562,4350.361611328125,0.010114241933060463,-0.005781897507218581,38.95117669890913,-47.87061128003188,-44.11331775102897,1,2023-11-01
0.01885855702012762,4206.72587890625,4272.134008789062,4347.99701171875,0.011667331360036703,0.10529953371677436,49.113160388061615,-36.595850055106894,-42.60982421184456,1,2023-11-02
0.009393730253031363,4254.91982421875,4274.626000976563,4347.637607421875,0.010869371432055021,-0.021161596477778377,48.63117531656857,-24.1097407169309,-38.90980751286183,1,2023-11-03
0.0017529924220356374,4294.75185546875,4276.1419921875,4346.8430078125,0.010751920822950164,-0.20009363459754625,49.36185638639905,-13.442951944876768,-33.81643639926482,1,2023-11-06
0.0028401189192852616,4331.66787109375,4277.148974609375,4345.744404296875,0.01067180168497151,0.03689208334017069,56.13833757684612,-3.9434192220287514,-27.84183296381761,1,2023-11-07
0.0010049156221052513,4360.65185546875,4277.440454101563,4343.44740234375,0.008832433392528276,-0.016279677044125473,60.75061796677659,3.8951632318066913,-21.49443372469275,0,2023-11-08
-0.008083839306732843,4366.56591796875,4277.327465820313,4340.097001953125,0.008106221304144864,0.04592292285045496,63.13578603954695,7.165813579035785,-15.762384263947045,1,2023-11-09
0.015616441094852496,4377.94599609375,4281.70048828125,4338.248603515625,0.00793411317244352,-0.06042381267336272,68.70943892977772,15.062364631163291,-9.597434484924978,0,2023-11-10
-0.0008358389332403515,4387.0599609375,4283.596484375,4336.16419921875,0.008078162610539633,-0.09245091512327153,66.29797657516431,20.78307702307393,-3.5213321833251974,1,2023-11-13
0.019075017703661823,4410.5240234375,4289.721484375,4336.1416015625,0.00911893107916012,0.41311210255423547,79.36764925681427,31.741124137555744,3.5311590808509914,1,2023-11-14
0.0015970120755575135,4434.54404296875,4299.135473632812,4336.889599609375,0.009174757730688984,-0.07513908538725844,87.80422300145491,40.53750507753375,10.932428280187544,1,2023-11-15
0.0011904273935798848,4466.7220703125,4310.647485351563,4338.0316015625,0.008086110876490013,-0.08802278263790009,91.66078577093859,47.394897048854546,18.224922033920944,1,2023-11-16
0.0012820490603360213,4486.47802734375,4325.140478515625,4339.162197265625,0.007929849200739093,-0.04723901001886732,90.8047955817845,52.68845029185468,25.117627685507692,1,2023-11-17
0.007390278097329839,4513.64404296875,4341.657470703125,4340.360595703125,0.007988544693421766,-0.03506528576420875,90.94064914153384,58.896568561178356,31.873415860641828,0,2023-11-20
-0.0020209310950652926,4522.1419921875,4356.182958984375,4341.886396484375,0.008218823833119884,-0.03668524112500304,87.82969270094003,62.35619218067768,37.969971124649,1,2023-11-21
0.00406112922094648,4532.8900390625,4374.675463867187,4343.67,0.008167373967211138,-0.13336921972726345,85.59888096905053,65.82632508242841,43.54124191620488,1,2023-11-22
0.0005968736678840791,4543.1099609375,4395.78095703125,4344.754794921875,0.007146443951242608,-0.4611888353199838,83.76787864668611,68.0118908698978,48.435371706943464,0,2023-11-24
-0.001954157460090089,4550.3919921875,4417.4339599609375,4346.757001953125,0.006300163443548598,1.0762366575175357,80.8559022162104,68.23842171020988,52.39598170759675,1,2023-11-27
0.0009801185306033133,4551.89404296875,4436.837475585938,4348.784208984375,0.006201490297686893,0.05354011028234518,80.33346479487804,67.99403766603609,55.51559289928463,0,2023-11-28
-0.0009462486392383118,4554.3720703125,4454.676489257812,4350.916806640625,0.0028285946147012055,0.2321428571428572,78.84555659824638,66.68388551949192,57.749251423326086,1,2023-11-29
0.0037840728581564065,4556.6080078125,4471.173486328125,4354.228798828125,0.002943406802055016,0.2219038825371824,90.42724848536946,66.2711361216925,59.453628362999375,1,2023-11-30
0.005873742123607695,4563.666015625,4485.0159912109375,4359.521396484375,0.003255923065939734,-0.1856129498268294,88.73003356553713,67.33282147388127,61.02946698517576,0,2023-12-01
-0.005408509126972105,4567.5359375,4495.58798828125,4364.515791015625,0.004000391553414827,-0.006188141328869801,81.30173811073911,65.41495666357241,61.9065649208551,0,2023-12-04
-0.0005688697261614362,4569.9939453125,4505.647998046875,4369.110595703125,0.0033841136112437785,-0.10525617232391515,70.87631732812343,62.95951019066797,62.117153974817676,0,2023-12-05
-0.003906202808869552,4569.7458984375,4514.19599609375,4374.626796875,0.0035830906644064233,0.08586554815278968,62.77359524014091,58.8950796559493,61.47273911104401,1,2023-12-06
0.007968189065892917,4573.30390625,4524.336499023438,4380.8483984375,0.00420392325266822,-0.10052571084019524,68.17860503545937,57.93126565118746,60.7644444190727,1,2023-12-07
0.00409549786994079,4575.251953125,4537.1875,4386.941796875,0.004343040463876797,-0.029293929110105532,70.01113910908757,58.01409682593294,60.21437490044475,1,2023-12-08
0.003924494286698943,4585.783984375,4547.5474853515625,4393.629599609375,0.0042976041372633726,0.031346017410257776,67.83242579827896,58.8593311959512,59.943366159546045,1,2023-12-11
0.00459935752021523,4601.08798828125,4559.155004882812,4400.73580078125,0.004392848662710357,-0.0038789394252474185,73.70699585949038,60.546764917735345,60.06404591118391,1,2023-12-12
0.013650676351045998,4632.63798828125,4569.7244873046875,4410.28859375,0.005588989602448682,0.329607339603716,78.12631202333621,66.23556084385928,61.29834889771899,1,2023-12-13
0.0026470624846992585,4659.42998046875,4580.5579833984375,4419.40458984375,0.005591900864089302,0.24693452351564593,78.89482638974508,70.93173048077915,63.225025214331026,0,2023-12-14
-7.62494933082003e-05,4682.3939453125,4591.10546875,4428.62458984375,0.005602684287601965,0.30169907064256796,81.40538222209298,73.77401981512321,65.33482413448947,1,2023-12-15
0.004528344366900416,4706.01796875,4602.432470703125,4437.265791015625,0.004834823032023367,-0.5059800607861316,82.50639438661761,76.86489380069088,67.64083806772975,1,2023-12-18
0.005866407818910568,4730.951953125,4613.481982421875,4445.919990234375,0.004629442560634031,-0.008218523571917657,85.23086304295626,80.62903172505958,70.23847679919572,0,2023-12-19
-0.014684266911006771,4729.20400390625,4621.489990234375,4452.7221875,0.007264610310122078,0.043295579554851304,68.03728255105909,77.07365068638683,71.60551157663394,1,2023-12-20
0.010301467821202559,4734.64404296875,4630.996484375,4460.11818359375,0.007467555244721232,-0.18330905524930263,69.83520219628537,77.2707244107296,72.73855414345307,1,2023-12-21
0.0016600585268868873,4741.73203125,4640.760986328125,4468.218583984375,0.007485136080213895,-0.11203434387003885,75.21899993471636,77.17314348566288,73.62547201189504,1,2023-12-22
0.0042316894655107795,4748.57001953125,4651.976977539062,4477.15798828125,0.007488878953310087,-0.17489341171141903,77.02659917375863,77.82224876461987,74.46482736244002,1,2023-12-26
0.0014304577464787638,4751.21201171875,4663.311474609375,4485.3169921875,0.007493536930090159,0.09329689607026515,81.13139870978551,77.98879333486093,75.1696205569242,1,2023-12-27
0.0003701746080437829,4768.21201171875,4674.949975585938,4493.519990234375,0.006498200782399208,-0.018042896905528516,79.20953599436888,77.37171393415429,75.61003923237023,0,2023-12-28
-0.0028264750133749628,4772.82802734375,4685.051489257812,4502.62458984375,0.006631927032363882,0.15828905537893778,74.82447297938803,74.92799815692979,75.47363101728214,0,2023-12-29
-0.005660579005492328,4770.46806640625,4692.461499023438,4511.92119140625,0.006966777680597653,0.197369852146152,67.59112734640877,70.00567954905364,74.38004072363644,0,2024-01-02
-0.008016314922730805,4756.480078125,4699.2130126953125,4521.534189453125,0.007287220735129057,0.055492178838113304,58.51231552557442,62.31844056832142,71.96772069257344,0,2024-01-03
-0.0034283812973570083,4737.90009765625,4705.288012695312,4530.9669921875,0.0069363033014559865,-0.059553098644311464,47.04679787135716,54.29877902779481,68.43393235961771,1,2024-01-04
0.0018256861788026324,4720.678125,4712.683032226562,4539.958193359375,0.005252983889005104,0.034689999677026906,46.37584595322628,48.07963259152439,64.36307240599905,1,2024-01-05
0.014114629309846638,4719.4201171875,4721.580541992187,4551.49359375,0.006147073724194727,-0.026545311715573727,55.93344125090312,47.9480392322921,61.080065771257665,0,2024-01-08
-0.0014779006799081618,4722.1541015625,4729.187036132813,4563.878994140625,0.006153996342996675,-0.05674554821607991,52.21757731461542,46.73692406286682,58.2114374295795,1,2024-01-09
0.00566597189372442,4737.88212890625,4737.237548828125,4577.200595703125,0.006277595680662672,-0.008861290212920259,52.102983834724704,47.40530326773023,56.05021059720965,0,2024-01-10
-0.0006710555783868699,4756.194140625,4744.06455078125,4589.46900390625,0.006266983995291186,0.07465958590096844,64.03526243466123,47.13266555267728,54.26670158830318,1,2024-01-11
0.0007509755941104146,4773.512109375,4747.9015625,4601.269609375,0.006270709414241669,-0.07275478803901181,57.508522974458764,46.66830541350282,52.747022353343105,0,2024-01-12
-0.0037313402367431525,4774.00009765625,4750.223071289062,4611.83201171875,0.0063227831349340876,0.22206956292272118,52.20913457426284,44.34871853514869,51.06736158970423,0,2024-01-16
-0.005616897183990499,4770.54208984375,4751.224072265625,4620.260615234375,0.0063184997935048825,-0.07791247608876783,43.25718414762937,39.89047975291851,48.831985222347086,1,2024-01-17
0.008805260963896,4770.0400390625,4753.24306640625,4628.7126171875,0.006202621311138775,0.023010741740060014,49.892752840699934,39.27185259907219,46.91995869769211,1,2024-01-18
0.012313502764936146,4781.95400390625,4756.8150634765625,4638.18921875,0.006751299687057602,0.06673301816372224,57.94002851076569,43.03582240974447,46.143131440102586,1,2024-01-19
0.0021943252026270788,4795.2740234375,4764.4190673828125,4647.630224609375,0.006743977079345445,0.002428158238477307,61.428094715227076,46.341553718992145,46.1828158958805,1,2024-01-22
0.002921374261968035,4814.998046875,4770.311572265625,4657.266630859375,0.005563057849682808,-0.08954046551455341,67.91736537099224,49.53376941035185,46.853006598774776,1,2024-01-23
0.0008119284117831249,4840.866015625,4776.007568359375,4667.690625,0.005444582537295386,0.10663207932938046,76.77763493064816,51.785382043848585,47.839481687789544,1,2024-01-24
0.005260365527706368,4863.51005859375,4781.978076171875,4677.2690234375,0.005418536889944155,-0.07150065934878047,82.59308426183952,55.00231021987747,49.272047394207135,0,2024-01-25
-0.0006517852510764532,4873.74208984375,4787.447583007813,4686.857431640625,0.005417364651275467,-0.16591011409227374,81.26188791518075,56.641420328576714,50.745921981081054,1,2024-01-26
0.007556774896180896,4889.24208984375,4794.676586914063,4695.50203125,0.005623900589432437,0.051219657660881435,79.30198351567056,60.2285100859217,52.64243960204919,0,2024-01-29
-0.0006006499345398986,4901.31611328125,4802.43359375,4703.943837890625,0.005285340301628193,0.0882144356568213,80.47247182179326,62.11642101662255,54.53723588496386,0,2024-01-30
-0.016105744611597972,4896.7361328125,4807.5745849609375,4710.69203125,0.00772781058302166,0.22418166224815117,59.45858449054995,56.56012777410524,54.94181426279214,1,2024-01-31
0.012493688211609788,4899.14208984375,4817.643579101563,4718.5354296875,0.008151815146986168,-0.06601833002563817,66.30922046801004,56.39175153752694,55.2318017177391,1,2024-02-01
0.01068444607751462,4912.67001953125,4831.140063476562,4726.760029296875,0.007950350775726528,-0.09387404271230182,70.09145721986665,59.79883797995171,56.14520897018163,0,2024-02-02
-0.0031863375266721894,4915.64599609375,4843.4185546875,4734.852431640625,0.008149642973699266,0.012402028004579346,70.42341529438303,60.52635618079785,57.021438412304875,1,2024-02-05
0.0023104108269635937,4921.49794921875,4852.953051757812,4742.80462890625,0.008143576338402705,0.10369714984441947,75.74719673325436,61.31758094720681,57.88066691928526,1,2024-02-06
0.008241457963390042,4951.37998046875,4864.8810546875,4751.519033203125,0.008373272669915941,0.10239186827835933,75.69481554399287,64.49581078901247,59.203695693230706,1,2024-02-07
0.0005705832608251526,4969.7240234375,4875.604052734375,4760.4686328125,0.00833899342362934,-0.11310791957659849,71.91937080197295,66.47824012723322,60.658604580031216,1,2024-02-08
0.0057423415255595245,4983.3240234375,4887.922534179687,4769.90302734375,0.008347022577232853,-0.09877563993311622,73.2599037154888,69.56327404283638,62.439538472592254,0,2024-02-09
-0.0009489536011326738,4999.12998046875,4899.823022460938,4779.32822265625,0.008237782816289532,-0.02740870791900818,71.28774787900582,70.80706516461578,64.11304381099696,0,2024-02-12
-0.013674255653625456,4998.91796875,4909.18251953125,4787.035625,0.009606063225258631,0.1304476921702482,59.74796212007011,65.49668478094281,64.38977200498613,1,2024-02-13
0.009579763275017639,5000.02998046875,4922.25302734375,4795.1554296875,0.007926131805413983,-0.10612966884307762,61.67631704657674,64.3749301487951,64.38680363374793,1,2024-02-14
0.005821250684729495,5006.3939453125,4934.692529296875,4804.35443359375,0.00731215809742849,0.07602714790929888,64.4001475586941,65.08459945773848,64.52636279854605,0,2024-02-15
-0.0048034698371121065,5002.1859375,4942.980517578125,4813.1222265625,0.007023869743970668,-0.07363513993576565,58.277148021055446,62.971597426765584,64.21540972418995,0,2024-02-16
-0.006005322001165325,4992.919921875,4949.2344970703125,4821.645625,0.007261553302811081,0.05259478200074619,55.093684824898894,58.200533071069,63.01243439356577,1,2024-02-20
0.001264199922982101,4998.6458984375,4955.094482421875,4829.56982421875,0.007243020206606743,-0.06108979697041794,66.09071299225457,54.301035246707215,61.27015456419406,1,2024-02-21
0.02112288421741404,5015.92783203125,4966.018481445312,4839.223017578125,0.009538827510409083,0.0695070993218756,69.33041884313946,59.02147231348499,60.82041811405225,1,2024-02-22
0.0003479475462115911,5027.741796875,4975.750463867187,4848.55021484375,0.00954244841765757,-0.09352100717968459,65.60619310007363,62.18840921087758,61.09401633341732,0,2024-02-23
-0.003786751350190576,5040.5337890625,4984.678442382812,4857.066806640625,0.009585666382416758,0.0030331165136041616,65.0648750563071,62.423718222457865,61.359956711225436,1,2024-02-26
0.0017063496993998672,5061.06787109375,4992.190942382813,4864.48861328125,0.0095657690004974,0.06569614514933786,64.83330138977837,62.58675538141688,61.605316445263725,0,2024-02-27
-0.001658155060430544,5078.65986328125,4999.430419921875,4871.4928125,0.008144865291652904,-0.034789031954049365,59.691169781870286,61.32953803900364,61.55016076401171,1,2024-02-28
0.005229094697149161,5080.50791015625,5011.96142578125,4879.0344140625,0.007826262989745283,0.37746907797338336,62.02263902301025,61.76040467164057,61.592209545537486,1,2024-02-29
0.00800782894888763,5090.16396484375,5023.505932617188,4886.964814453125,0.007976358769308953,-0.09035507515700014,63.11463911454174,64.64965921840212,62.203699480110416,0,2024-03-01
-0.0011932620709189656,5102.448046875,5032.12294921875,4894.216416015625,0.007704100123914516,0.0021756025028907278,62.911512646993565,65.6875784341737,62.900475270923074,0,2024-03-04
-0.010193100883444606,5102.5419921875,5038.91494140625,4901.822412109375,0.008308149587387806,-0.07145829305402607,65.44705037995044,61.580083469716556,62.636396910681775,1,2024-03-05
0.005141103203274655,5109.5419921875,5046.441430664063,4908.982607421875,0.00835592577956432,0.0318304548468793,63.53091050279529,59.74303139783751,62.057723808112925,1,2024-03-06
0.010304127925951478,5121.7599609375,5054.556420898438,4917.03720703125,0.0060569902738007945,-0.09235915377107073,65.62898369093375,61.818932506147576,62.00996554771986,0,2024-03-07
-0.0065285190034379825,5119.08193359375,5060.84541015625,4924.016005859375,0.0065581145574246545,0.01713154727669064,64.13524397626266,60.054941800337474,61.618960798243386,0,2024-03-08
-0.001122238087346461,5116.4798828125,5065.4119140625,4930.743203125,0.006407843691058219,-0.07423370168239929,68.09734573668806,57.529821540226294,60.80113294663997,1,2024-03-11
0.011201787981366396,5135.80390625,5073.083422851562,4938.5816015625,0.007185540608611727,0.04724324574033156,71.76016897305811,59.469180029708696,60.53474236325371,0,2024-03-12
-0.0019245297153407392,5147.91396484375,5083.6904296875,4946.491201171875,0.007200751969697648,0.049596741583772586,61.20590833855238,59.51638218993321,60.33107032858962,0,2024-03-13
-0.0028710915621273925,5146.53798828125,5091.183422851563,4954.64419921875,0.007239173629704475,0.09458099554272925,58.51133645521005,57.69208839449766,59.80327394177123,0,2024-03-14
-0.006482917484461503,5145.21796875,5095.551416015625,4962.889794921875,0.0071485780707690166,0.6539504305701616,56.31672401694957,52.94173803709691,58.43096676083637,1,2024-03-15
0.006318059504952345,5151.51396484375,5102.743920898438,4972.10458984375,0.007440749579644276,-0.479443927843202,58.90182784637744,51.19566649027729,56.983906706724554,1,2024-03-18
0.0056491496501236416,5152.1619140625,5112.8939208984375,4981.72998046875,0.006574558193052966,-0.0011049942768233123,62.9214917268107,51.56479265456073,55.9000838962918,1,2024-03-19
0.008904173912846591,5164.02392578125,5125.034936523438,4990.95158203125,0.0068770591356327885,0.008207333769867153,64.571638906782,54.94467974376221,55.70900306578588,1,2024-03-20
0.0032365354015160275,5182.23388671875,5132.759936523437,5000.652177734375,0.0063077966763628035,0.0351501285410285,62.53867174357249,58.315508614646205,56.23030417555795,0,2024-03-21
-0.0014021878490156903,5205.651953125,5140.028955078125,5009.66677734375,0.0057543901272946426,-0.19797610588131842,62.3560655561413,59.70561357913175,56.925366056272715,0,2024-03-22
-0.0030549644525015296,5219.40595703125,5147.461962890625,5018.425771484375,0.005906966013462293,-0.012842623047974677,68.29218022705044,58.8387470504058,57.30804225509934,0,2024-03-25
-0.002799795225030266,5224.42001953125,5153.731958007813,5026.820771484375,0.005072781775512186,0.16222503722203552,63.356987101304654,56.32359190659918,57.11115218539931,1,2024-03-26
0.008630626525532925,5229.19404296875,5162.668481445313,5036.4709765625,0.005572524096816954,-0.00549874864080957,62.57907627853183,57.29374103146165,57.147669954611786,1,2024-03-27
0.0011164855071790214,5231.75810546875,5170.572485351562,5046.773779296875,0.005354422045508865,0.03837683417737958,69.53534279857263,57.86836273256176,57.29180851020178,0,2024-03-28
-0.0020135845401164643,5233.67607421875,5175.906982421875,5056.030380859375,0.0047149532164981744,-0.168157728217454,68.5453320744289,56.815101562682685,57.19646712069797,0,2024-04-01
-0.0072390590731691296,5231.20009765625,5179.649975585938,5063.350380859375,0.00538354076526256,0.16857239929884282,54.77367297905403,52.314286365481166,56.22003096965461,1,2024-04-02
0.001091122364688113,5232.78212890625,5186.2919921875,5070.57158203125,0.005143445831220475,-0.0471724570896338,57.31624865204402,48.644951884521106,54.70501515262791,0,2024-04-03
-0.012334336350379616,5212.52607421875,5188.414501953125,5076.223779296875,0.005708855749149021,0.10056841963140495,49.552113832774005,40.08798765075335,51.781609652252996,1,2024-04-04
0.011099194174331695,5202.5240234375,5190.763500976563,5082.939580078125,0.0068562954425154185,-0.16902700898991085,61.2207092818515,37.48433979850597,48.9221556815036,0,2024-04-05
-0.00037463099831791524,5194.248046875,5194.698510742188,5089.1041796875,0.006852145480098879,-0.03206585606387191,57.38961858143409,34.86174060922622,46.11007266704812,1,2024-04-08
0.0014454931932483817,5195.06806640625,5199.297021484375,5095.482978515625,0.0068198231969840125,0.037368295822682196,54.661026776913175,33.009600459328794,43.48997822550426,0,2024-04-09
-0.009456980649108493,5184.898046875,5198.56552734375,5100.137177734375,0.007408091286493661,0.13092969641365837,40.5911658306035,27.251943792850398,40.24237133897349,1,2024-04-10
0.007444797710585593,5195.26806640625,5200.25302734375,5105.618974609375,0.00724805907001237,-0.08750809297101092,44.12606095314247,25.495232835719435,37.29294363832268,0,2024-04-11
-0.01455068829580164,5179.08212890625,5198.8995361328125,5111.1741796875,0.008365565894312114,0.12932198849939303,37.114073145046135,17.793598333784757,33.3930745774151,0,2024-04-12
-0.01202135494776202,5150.96806640625,5196.13603515625,5114.28677734375,0.008884888018184676,-0.0032826842819727586,33.5541884063925,6.6435892789641,28.0431775177249,0,2024-04-15
-0.0020565070133361507,5119.26806640625,5191.235546875,5116.142783203125,0.008792553683430179,0.014173929993595236,33.85327831650153,-2.998284083761064,21.83488519742771,0,2024-04-16
-0.005780602724641426,5091.58203125,5183.420556640625,5117.73078125,0.00870789312418727,-0.10235884379212223,25.161331126509324,-12.84765020103805,14.898378117734559,0,2024-04-17
-0.002208160119998248,5053.99404296875,5172.745556640625,5118.868583984375,0.0081583445773792,0.006570952663001561,23.603847070980052,-21.30263796869349,7.65817490044895,0,2024-04-18
-0.00875854812743615,5022.7580078125,5159.03056640625,5118.311982421875,0.006733245794411515,0.07154894247132404,22.012385920454165,-31.185358516714587,-0.11053178298375725,1,2024-04-19
0.008731248071466746,5012.5140625,5147.8515625,5118.56578125,0.00788940050579794,-0.015082178536899749,30.457514806320233,-35.11311759189721,-7.1110489447664476,1,2024-04-22
0.011964576270872662,5016.3419921875,5140.469555664063,5119.444580078125,0.009240406702753176,-0.018022380734245114,37.2733060674522,-33.007959410793774,-12.290431037971913,1,2024-04-23
0.0002130100613548791,5026.2259765625,5133.872045898437,5120.440380859375,0.008952645581027001,-0.025233246254731556,42.29591552324146,-30.89629979556139,-16.01160478948981,0,2024-04-24
-0.004576430353515626,5033.6859375,5123.8685302734375,5122.345380859375,0.00837649393533302,0.08239852983805251,32.925968542940126,-30.741277894931045,-18.957539410578057,1,2024-04-25
0.01020914263474304,5060.23193359375,5116.1490234375,5124.332177734375,0.008209156232180806,-0.08941524235418952,39.88223911594451,-26.158037929110833,-20.397639114284615,1,2024-04-26
0.0031784486665891176,5081.3458984375,5109.769018554687,5126.0609765625,0.007164886818520623,-0.043475003745692464,40.896883185360664,-20.97598081068554,-20.513307453564803,0,2024-04-29
-0.01573051358686217,5074.37392578125,5101.263012695313,5126.66337890625,0.008921858272713823,0.1841999158798533,38.55955693531426,-23.096977455458727,-21.03004145394359,0,2024-04-30
-0.0034354388154940185,5063.7259765625,5091.6080078125,5127.520986328125,0.008790944837788063,0.11309329890972863,32.79234851712059,-25.87555494474873,-21.99914415210462,1,2024-05-01
0.009128437077573048,5066.88203125,5087.45751953125,5129.168994140625,0.009201827071497857,-0.03576230642779654,44.02076475356648,-24.103261352585832,-22.419967592200862,1,2024-05-02
0.012556739721478527,5072.448046875,5083.630029296875,5129.98419921875,0.009134906434069393,-0.1042230570149213,56.63511507964181,-17.367337112542373,-21.409441496269167,1,2024-05-03
0.01032612390701182,5085.362109375,5082.547534179687,5131.8230078125,0.009254878045241043,-0.06158996583430787,61.98233150326986,-7.668038015071943,-18.661160800029723,1,2024-05-06
0.0013434298232750663,5115.76416015625,5081.437036132813,5134.186416015625,0.008756706183620858,0.08270956356478654,65.99156739291269,0.5737235522065021,-14.814183929582478,0,2024-05-07
-5.835618166138978e-06,5149.6201171875,5082.788525390625,5136.3762109375,0.008762831929531228,-0.03655817988961585,67.43288147295299,7.0219910181403975,-10.446948940037904,1,2024-05-08
0.005090947698625836,5179.59609375,5083.539526367187,5139.2626171875,0.008447581418890824,-0.029861273782566866,75.24596827755789,14.100822824576426,-5.537394587115038,1,2024-05-09
0.001649398844549843,5198.57412109375,5088.50302734375,5141.7908203125,0.008092084410776941,-0.02936923353463705,73.35065879028599,20.172270658898015,-0.39546153791242744,0,2024-05-10
-0.00024130405535727206,5206.71005859375,5096.4830322265625,5143.4776171875,0.008128188868148697,0.17629287708339092,69.07668409393438,24.598686506270496,4.603368070924158,1,2024-05-13
0.004837813139759728,5218.5060546875,5106.246533203125,5145.792216796875,0.005198056211155204,0.11933848875980746,70.85864762620685,29.80141220819951,9.642976898379228,1,2024-05-14
0.011715927882596233,5242.60205078125,5120.543530273438,5150.382216796875,0.004951797771362527,-0.08455195462236387,78.36281444654529,38.44157250149874,15.40269601900313,0,2024-05-15
-0.0020816677921287052,5259.2060546875,5134.842529296875,5154.2290234375,0.0053289022081990725,-0.12459611861099196,73.61636415748805,43.89138235734299,21.100433286671105,1,2024-05-16
0.0011647735102702228,5275.3240234375,5151.64453125,5157.1472265625,0.004585560185926818,-0.06269859357113483,72.96606583532419,48.15317721041356,26.510982071419598,1,2024-05-17
0.0009163899374069473,5292.666015625,5166.521020507813,5160.836025390625,0.0039187859355146,-0.04416285647211382,91.06471797845923,51.33111751704564,31.475009160544808,1,2024-05-20
0.002501874243978186,5307.61201171875,5179.064038085938,5164.9054296875,0.003899878317544664,0.07079909944153684,96.23426722949768,54.29538182048054,36.03908369253196,0,2024-05-21
-0.002706123039226127,5307.383984375,5190.833032226563,5167.540224609375,0.004180283495046153,0.05048549521604273,90.97484525481045,54.85031121837983,39.801329197701534,0,2024-05-22
-0.0073807894850155265,5301.53193359375,5201.804028320313,5169.5908203125,0.005025133928493526,0.005819922903567143,75.75665598643658,51.53534405897426,42.148132169956085,1,2024-05-23
0.0070010425881694704,5301.82197265625,5212.042041015625,5172.675625,0.005370617239383952,-0.22328609233186547,74.23365229889994,51.29287410328379,43.97708055662163,1,2024-05-24
0.0002488018529340774,5301.40400390625,5221.535546875,5176.45462890625,0.005354434809467139,0.24822076785637037,73.65272383034372,50.62365570982729,45.30639558726276,0,2024-05-28
-0.007367046509680453,5290.51201171875,5233.098559570312,5178.805234375,0.005902829969890218,-0.05298890588931482,63.70584342353172,46.4041534134185,45.52594715249391,0,2024-05-29
-0.005975035585443322,5276.2060546875,5243.953051757812,5179.944638671875,0.004653924217185858,0.07487157835479552,53.63596692810696,40.05900879577894,44.43255948115092,1,2024-05-30
0.00802787620486467,5278.1400390625,5254.6185302734375,5181.002431640625,0.0055023175668352025,0.4238062193126022,58.365554100344035,37.98403209874505,43.14285400466974,1,2024-05-31
0.0011160825806737495,5273.8759765625,5262.3990234375,5181.839833984375,0.005500842816478293,-0.25569230995593284,59.3247756132894,36.39534009887575,41.793351223510946,1,2024-06-03
0.0015028090913065117,5270.9359375,5267.92900390625,5182.98302734375,0.005519077300182745,-0.0837723503306218,57.08838568977356,35.369262318292385,40.50853344246724,1,2024-06-04
0.011847649793331305,5288.35185546875,5276.2454833984375,5185.69982421875,0.006709690311287359,-0.03140322015156827,57.25396041132693,39.16319371556074,40.239465497085945,0,2024-06-05
-0.00019981663563317653,5311.8478515625,5284.509985351562,5188.687421875,0.006617338884366584,0.005159461611712324,59.11967233239958,41.604000784682285,40.512372554605214,0,2024-06-06
-0.0011152197300303701,5325.7439453125,5291.155493164062,5190.657421875,0.006017475043251699,0.022928041351915063,57.142424111893384,42.56597684485314,40.9230934126548,1,2024-06-07
0.0025808546645145203,5341.22197265625,5298.060986328125,5192.786220703125,0.005724412269187557,-0.019085995298909197,58.358754960317455,43.9354185554439,41.525558441212624,1,2024-06-10
0.0027103813151374556,5358.01796875,5305.7559814453125,5195.417216796875,0.00573824283776925,-0.014976754972006567,58.52328082275325,45.66672562258282,42.353791877486664,1,2024-06-11
0.008503672791998707,5371.41796875,5314.473461914063,5199.721611328125,0.005244320970596128,0.1106520965350628,66.40296936924787,50.14912290811753,43.91285808361284,1,2024-06-12
0.0023446558536817097,5387.5740234375,5320.752978515625,5204.166611328125,0.004244575445055113,-0.10912880661343882,75.83316606144656,54.10341162610803,45.95096879211188,0,2024-06-13
-0.000393860697500914,5404.49599609375,5327.477978515625,5209.8544140625,0.004131472966294126,-0.02598303865306284,72.15396000436515,56.41421482502028,48.04361799869356,1,2024-06-14
0.007664386564552705,5426.983984375,5335.9759765625,5215.232216796875,0.004333143978156833,0.002672560452503081,75.590080401304,60.9026784693242,50.61543009281969,1,2024-06-17
0.0025213273947457537,5449.3259765625,5344.920971679688,5220.925009765625,0.004291590854692164,0.027985637384565498,86.51204990076552,64.82607254213417,53.457558582682594,0,2024-06-18
-0.0025259318472709014,5459.75400390625,5352.508959960937,5226.190205078125,0.0035891357043811027,0.08541247570062604,91.88087941509983,66.05556800646264,55.97716046743861,0,2024-06-20
-0.001562130321101196,5465.92998046875,5360.389477539063,5232.2698046875,0.0037143956427286694,0.7607731618430698,87.37885101601273,65.58404222131867,57.89853681821462,0,2024-06-21
-0.003065171894990004,5469.183984375,5369.3909912109375,5237.246005859375,0.003944415489733969,-0.45425758067849653,81.48973604844878,63.131034358640136,58.94503632629973,1,2024-06-24
0.003933590015736899,5468.39794921875,5377.619970703125,5244.163798828125,0.003994088266180417,-0.028346520592412272,82.39892614585926,62.199210855304045,59.5958712321006,1,2024-06-25
0.0015724312002203256,5466.57197265625,5386.212963867188,5252.485400390625,0.003988220795454345,-0.007806323010278504,78.08224333826303,61.446374466519046,59.96597187898429,1,2024-06-26
0.0009073212238914774,5468.51201171875,5397.008959960937,5261.114599609375,0.0032446353196120582,0.007185907652248025,78.9397657460102,60.552786178322094,60.08333473885185,0,2024-06-27
-0.004083652583445674,5467.683984375,5408.258959960937,5269.88,0.003597029825733142,1.0056163341718833,73.55833456652226,57.37651338033811,59.541970467149106,1,2024-06-28
0.0026755639309195,5473.1279296875,5418.137963867188,5279.15939453125,0.003643243692316951,-0.5153975013959846,73.6469613706158,55.399576340189924,58.71349164175727,1,2024-07-01
0.006195317856513505,5481.069921875,5429.41845703125,5289.994990234375,0.003354001650888018,-0.0455204714569073,75.6042500902424,55.925222554145876,58.15583782423499,1,2024-07-02
0.005084444409779065,5492.8939453125,5441.702465820313,5300.523388671875,0.003601145165329604,-0.3454946770972537,73.83000750368163,57.934165368950744,58.11150333317815,1,2024-07-03
0.005448765178485582,5509.75791015625,5452.3604736328125,5310.45619140625,0.003637745189727107,0.4926014122699556,75.58178063907417,61.25462242050435,58.740127150643396,1,2024-07-05
0.0010166989647510949,5532.23193359375,5463.35498046875,5320.480595703125,0.00346737432475688,-0.020721900475856758,76.71651384958662,63.609584171203096,59.71401855475534,1,2024-07-08
0.0007410719362856977,5552.6099609375,5474.854467773437,5331.051796875,0.003035418795420089,0.014832044750397788,72.86757298940137,65.05919346894552,60.78305353759338,1,2024-07-09
0.010208065293514812,5577.5900390625,5488.510473632812,5341.73080078125,0.003919169914616522,0.031915420115561144,77.20208565811629,69.9949504629003,62.62543292265477,0,2024-07-10
-0.008763028841120457,5587.09404296875,5498.971484375,5351.098203125,0.005409909774560621,0.2052846137705704,68.2280977680598,69.12597636100872,63.92554161032556,1,2024-07-11
0.0055170270744306915,5596.72607421875,5508.6875,5362.69140625,0.005507365684418983,-0.07974981036819662,72.99462332751817,70.11517823326176,65.1634689349128,1,2024-07-12
0.0028262026252154904,5608.40009765625,5518.561499023437,5374.9480078125,0.005014349659479947,-0.021568638049012545,78.04628109543776,71.35715282923411,66.40220571377706,1,2024-07-15
0.006389375498743188,5626.444140625,5530.34150390625,5387.0080078125,0.005116324319168439,0.11636334509055457,78.98188006807487,74.38722079419313,67.99920872986029,0,2024-07-16
-0.013927543241993745,5617.31611328125,5536.093505859375,5396.217607421875,0.007380153900242095,0.050643778947785156,63.402532534218146,69.61706377228984,68.3227797383462,0,2024-07-17
-0.007816403936922511,5609.32607421875,5538.971508789063,5403.494599609375,0.007791162385080306,-0.056268176947803505,56.85073015487608,61.60194594326549,66.97861297933007,0,2024-07-18
-0.007140265531926926,5587.2560546875,5540.563012695313,5409.840595703125,0.007859146580940004,-0.06161930974595198,54.75986380849662,51.46211457074514,63.87531329761308,1,2024-07-19
0.01079203564940956,5573.89404296875,5545.552514648438,5417.375400390625,0.008712570371717486,-0.1024818046200443,58.714841070203526,47.670611121382535,60.63437286236697,0,2024-07-22
-0.001558102589770738,5551.60205078125,5550.946020507812,5424.208603515625,0.008717735553259194,0.037043950248579316,54.79571220114491,43.465187458818036,57.20053578165719,0,2024-07-23
-0.02314909375473495,5519.3740234375,5548.8375244140625,5428.29759765625,0.010441523354278302,0.12723236605803656,40.65259665552728,29.415494863973436,51.64352759812044,0,2024-07-24
-0.005142620237842288,5490.30009765625,5544.903540039062,5431.853603515625,0.010307718817763807,0.1638732242653116,35.65711703057352,15.846269376329474,44.48407595376225,1,2024-07-25
0.011090468702846357,5481.1201171875,5543.7150390625,5436.102001953125,0.010968208127676054,-0.20760563748334104,41.11009349360808,9.811268328302504,37.5495144286703,1,2024-07-26
0.0008133101292933098,5460.94609375,5543.8680419921875,5439.2098046875,0.010872276395915715,-0.07112293439816197,41.13862009253291,5.325365188286014,31.104684580593442,0,2024-07-29
-0.004960171878030217,5437.08603515625,5541.935546875,5441.9966015625,0.01036798131108439,0.11768447648943625,33.82056068484941,-0.4117503633742672,24.8013975917999,1,2024-07-30
0.0157933986591674,5456.12001953125,5542.600048828125,5446.377197265625,0.011442022954746629,0.2036058595880077,45.18815816096953,1.9472707096238082,20.230572215364685,0,2024-07-31
-0.013693502993456064,5465.61201171875,5538.083056640625,5449.148203125,0.011962836415990923,0.03446516425440582,37.80493315653389,-2.259019595616337,15.73265385316848,0,2024-08-01
-0.018381860868696753,5443.10400390625,5527.0515625,5449.651201171875,0.013011483298231376,0.09627265808037211,31.653762057554005,-13.515592350056977,9.88300461252339,0,2024-08-02
-0.02996879838863975,5387.66201171875,5507.725561523437,5447.237607421875,0.014559130390438843,0.03428715492247569,23.286471777277953,-34.9626994474811,0.9138638005224918,1,2024-08-05
0.010354085880061037,5348.37998046875,5490.8780517578125,5446.68140625,0.015502924694138536,-0.12057563399428117,30.096448485457373,-47.083815849551684,-8.685672129492344,0,2024-08-06
-0.007734647858502863,5283.82001953125,5469.157543945313,5444.577001953125,0.014297354517237274,-0.02812892441457593,30.205223232641217,-59.27699457190556,-18.803936617974987,1,2024-08-07
0.023042611519136447,5258.34599609375,5455.896044921875,5444.84240234375,0.016668677707102356,-0.11877997305989563,40.24624141240512,-58.59703596716099,-26.76255648781219,1,2024-08-08
0.004671676849538509,5257.866015625,5442.3365478515625,5446.3866015625,0.01625420392707763,-0.12458331569919567,37.99503909639164,-55.41418840434471,-32.492882871118695,1,2024-08-09
4.303397765514916e-05,5289.47802734375,5427.995043945312,5448.5648046875,0.01624117676762454,-0.04443180525537482,38.37316435703138,-52.27065767352724,-36.44843783160041,1,2024-08-12
0.016847579753558328,5328.35810546875,5416.35654296875,5451.703212890625,0.017245068679219953,0.08595424027427256,50.41940335937854,-42.02941928202108,-37.56463412168454,1,2024-08-13
0.0038237284285767004,5379.50009765625,5409.703540039062,5455.1394140625,0.016430744823536573,-0.0737000476845584,53.243191721286955,-31.869042589236415,-36.42551581519492,1,2024-08-14
0.016133247764330783,5424.28212890625,5409.63505859375,5460.177021484375,0.016596941088468244,0.10155471072913125,54.71885405128239,-16.5246925315505,-32.44535115846604,1,2024-08-15
0.001989779357261412,5466.30009765625,5412.09755859375,5464.18142578125,0.015007293958586519,-0.09819757151566755,55.051176833333514,-3.434581362420431,-26.643197199256917,1,2024-08-16
0.009722284736913167,5519.0720703125,5414.28955078125,5469.2872265625,0.009156838702905937,-0.04039682043309534,59.2889474126047,11.168036577638304,-19.080950443877875,0,2024-08-19
-0.0019845553982971165,5551.61005859375,5416.358544921875,5474.28982421875,0.009608004985176175,-0.07064756909421022,54.40078531294767,21.59370913734074,-10.946018527634154,1,2024-08-20
0.004239676828782013,5584.7380859375,5426.0445556640625,5479.491025390625,0.008268050045122873,0.04182779970745587,60.91031215666315,31.408878853847455,-2.475039051337832,0,2024-08-21
-0.008932805548120926,5590.2220703125,5434.615551757813,5483.397431640625,0.007916481521392802,-0.04428032452150388,64.97302404735865,34.73553768682177,4.967076296294089,1,2024-08-22
0.01148337085011919,5606.29404296875,5443.391040039062,5487.669033203125,0.008205808253449276,0.10411097657913881,84.37628010948563,42.04904586935936,12.383470210907145,0,2024-08-23
-0.0031537266931381813,5608.01201171875,5451.0560302734375,5491.331025390625,0.008492212501813697,-0.10734399776423631,80.58079605246994,45.88225960111231,19.08322808894818,1,2024-08-26
0.0015951960865450143,5613.74794921875,5460.5240234375,5495.21501953125,0.0074351816171117895,-0.04749929387423135,86.46583064349058,49.07736969819962,25.08205641079847,0,2024-08-27
-0.00597597320797616,5608.01396484375,5464.018041992187,5497.5940234375,0.008010125078863986,0.09091136445646475,77.37850512160756,48.33946710142209,29.733538548923196,0,2024-08-28
-3.937906806072977e-05,5612.2779296875,5471.28203125,5499.692626953125,0.006431375823971603,0.00399220553799795,76.15581732870443,47.192894172235356,33.22540967358563,1,2024-08-29
0.010093051774424433,5615.0359375,5486.3740234375,5503.1972265625,0.007064092338201492,0.3654082018762803,78.6850820176659,50.259102796622756,36.63214829819306,0,2024-08-30
-0.02115107439771169,5597.45400390625,5503.5040283203125,5504.483427734375,0.009497963522238629,-0.07632858320293368,58.447473038586644,42.558301134999056,37.81737886555426,0,2024-09-03
-0.0016025435809103872,5576.3080078125,5517.506030273437,5505.927421875,0.009496041560783633,-0.10040736094766378,55.92414694299871,35.333105963384696,37.32052428512035,0,2024-09-04
-0.003018017615584734,5558.55400390625,5532.7015380859375,5506.60962890625,0.009297100005085787,0.012509559707199802,45.81887590526662,27.94070767514404,35.44456096312509,0,2024-09-05
-0.01726024985928465,5521.84599609375,5537.15703125,5505.220029296875,0.010299042068186662,0.08551389263555431,36.9801384553682,14.25296145728953,31.206241061957982,1,2024-09-06
0.0115800702824842,5486.3759765625,5543.501513671875,5504.983623046875,0.01031408486024405,0.0008213874646856301,37.936518022280346,8.36263286187932,26.63751942194225,1,2024-09-09
0.004472672652839682,5479.6939453125,5551.0580078125,5505.684423828125,0.010571429596254518,0.00581295054287323,41.27146195052583,5.604442321821807,22.430904001918165,1,2024-09-10
0.010665025888896507,5486.50595703125,5557.042993164063,5507.265224609375,0.01129118075437295,-0.0022686048989392082,44.592118375549816,8.055029228009516,19.55572904713644,1,2024-09-11
0.007495302358939249,5504.97587890625,5564.070483398437,5509.000224609375,0.011463491178544772,-0.04802250322311785,52.06474249014887,13.204111852053757,18.285405608119902,1,2024-09-12
0.005407711405364557,5548.4958984375,5568.210473632813,5510.780224609375,0.011583676759181032,-0.04220986191782916,49.25252387912574,19.501742574500895,18.5286730013961,1,2024-09-13
0.0012566297656613212,5580.90390625,5572.1524658203125,5512.09822265625,0.011112276485874865,-0.0182016059232345,51.44088475866046,24.77751623974291,19.778441649065464,1,2024-09-16
0.00026455008109871336,5608.71591796875,5573.468969726562,5513.332822265625,0.008349392639532837,0.0018998740206046527,50.788997040932024,28.747471383567245,21.57224759596582,0,2024-09-17
-0.002896455862498093,5621.54189453125,5574.525952148438,5514.15841796875,0.00841988093636257,0.07195667324892563,52.418715736256694,30.228323318090588,23.303462740390774,1,2024-09-18
0.01697685316676334,5645.11796875,5579.165454101562,5515.753017578125,0.009459414225372404,0.09024784701697741,59.59198064367629,38.65274320226854,26.37331883276633,0,2024-09-19
-0.0019410273951238066,5660.42392578125,5585.7609375,5518.113212890625,0.006423897748465849,0.9548270232797371,54.597303278002144,43.92788621783802,29.88423230978067,1,2024-09-20
0.0028092730585327352,5677.519921875,5589.958935546875,5520.177607421875,0.006064133279496226,-0.5513622277641771,69.53109127738452,48.83818060896465,33.67502196961747,1,2024-09-23
0.0025111788443470395,5697.18994140625,5595.763452148438,5522.211806640625,0.0060950007968872365,0.09722485869303443,71.67702604596582,53.27427200176771,37.59487197604752,0,2024-09-24
-0.0018612489301417234,5717.98994140625,5600.586450195313,5523.312998046875,0.005915781376618501,-0.0639862008774218,72.56217883664362,55.291527160282385,41.134203012894496,1,2024-09-25
0.00403867571712313,5724.3359375,5608.245947265625,5526.455,0.0057218901295297666,0.21139007589153946,90.78191226564735,58.08545566085377,44.524453542486356,0,2024-09-26
-0.0012532169669905446,5731.4599609375,5615.5564453125,5530.3266015625,0.005753662449739059,-0.11219080065039466,87.34038283547248,59.038113912317385,47.42718561645256,1,2024-09-27
0.004236552581176722,5740.2419921875,5621.26044921875,5535.476201171875,0.005788491944363702,0.135230458660059,87.33471181607362,61.0509634967284,50.151941192507735,0,2024-09-30
-0.009324107094664358,5735.40595703125,5630.251440429687,5538.362998046875,0.00685664352667822,-0.09050484326879404,71.92306414183093,57.64609263804232,51.650771481614655,1,2024-10-01
0.00013839090212397487,5732.86201171875,5639.724951171875,5541.438994140625,0.006714496390021927,-0.04872577126985622,68.24555414268086,54.384546304877404,52.197526446267204,0,2024-10-02
-0.001681413492255035,5723.7759765625,5649.551440429687,5546.8951953125,0.004034621165474552,-0.06048497669134645,62.6947975715292,50.443617070646724,51.84674457114311,1,2024-10-03
0.008970249395274354,5726.35595703125,5666.683935546875,5553.9321875,0.004903215335378057,-0.03281491056164787,67.59830734382625,50.85987550669779,51.64937075825405,0,2024-10-04
-0.009586022165882668,5713.04794921875,5677.928442382812,5558.668984375,0.00583371644443024,0.045522216474104704,57.89007081066216,46.2085787805936,50.56121236272196,1,2024-10-07
0.009689347495581924,5721.52392578125,5690.708935546875,5564.42078125,0.0066180409792476295,-0.06718089829264473,65.53266495729228,46.44042335202903,49.737054560583374,1,2024-10-08
0.007113411987488272,5738.02392578125,5702.604443359375,5571.532783203125,0.006889800975089299,0.07571756939942231,60.50256476002716,49.35632061338674,49.66090777114405,0,2024-10-09
-0.002070122839989974,5754.0458984375,5711.8189453125,5576.687783203125,0.006884328256225478,-0.12096133510851048,60.35704124806523,50.121904379540865,49.75310709282342,1,2024-10-10
0.006051847587953629,5766.837890625,5721.26943359375,5584.054775390625,0.007048696444070286,-2.1815076711173553e-05,62.269088975892835,52.94095671942432,50.390677018143606,1,2024-10-11
0.0077076668832223305,5799.619921875,5732.607446289063,5594.320576171875,0.007287839942503287,-0.06341157844872725,64.9824659290291,58.12170975814297,51.93688356614348,0,2024-10-14
-0.007609466332438197,5812.4458984375,5741.641430664063,5606.899169921875,0.007014679484942405,0.2917793860743698,60.16434665852654,57.96128511352708,53.14176387562021,1,2024-10-15
0.004679145956573816,5822.53193359375,5752.851953125,5618.947978515625,0.007036893605825587,-0.10687201838170901,60.51819544513545,59.345702949429324,54.38255169038204,0,2024-10-16
-0.00017116047891174713,5834.816015625,5759.24345703125,5631.7873828125,0.006957073162168195,0.003685939496370194,61.342174366650546,59.67428441118318,55.44089823454227,1,2024-10-17
0.00397155273894878,5844.74404296875,5767.349462890625,5642.694580078125,0.006609634402565283,-0.030321751948988673,61.247685003552434,61.10236008415268,56.57319060446435,0,2024-10-18
-0.0018227694906369774,5843.57001953125,5774.119970703125,5652.8909765625,0.005455718020343538,0.009637011815118779,67.65795813588443,60.67214074043477,57.39298063165844,0,2024-10-21
-0.0004748538883844189,5850.75810546875,5780.033471679688,5663.027177734375,0.004942760977168952,-0.01905776619381805,67.14098001124928,59.42190465251679,57.79876543583011,0,2024-10-22
-0.009191323428069387,5841.748046875,5783.791479492187,5670.28697265625,0.005615782412954435,0.0570213759096132,60.655858456355276,53.4750379885927,56.934019946382634,1,2024-10-23
0.002145772011323821,5835.4259765625,5787.015966796875,5677.379970703125,0.005592375998956156,0.0029383041059827253,57.0203610411419,49.19876982574715,55.38696992225554,0,2024-10-24
-0.00029944716993013376,5824.116015625,5790.5134765625,5682.67796875,0.005245294720013272,-0.01178369926306011,65.35365294576016,45.148964370731846,53.339368811950806,1,2024-10-25
0.0026514435020339455,5818.0240234375,5793.565478515625,5688.063369140625,0.004614068790206297,0.05426586848238357,61.118785877030746,42.69000399470042,51.20949584850073,1,2024-10-28
0.001614127248163344,5814.36796875,5799.773974609375,5692.556767578125,0.00393124744313073,0.05088207884527862,56.95187609814101,41.02682207514954,49.172961093830494,0,2024-10-29
-0.003300233889343751,5817.61796875,5804.98046875,5696.887763671875,0.0037516459965487555,-0.0072130133278337505,55.57954173433038,37.72060465014329,46.88248980509306,0,2024-10-30
-0.018614700871699585,5796.73603515625,5805.2559814453125,5698.579765625,0.006840610511473678,0.14918776875298612,35.370663231714545,26.067486262030798,42.71948909648061,1,2024-10-31
0.004092509543626166,5780.87197265625,5804.14248046875,5701.742958984375,0.0068530906466137175,-0.14217314479648235,31.440228478172173,18.503131734170893,37.876217624018665,0,2024-11-01
-0.002812083478299976,5758.70595703125,5804.97998046875,5703.304560546875,0.006852256725134375,-0.051203097630681316,34.1990651660782,11.080663945073866,32.517106888229705,1,2024-11-04
0.012265644545291332,5748.67392578125,5806.561474609375,5706.622958984375,0.008287907986939616,0.04615414512806559,41.87454235454682,10.728680413287293,28.159421593241223,1,2024-11-05
0.025295927786425976,5771.74794921875,5813.411474609375,5712.687763671875,0.011223166913572512,0.6796733814362406,58.53992325911619,21.999727317434008,26.92748273807978,1,2024-11-06
0.007431229727488331,5825.2779296875,5823.063989257813,5720.306162109375,0.011338754696350008,-0.2217842399040687,60.16084205979598,34.09437298693683,28.360860787851195,1,2024-11-07
0.0037568333092317108,5878.6259765625,5832.089501953125,5728.377763671875,0.011286701385271889,-0.052580932002095127,62.97956775216621,44.97177591155469,31.683043812591894,1,2024-11-08
0.0009690634297987444,5936.3580078125,5839.164501953125,5735.436767578125,0.01130893389450381,-0.07151459048500663,63.69108625944886,53.44493927693475,36.035422905460464,0,2024-11-11
-0.00289265965137242,5976.6041015625,5847.601025390625,5744.53796875,0.011462155060297418,-0.0206785137318255,68.22229428764915,58.089566047581684,40.44625153388471,1,2024-11-12
0.00023222772482434095,5987.8720703125,5854.746508789062,5753.844169921875,0.011312919998027644,-0.005472027148041625,67.52122004408271,61.177384435010026,44.59247811410978,0,2024-11-13
-0.006049734794859041,5983.08603515625,5860.131494140625,5762.759365234375,0.009137514887273069,-0.008438028709675915,63.17364013301788,60.010893302682234,47.676161151824274,0,2024-11-14
-0.013203489851361216,5958.10205078125,5860.42900390625,5772.003369140625,0.010673965805264966,0.0971163106364572,53.93485488180464,52.147009639289536,48.57033084931733,1,2024-11-15
0.003917814394541086,5936.5560546875,5862.4110107421875,5780.454775390625,0.010512818660670288,-0.13223813755728653,54.95836716981312,47.22633714359017,48.3015321081719,1,2024-11-18
0.003963584828470035,5923.15400390625,5865.7,5788.883974609375,0.010031720605523747,0.01332376137715685,58.382719424403426,44.69638240565109,47.58050216766774,1,2024-11-19
2.195086225209586e-05,5909.5,5871.684497070312,5796.14357421875,0.005966063555821384,-0.0654753352787012,70.82777979045326,42.21522467401064,46.507446668936325,1,2024-11-20
0.0053404615405816536,5909.4080078125,5878.627001953125,5803.202578125,0.005700200174311527,0.12126850835758707,71.29389025686415,42.31101800585566,45.66816093632019,1,2024-11-21
0.003467959094991535,5929.151953125,5886.68798828125,5810.068974609375,0.005677511937431503,-0.02096867228352861,74.63574998054897,43.54958157561123,45.2444450641784,1,2024-11-22
0.003020480305938378,5947.901953125,5894.8804931640625,5817.154580078125,0.005769722880836224,0.3601977099642151,71.82046731736173,45.4619870218512,45.287953455712966,1,2024-11-25
0.005722005647630368,5968.83193359375,5904.315991210938,5824.895576171875,0.005965813326113322,-0.3191784348011326,62.97397596560416,49.17519781139163,46.0654023268487,0,2024-11-26
-0.003801238017440034,5985.1580078125,5913.569506835937,5832.505185546875,0.0061307659527166216,-0.1230271409090079,53.81937625558421,49.69805256816653,46.79193237511227,1,2024-11-27
0.005607785488815242,6001.8919921875,5929.915991210937,5838.87998046875,0.005906114346971614,-0.27321650502179384,55.31050191028287,52.224841753609326,47.87851425081168,1,2024-11-29
0.0024484564662998753,6017.45400390625,5945.83349609375,5845.771982421875,0.002926872939455663,0.8051194148305119,56.43584057438014,54.78760017485456,49.26033143562026,1,2024-12-02
0.0004514491145146682,6029.95595703125,5962.6929931640625,5852.39818359375,0.003006453513825074,-0.07194836452145847,59.655901790902085,56.38887544057616,50.68604023661144,1,2024-12-03
0.006051417924264779,6042.92802734375,5977.8795166015625,5859.469384765625,0.0031774283276192958,-0.02237118437118435,63.430909369219314,59.921311452146256,52.53309447971841,0,2024-12-04
-0.0018697756269248078,6058.201953125,5985.1830078125,5866.52638671875,0.0034111088295458135,0.052113333949477925,67.91058767976557,61.098189704989636,54.24611352477265,1,2024-12-05
0.0024954538421815275,6069.77998046875,5991.04150390625,5873.424384765625,0.003277230493460178,-0.06818343692575057,88.10853031024394,62.53332684377074,55.903556188572274,0,2024-12-06
-0.006144213927296471,6070.92001953125,5993.907006835938,5879.71798828125,0.004196629677214108,0.16093181105933252,76.30944985437559,59.96002653975302,56.714850258808426,0,2024-12-09
-0.002963883313944371,6067.92607421875,5995.585009765625,5885.166591796875,0.004362973100777947,-0.11150103369721232,69.84087604432797,55.82949648522663,56.53777950409207,1,2024-12-10
0.008165786048233592,6067.466015625,6000.594995117188,5892.675390625,0.004722905289541408,0.054722718301753126,74.1208283049299,55.88824358904185,56.40787232108203,0,2024-12-11
-0.005414022527810203,6062.69404296875,6003.888500976563,5899.50958984375,0.00492975686607136,-0.13862925795384018,64.74633732557356,52.6696798278399,55.66023382243361,0,2024-12-12
-2.6466639124200775e-05,6054.8580078125,6008.9844970703125,5906.532587890625,0.0046433923672738325,-0.025299006799872736,62.49197912034453,49.535012794671275,54.435189616881146,1,2024-12-13
0.0037993543260221863,6059.10400390625,6019.157495117188,5912.99279296875,0.004731038033342669,0.22486722306525042,63.0520488501861,48.34855432515633,53.21786255853618,0,2024-12-16
-0.003863994965801476,6062.2439453125,6027.006982421875,5920.08619140625,0.004924221959896064,0.03493429892282118,54.50867306707668,44.995744319337064,51.57343891069636,0,2024-12-17
-0.02949284635160343,6019.83798828125,6024.7659912109375,5922.506796875,0.010147430416520225,0.15457366046869847,36.72999076551997,27.62082259354611,46.782915647266314,0,2024-12-18
-0.0008651123249070469,5983.00400390625,6022.264501953125,5924.00759765625,0.010170657022874523,-0.06672053913123033,31.567031550152237,13.287976575123139,40.08392783283768,1,2024-12-19
0.010869123768910471,5958.9560546875,6021.371508789062,5927.023603515625,0.011021893049932908,0.6792774174576466,38.30877762026867,6.994175964036003,33.465977459077344,1,2024-12-20
0.007287273468533639,5938.95400390625,6021.6080078125,5930.204404296875,0.011354510580384641,-0.563032486057773,42.95276058749463,5.431157365303079,27.859013440322492,1,2024-12-23
0.01104275925539211,5936.8400390625,6024.24150390625,5933.808203125,0.011967054494017573,-0.510831329593018,45.90552712948744,9.4072578539417,24.168662323046334,0,2024-12-24
-0.00040565878647391695,5969.9259765625,6025.039501953125,5938.2548046875,0.011631402331698015,0.6524417996040326,46.63979940510705,12.219773905821967,21.77888463960146,0,2024-12-26
-0.011055736101235558,5990.6779296875,6023.644482421875,5940.822197265625,0.012015561799283753,0.087821437547555,40.208877911701244,8.959269115633106,19.21496153480779,0,2024-12-27
-0.010701995701766776,5985.8958984375,6017.372485351562,5942.131591796875,0.012361943697446167,0.08660562537781558,38.5357473340464,1.2052145304778605,15.613012133941806,0,2024-12-30
